Control ID,Control Key,Type,Section,Title,Applies To,CIS Level,Framework Reference,Agreed Value,Description,Security Rationale,Validate — Debian family,Configure — Debian family,Validate — Red Hat family,Configure — Red Hat family
JR2.C.1.1.0,jr2_c_1_1_0,section,Filesystem Configuration,Filesystem Configuration,debian;redhat,,,,"Directories that are used for system-wide functions can be further protected by placing them on separate partitions. This provides protection for resource exhaustion and enables the use of mounting options that are applicable to the directory's intended use. Users' data can be stored on separate partitions and have stricter mount options. A user partition is a filesystem that has been established for use by the users and does not contain software for system operations.

The recommendations in this section are easier to perform during initial system installation. If the system is already installed, it is recommended that a full backup be performed before repartitioning the system.

**Note:** If you are repartitioning a system that has already been installed (This may require the system to be in single-user mode):
 - Mount the new partition to a temporary mountpoint e.g. `mount /dev/sda2 /mnt`
 - Copy data from the original partition to the new partition. e.g. `cp /var/tmp/* /mnt`
 - Verify that all data is present on the new partition. e.g. `ls -la /mnt`
 - Unmount the new partition. e.g. `umount /mnt`
 - Remove the data from the original directory that was in the old partition. e.g. `rm -Rf /var/tmp/*` Otherwise it will still consume space in the old partition that will be masked when the new filesystem is mounted.
 - Mount the new partition to the desired mountpoint. e.g. `mount /dev/sda2 /var/tmp`
 - Update `/etc/fstab` with the new mountpoint. e.g. `/dev/sda2 /var/tmp xfs defaults,rw,nosuid,nodev,noexec,relatime 0 0`",,,,,
JR2.C.1.1.1,jr2_c_1_1_1,control,Filesystem Configuration,Disable Automounting.,debian;redhat,1,CIS-U22:1.1.9,Automounting should be removed or disabled.,"`autofs` allows automatic mounting of devices, typically including CD/DVDs and USB drives.",With automounting enabled anyone with physical access could attach a USB drive or disc and have its contents available in the filesystem even if they lacked permissions to mount it themselves.,"As a preference `autofs` should not be installed unless other packages depend on it.

Run the following command to verify `autofs` is not installed:

```
# dpkg-query -W -f='${binary:Package}\t${Status}\t${db:Status-Status}\n' autofs

dpkg-query: no packages found matching autofs
```

 _**-OR-**_ if there are dependencies on the autofs package:

Run the following command to verify `autofs` is not enabled:

```
# systemctl is-enabled autofs 2>/dev/null | grep 'enabled'

Nothing should be returned
```","If there are no other packages that depends on `autofs`, remove the package with:

```
# apt purge autofs
```

 _**-OR-**_ if there are dependencies on the autofs package:

Run the following commands to mask `autofs`:

```
# systemctl stop autofs
# systemctl mask autofs
```","# [SABC] Red Hat family guidance — authored from the CIS AlmaLinux 8 Benchmark.
# (CIS AlmaLinux 8 §2.1.1 — Ensure autofs services are not in use)
```
# rpm -q autofs
# systemctl is-enabled autofs.service 2>/dev/null | grep 'enabled'
# systemctl is-active autofs.service 2>/dev/null | grep '^active'
```","# [SABC] Red Hat family guidance — authored from the CIS AlmaLinux 8 Benchmark.
# (CIS AlmaLinux 8 §2.1.1 — Ensure autofs services are not in use)
```
# systemctl stop autofs.service
# dnf remove autofs
# systemctl stop autofs.service
# systemctl mask autofs.service
```"
JR2.C.1.1.2,jr2_c_1_1_2,control,Filesystem Configuration,Disable USB Storage.,debian;redhat,1,CIS-U22:1.1.10,USB-storage module should be disabled.,USB storage provides a means to transfer and store files insuring persistence and availability of the files independent of network connection status. Its popularity and utility has led to USB-based malware being a simple and common means for network infiltration and a first step to establishing a persistent threat within a networked environment.,Restricting USB access on the system will decrease the physical attack surface for a device and diminish the possible vectors to introduce malware.,"Run the following script to verify the `usb-storage` module is disabled:

If the module is available in the running kernel:
- An entry including `/bin/true` or `/bin/false` exists in a file within the `/etc/modprobe.d/` directory
- The module is deny listed in a file within the `/etc/modprobe.d/` directory
- The module is not loaded in the kernel

If available in ANY installed kernel:
 - The module is deny listed in a file within the `/etc/modprobe.d/` directory

If the kernel module is not available on the system:
- No additional configuration is necessary

```
#!/usr/bin/env bash

{
 l_output="""" l_output2="""" l_output3="""" l_dl="""" # Unset output variables
 l_mname=""usb-storage"" # set module name
 l_mtype=""drivers"" # set module type
 l_searchloc=""/lib/modprobe.d/*.conf /usr/local/lib/modprobe.d/*.conf /run/modprobe.d/*.conf /etc/modprobe.d/*.conf""
 l_mpath=""/lib/modules/**/kernel/$l_mtype""
 l_mpname=""$(tr '-' '_' <<< ""$l_mname"")""
 l_mndir=""$(tr '-' '/' <<< ""$l_mname"")""

 module_loadable_chk()
 {
 # Check if the module is currently loadable
 l_loadable=""$(modprobe -n -v ""$l_mname"")""
 [ ""$(wc -l <<< ""$l_loadable"")"" -gt ""1"" ] && l_loadable=""$(grep -P -- ""(^\h*install|\b$l_mname)\b"" <<< ""$l_loadable"")""
 if grep -Pq -- '^\h*install \/bin\/(true|false)' <<< ""$l_loadable""; then
 l_output=""$l_output\n - module: \""$l_mname\"" is not loadable: \""$l_loadable\""""
 else
 l_output2=""$l_output2\n - module: \""$l_mname\"" is loadable: \""$l_loadable\""""
 fi
 }
 module_loaded_chk()
 {
 # Check if the module is currently loaded
 if ! lsmod | grep ""$l_mname"" > /dev/null 2> then
 l_output=""$l_output\n - module: \""$l_mname\"" is not loaded""
 else
 l_output2=""$l_output2\n - module: \""$l_mname\"" is loaded""
 fi
 }
 module_deny_chk()
 {
 # Check if the module is deny listed
 l_dl=""y""
 if modprobe --showconfig | grep -Pq -- '^\h*blacklist\h+'""$l_mpname""'\b'; then
 l_output=""$l_output\n - module: \""$l_mname\"" is deny listed in: \""$(grep -Pls -- ""^\h*blacklist\h+$l_mname\b"" $l_searchloc)\""""
 else
 l_output2=""$l_output2\n - module: \""$l_mname\"" is not deny listed""
 fi
 }
 # Check if the module exists on the system
 for l_mdir in $l_mpath; do
 if [ -d ""$l_mdir/$l_mndir"" ] && [ -n ""$(ls -A $l_mdir/$l_mndir)"" ]; then
 l_output3=""$l_output3\n - \""$l_mdir\""""
 [ ""$l_dl"" != ""y"" ] && module_deny_chk
 if [ ""$l_mdir"" = ""/lib/modules/$(uname -r)/kernel/$l_mtype"" ]; then
 module_loadable_chk
 module_loaded_chk
 fi
 else
 l_output=""$l_output\n - module: \""$l_mname\"" doesn't exist in \""$l_mdir\""""
 fi
 done
 # Report results. If no failures output in l_output2, we pass
 [ -n ""$l_output3"" ] && echo -e ""\n\n -- INFO --\n - module: \""$l_mname\"" exists in:$l_output3""
 if [ -z ""$l_output2"" ]; then
 echo -e ""\n- Audit Result:\n ** PASS **\n$l_output\n""
 else
 echo -e ""\n- Audit Result:\n ** FAIL **\n - Reason(s) for audit failure:\n$l_output2\n""
 [ -n ""$l_output"" ] && echo -e ""\n- Correctly set:\n$l_output\n""
 fi
}
```","Run the following script to disable the `cramfs` module:

If the module is available in the running kernel:
 - Create a file with `install usb-storage /bin/false` in the `/etc/modprobe.d/` directory
 - Create a file with `blacklist usb-storage` in the `/etc/modprobe.d/` directory
 - Unload `usb-storage` from the kernel

If available in ANY installed kernel:
 - Create a file with `blacklist usb-storage` in the `/etc/modprobe.d/` directory

If the kernel module is not available on the system:
- No remediation is necessary

```
#!/usr/bin/env bash

{
 l_mname=""usb-storage"" # set module name
 l_mtype=""drivers"" # set module type
 l_mpath=""/lib/modules/**/kernel/$l_mtype""
 l_mpname=""$(tr '-' '_' <<< ""$l_mname"")""
 l_mndir=""$(tr '-' '/' <<< ""$l_mname"")""

 module_loadable_fix()
 {
 # If the module is currently loadable, add ""install {MODULE_NAME} /bin/false"" to a file in ""/etc/modprobe.d""
 l_loadable=""$(modprobe -n -v ""$l_mname"")""
 [ ""$(wc -l <<< ""$l_loadable"")"" -gt ""1"" ] && l_loadable=""$(grep -P -- ""(^\h*install|\b$l_mname)\b"" <<< ""$l_loadable"")""
 if ! grep -Pq -- '^\h*install \/bin\/(true|false)' <<< ""$l_loadable""; then
 echo -e ""\n - setting module: \""$l_mname\"" to be not loadable""
 echo -e ""install $l_mname /bin/false"" >> /etc/modprobe.d/""$l_mpname"".conf
 fi
 }
 module_loaded_fix()
 {
 # If the module is currently loaded, unload the module
 if lsmod | grep ""$l_mname"" > /dev/null 2> then
 echo -e ""\n - unloading module \""$l_mname\""""
 modprobe -r ""$l_mname""
 fi
 }
 module_deny_fix()
 {
 # If the module isn't deny listed, denylist the module
 if ! modprobe --showconfig | grep -Pq -- ""^\h*blacklist\h+$l_mpname\b""; then
 echo -e ""\n - deny listing \""$l_mname\""""
 echo -e ""blacklist $l_mname"" >> /etc/modprobe.d/""$l_mpname"".conf
 fi
 }
 # Check if the module exists on the system
 for l_mdir in $l_mpath; do
 if [ -d ""$l_mdir/$l_mndir"" ] && [ -n ""$(ls -A $l_mdir/$l_mndir)"" ]; then
 echo -e ""\n - module: \""$l_mname\"" exists in \""$l_mdir\""\n - checking if disabled...""
 module_deny_fix
 if [ ""$l_mdir"" = ""/lib/modules/$(uname -r)/kernel/$l_mtype"" ]; then
 module_loadable_fix
 module_loaded_fix
 fi
 else
 echo -e ""\n - module: \""$l_mname\"" doesn't exist in \""$l_mdir\""\n""
 fi
 done
 echo -e ""\n - remediation of module: \""$l_mname\"" complete\n""
}
```","# [SABC] Red Hat family guidance — family-neutral procedure; the Debian commands (sysctl/systemctl/file/pam checks) run identically on the Red Hat family.
Run the following script to verify the `usb-storage` module is disabled:

If the module is available in the running kernel:
- An entry including `/bin/true` or `/bin/false` exists in a file within the `/etc/modprobe.d/` directory
- The module is deny listed in a file within the `/etc/modprobe.d/` directory
- The module is not loaded in the kernel

If available in ANY installed kernel:
 - The module is deny listed in a file within the `/etc/modprobe.d/` directory

If the kernel module is not available on the system:
- No additional configuration is necessary

```
#!/usr/bin/env bash

{
 l_output="""" l_output2="""" l_output3="""" l_dl="""" # Unset output variables
 l_mname=""usb-storage"" # set module name
 l_mtype=""drivers"" # set module type
 l_searchloc=""/lib/modprobe.d/*.conf /usr/local/lib/modprobe.d/*.conf /run/modprobe.d/*.conf /etc/modprobe.d/*.conf""
 l_mpath=""/lib/modules/**/kernel/$l_mtype""
 l_mpname=""$(tr '-' '_' <<< ""$l_mname"")""
 l_mndir=""$(tr '-' '/' <<< ""$l_mname"")""

 module_loadable_chk()
 {
 # Check if the module is currently loadable
 l_loadable=""$(modprobe -n -v ""$l_mname"")""
 [ ""$(wc -l <<< ""$l_loadable"")"" -gt ""1"" ] && l_loadable=""$(grep -P -- ""(^\h*install|\b$l_mname)\b"" <<< ""$l_loadable"")""
 if grep -Pq -- '^\h*install \/bin\/(true|false)' <<< ""$l_loadable""; then
 l_output=""$l_output\n - module: \""$l_mname\"" is not loadable: \""$l_loadable\""""
 else
 l_output2=""$l_output2\n - module: \""$l_mname\"" is loadable: \""$l_loadable\""""
 fi
 }
 module_loaded_chk()
 {
 # Check if the module is currently loaded
 if ! lsmod | grep ""$l_mname"" > /dev/null 2> then
 l_output=""$l_output\n - module: \""$l_mname\"" is not loaded""
 else
 l_output2=""$l_output2\n - module: \""$l_mname\"" is loaded""
 fi
 }
 module_deny_chk()
 {
 # Check if the module is deny listed
 l_dl=""y""
 if modprobe --showconfig | grep -Pq -- '^\h*blacklist\h+'""$l_mpname""'\b'; then
 l_output=""$l_output\n - module: \""$l_mname\"" is deny listed in: \""$(grep -Pls -- ""^\h*blacklist\h+$l_mname\b"" $l_searchloc)\""""
 else
 l_output2=""$l_output2\n - module: \""$l_mname\"" is not deny listed""
 fi
 }
 # Check if the module exists on the system
 for l_mdir in $l_mpath; do
 if [ -d ""$l_mdir/$l_mndir"" ] && [ -n ""$(ls -A $l_mdir/$l_mndir)"" ]; then
 l_output3=""$l_output3\n - \""$l_mdir\""""
 [ ""$l_dl"" != ""y"" ] && module_deny_chk
 if [ ""$l_mdir"" = ""/lib/modules/$(uname -r)/kernel/$l_mtype"" ]; then
 module_loadable_chk
 module_loaded_chk
 fi
 else
 l_output=""$l_output\n - module: \""$l_mname\"" doesn't exist in \""$l_mdir\""""
 fi
 done
 # Report results. If no failures output in l_output2, we pass
 [ -n ""$l_output3"" ] && echo -e ""\n\n -- INFO --\n - module: \""$l_mname\"" exists in:$l_output3""
 if [ -z ""$l_output2"" ]; then
 echo -e ""\n- Audit Result:\n ** PASS **\n$l_output\n""
 else
 echo -e ""\n- Audit Result:\n ** FAIL **\n - Reason(s) for audit failure:\n$l_output2\n""
 [ -n ""$l_output"" ] && echo -e ""\n- Correctly set:\n$l_output\n""
 fi
}
```","# [SABC] Red Hat family guidance — family-neutral procedure; the Debian commands (sysctl/systemctl/file/pam checks) run identically on the Red Hat family.
Run the following script to disable the `cramfs` module:

If the module is available in the running kernel:
 - Create a file with `install usb-storage /bin/false` in the `/etc/modprobe.d/` directory
 - Create a file with `blacklist usb-storage` in the `/etc/modprobe.d/` directory
 - Unload `usb-storage` from the kernel

If available in ANY installed kernel:
 - Create a file with `blacklist usb-storage` in the `/etc/modprobe.d/` directory

If the kernel module is not available on the system:
- No remediation is necessary

```
#!/usr/bin/env bash

{
 l_mname=""usb-storage"" # set module name
 l_mtype=""drivers"" # set module type
 l_mpath=""/lib/modules/**/kernel/$l_mtype""
 l_mpname=""$(tr '-' '_' <<< ""$l_mname"")""
 l_mndir=""$(tr '-' '/' <<< ""$l_mname"")""

 module_loadable_fix()
 {
 # If the module is currently loadable, add ""install {MODULE_NAME} /bin/false"" to a file in ""/etc/modprobe.d""
 l_loadable=""$(modprobe -n -v ""$l_mname"")""
 [ ""$(wc -l <<< ""$l_loadable"")"" -gt ""1"" ] && l_loadable=""$(grep -P -- ""(^\h*install|\b$l_mname)\b"" <<< ""$l_loadable"")""
 if ! grep -Pq -- '^\h*install \/bin\/(true|false)' <<< ""$l_loadable""; then
 echo -e ""\n - setting module: \""$l_mname\"" to be not loadable""
 echo -e ""install $l_mname /bin/false"" >> /etc/modprobe.d/""$l_mpname"".conf
 fi
 }
 module_loaded_fix()
 {
 # If the module is currently loaded, unload the module
 if lsmod | grep ""$l_mname"" > /dev/null 2> then
 echo -e ""\n - unloading module \""$l_mname\""""
 modprobe -r ""$l_mname""
 fi
 }
 module_deny_fix()
 {
 # If the module isn't deny listed, denylist the module
 if ! modprobe --showconfig | grep -Pq -- ""^\h*blacklist\h+$l_mpname\b""; then
 echo -e ""\n - deny listing \""$l_mname\""""
 echo -e ""blacklist $l_mname"" >> /etc/modprobe.d/""$l_mpname"".conf
 fi
 }
 # Check if the module exists on the system
 for l_mdir in $l_mpath; do
 if [ -d ""$l_mdir/$l_mndir"" ] && [ -n ""$(ls -A $l_mdir/$l_mndir)"" ]; then
 echo -e ""\n - module: \""$l_mname\"" exists in \""$l_mdir\""\n - checking if disabled...""
 module_deny_fix
 if [ ""$l_mdir"" = ""/lib/modules/$(uname -r)/kernel/$l_mtype"" ]; then
 module_loadable_fix
 module_loaded_fix
 fi
 else
 echo -e ""\n - module: \""$l_mname\"" doesn't exist in \""$l_mdir\""\n""
 fi
 done
 echo -e ""\n - remediation of module: \""$l_mname\"" complete\n""
}
```"
JR2.C.1.1.1.0,jr2_c_1_1_1_0,section,Filesystem Configuration,Disable unused filesystems.,debian;redhat,,,,"A number of uncommon filesystem types are supported under Linux. Removing support for unneeded filesystem types reduces the local attack surface of the system. If a filesystem type is not needed it should be disabled. Native Linux file systems are designed to ensure that built-in security controls function as expected. Non-native filesystems can lead to unexpected consequences to both the security and functionality of the system and should be used with caution. Many filesystems are created for niche use cases and are not maintained and supported as the operating systems are updated and patched. Users of non-native filesystems should ensure that there is attention and ongoing support for them, especially in light of frequent operating system changes.

Standard network connectivity and Internet access to cloud storage may make the use of non-standard filesystem formats to directly attach heterogeneous devices much less attractive.

**Note**: This should not be considered a comprehensive list of filesystems. You may wish to consider additions to those listed here for your environment. For the current available file system modules on the system see `/usr/lib/modules/$(uname -r)/kernel/fs`

#### Start up scripts

Kernel modules loaded directly via `insmod` will ignore what is configured in the relevant `/etc/modprobe.d/*.conf` files. If modules are still being loaded after a reboot whilst having the correctly configured `blacklist` and `install` command, check for `insmod` entries in start up scripts such as `.bashrc`.

You may also want to check `/lib/modprobe.d/`. Please note that this directory should not be used for user defined module loading. Ensure that all such entries resides in `/etc/modprobe.d/*.conf` files.

#### Return values

By using `/bin/false` as the command in disabling a particular module serves two purposes; to convey the meaning of the entry to the user and cause a non-zero return value. The latter can be tested for in scripts. Please note that `insmod` will ignore what is configured in the relevant `/etc/modprobe.d/*.conf` files. The preferred way to load modules is with `modprobe`.",,,,,
JR2.C.1.1.1.1,jr2_c_1_1_1_1,control,Disable unused filesystems,Ensure mounting of cramfs filesystems is disabled.,debian;redhat,1,CIS-U22:1.1.1.1,Disable filesystem type.,The `cramfs` filesystem type is a compressed read-only Linux filesystem embedded in small footprint systems. A `cramfs` image can be used without having to first decompress the image.,"Removing support for unneeded filesystem types reduces the local attack surface of the system. If this filesystem type is not needed, disable it.","Run the following script to verify the `cramfs` module is disabled:

If the module is available in the running kernel:
- An entry including `/bin/true` or `/bin/false` exists in a file within the `/etc/modprobe.d/` directory
- The module is deny listed in a file within the `/etc/modprobe.d/` directory
- The module is not loaded in the kernel

If available in ANY installed kernel:
 - The module is deny listed in a file within the `/etc/modprobe.d/` directory

If the kernel module is not available on the system, or pre-compiled into the kernel:
- No additional configuration is necessary

```
#!/usr/bin/env bash

{
 l_output="""" l_output2="""" l_output3="""" l_dl="""" # Unset output variables
 l_mname=""cramfs"" # set module name
 l_mtype=""fs"" # set module type
 l_searchloc=""/lib/modprobe.d/*.conf /usr/local/lib/modprobe.d/*.conf /run/modprobe.d/*.conf /etc/modprobe.d/*.conf""
 l_mpath=""/lib/modules/**/kernel/$l_mtype""
 l_mpname=""$(tr '-' '_' <<< ""$l_mname"")""
 l_mndir=""$(tr '-' '/' <<< ""$l_mname"")""

 module_loadable_chk()
 {
 # Check if the module is currently loadable
 l_loadable=""$(modprobe -n -v ""$l_mname"")""
 [ ""$(wc -l <<< ""$l_loadable"")"" -gt ""1"" ] && l_loadable=""$(grep -P -- ""(^\h*install|\b$l_mname)\b"" <<< ""$l_loadable"")""
 if grep -Pq -- '^\h*install \/bin\/(true|false)' <<< ""$l_loadable""; then
 l_output=""$l_output\n - module: \""$l_mname\"" is not loadable: \""$l_loadable\""""
 else
 l_output2=""$l_output2\n - module: \""$l_mname\"" is loadable: \""$l_loadable\""""
 fi
 }
 module_loaded_chk()
 {
 # Check if the module is currently loaded
 if ! lsmod | grep ""$l_mname"" > /dev/null 2>&1; then
 l_output=""$l_output\n - module: \""$l_mname\"" is not loaded""
 else
 l_output2=""$l_output2\n - module: \""$l_mname\"" is loaded""
 fi
 }
 module_deny_chk()
 {
 # Check if the module is deny listed
 l_dl=""y""
 if modprobe --showconfig | grep -Pq -- '^\h*blacklist\h+'""$l_mpname""'\b'; then
 l_output=""$l_output\n - module: \""$l_mname\"" is deny listed in: \""$(grep -Pls -- ""^\h*blacklist\h+$l_mname\b"" $l_searchloc)\""""
 else
 l_output2=""$l_output2\n - module: \""$l_mname\"" is not deny listed""
 fi
 }
 # Check if the module exists on the system
 for l_mdir in $l_mpath; do
 if [ -d ""$l_mdir/$l_mndir"" ] && [ -n ""$(ls -A $l_mdir/$l_mndir)"" ]; then
 l_output3=""$l_output3\n - \""$l_mdir\""""
 [ ""$l_dl"" != ""y"" ] && module_deny_chk
 if [ ""$l_mdir"" = ""/lib/modules/$(uname -r)/kernel/$l_mtype"" ]; then
 module_loadable_chk
 module_loaded_chk
 fi
 else
 l_output=""$l_output\n - module: \""$l_mname\"" doesn't exist in \""$l_mdir\""""
 fi
 done
 # Report results. If no failures output in l_output2, we pass
 [ -n ""$l_output3"" ] && echo -e ""\n\n -- INFO --\n - module: \""$l_mname\"" exists in:$l_output3""
 if [ -z ""$l_output2"" ]; then
 echo -e ""\n- Audit Result:\n ** PASS **\n$l_output\n""
 else
 echo -e ""\n- Audit Result:\n ** FAIL **\n - Reason(s) for audit failure:\n$l_output2\n""
 [ -n ""$l_output"" ] && echo -e ""\n- Correctly set:\n$l_output\n""
 fi
}
```","Run the following script to disable the `cramfs` module:

If the module is available in the running kernel:
 - Create a file with `install cramfs /bin/false` in the `/etc/modprobe.d/` directory
 - Create a file with `blacklist cramfs` in the `/etc/modprobe.d/` directory
 - Unload `cramfs` from the kernel

If available in ANY installed kernel:
 - Create a file with `blacklist cramfs` in the `/etc/modprobe.d/` directory

If the kernel module is not available on the system or pre-compiled into the kernel:
- No remediation is necessary

```
#!/usr/bin/env bash

{
 l_mname=""cramfs"" # set module name
 l_mtype=""fs"" # set module type
 l_mpath=""/lib/modules/**/kernel/$l_mtype""
 l_mpname=""$(tr '-' '_' <<< ""$l_mname"")""
 l_mndir=""$(tr '-' '/' <<< ""$l_mname"")""

 module_loadable_fix()
 {
 # If the module is currently loadable, add ""install {MODULE_NAME} /bin/false"" to a file in ""/etc/modprobe.d""
 l_loadable=""$(modprobe -n -v ""$l_mname"")""
 [ ""$(wc -l <<< ""$l_loadable"")"" -gt ""1"" ] && l_loadable=""$(grep -P -- ""(^\h*install|\b$l_mname)\b"" <<< ""$l_loadable"")""
 if ! grep -Pq -- '^\h*install \/bin\/(true|false)' <<< ""$l_loadable""; then
 echo -e ""\n - setting module: \""$l_mname\"" to be not loadable""
 echo -e ""install $l_mname /bin/false"" >> /etc/modprobe.d/""$l_mpname"".conf
 fi
 }
 module_loaded_fix()
 {
 # If the module is currently loaded, unload the module
 if lsmod | grep ""$l_mname"" > /dev/null 2>&1; then
 echo -e ""\n - unloading module \""$l_mname\""""
 modprobe -r ""$l_mname""
 fi
 }
 module_deny_fix()
 {
 # If the module isn't deny listed, denylist the module
 if ! modprobe --showconfig | grep -Pq -- ""^\h*blacklist\h+$l_mpname\b""; then
 echo -e ""\n - deny listing \""$l_mname\""""
 echo -e ""blacklist $l_mname"" >> /etc/modprobe.d/""$l_mpname"".conf
 fi
 }
 # Check if the module exists on the system
 for l_mdir in $l_mpath; do
 if [ -d ""$l_mdir/$l_mndir"" ] && [ -n ""$(ls -A $l_mdir/$l_mndir)"" ]; then
 echo -e ""\n - module: \""$l_mname\"" exists in \""$l_mdir\""\n - checking if disabled...""
 module_deny_fix
 if [ ""$l_mdir"" = ""/lib/modules/$(uname -r)/kernel/$l_mtype"" ]; then
 module_loadable_fix
 module_loaded_fix
 fi
 else
 echo -e ""\n - module: \""$l_mname\"" doesn't exist in \""$l_mdir\""\n""
 fi
 done
 echo -e ""\n - remediation of module: \""$l_mname\"" complete\n""
}
```","# [SABC] Red Hat family guidance — family-neutral procedure; the Debian commands (sysctl/systemctl/file/pam checks) run identically on the Red Hat family.
Run the following script to verify the `cramfs` module is disabled:

If the module is available in the running kernel:
- An entry including `/bin/true` or `/bin/false` exists in a file within the `/etc/modprobe.d/` directory
- The module is deny listed in a file within the `/etc/modprobe.d/` directory
- The module is not loaded in the kernel

If available in ANY installed kernel:
 - The module is deny listed in a file within the `/etc/modprobe.d/` directory

If the kernel module is not available on the system, or pre-compiled into the kernel:
- No additional configuration is necessary

```
#!/usr/bin/env bash

{
 l_output="""" l_output2="""" l_output3="""" l_dl="""" # Unset output variables
 l_mname=""cramfs"" # set module name
 l_mtype=""fs"" # set module type
 l_searchloc=""/lib/modprobe.d/*.conf /usr/local/lib/modprobe.d/*.conf /run/modprobe.d/*.conf /etc/modprobe.d/*.conf""
 l_mpath=""/lib/modules/**/kernel/$l_mtype""
 l_mpname=""$(tr '-' '_' <<< ""$l_mname"")""
 l_mndir=""$(tr '-' '/' <<< ""$l_mname"")""

 module_loadable_chk()
 {
 # Check if the module is currently loadable
 l_loadable=""$(modprobe -n -v ""$l_mname"")""
 [ ""$(wc -l <<< ""$l_loadable"")"" -gt ""1"" ] && l_loadable=""$(grep -P -- ""(^\h*install|\b$l_mname)\b"" <<< ""$l_loadable"")""
 if grep -Pq -- '^\h*install \/bin\/(true|false)' <<< ""$l_loadable""; then
 l_output=""$l_output\n - module: \""$l_mname\"" is not loadable: \""$l_loadable\""""
 else
 l_output2=""$l_output2\n - module: \""$l_mname\"" is loadable: \""$l_loadable\""""
 fi
 }
 module_loaded_chk()
 {
 # Check if the module is currently loaded
 if ! lsmod | grep ""$l_mname"" > /dev/null 2>&1; then
 l_output=""$l_output\n - module: \""$l_mname\"" is not loaded""
 else
 l_output2=""$l_output2\n - module: \""$l_mname\"" is loaded""
 fi
 }
 module_deny_chk()
 {
 # Check if the module is deny listed
 l_dl=""y""
 if modprobe --showconfig | grep -Pq -- '^\h*blacklist\h+'""$l_mpname""'\b'; then
 l_output=""$l_output\n - module: \""$l_mname\"" is deny listed in: \""$(grep -Pls -- ""^\h*blacklist\h+$l_mname\b"" $l_searchloc)\""""
 else
 l_output2=""$l_output2\n - module: \""$l_mname\"" is not deny listed""
 fi
 }
 # Check if the module exists on the system
 for l_mdir in $l_mpath; do
 if [ -d ""$l_mdir/$l_mndir"" ] && [ -n ""$(ls -A $l_mdir/$l_mndir)"" ]; then
 l_output3=""$l_output3\n - \""$l_mdir\""""
 [ ""$l_dl"" != ""y"" ] && module_deny_chk
 if [ ""$l_mdir"" = ""/lib/modules/$(uname -r)/kernel/$l_mtype"" ]; then
 module_loadable_chk
 module_loaded_chk
 fi
 else
 l_output=""$l_output\n - module: \""$l_mname\"" doesn't exist in \""$l_mdir\""""
 fi
 done
 # Report results. If no failures output in l_output2, we pass
 [ -n ""$l_output3"" ] && echo -e ""\n\n -- INFO --\n - module: \""$l_mname\"" exists in:$l_output3""
 if [ -z ""$l_output2"" ]; then
 echo -e ""\n- Audit Result:\n ** PASS **\n$l_output\n""
 else
 echo -e ""\n- Audit Result:\n ** FAIL **\n - Reason(s) for audit failure:\n$l_output2\n""
 [ -n ""$l_output"" ] && echo -e ""\n- Correctly set:\n$l_output\n""
 fi
}
```","# [SABC] Red Hat family guidance — family-neutral procedure; the Debian commands (sysctl/systemctl/file/pam checks) run identically on the Red Hat family.
Run the following script to disable the `cramfs` module:

If the module is available in the running kernel:
 - Create a file with `install cramfs /bin/false` in the `/etc/modprobe.d/` directory
 - Create a file with `blacklist cramfs` in the `/etc/modprobe.d/` directory
 - Unload `cramfs` from the kernel

If available in ANY installed kernel:
 - Create a file with `blacklist cramfs` in the `/etc/modprobe.d/` directory

If the kernel module is not available on the system or pre-compiled into the kernel:
- No remediation is necessary

```
#!/usr/bin/env bash

{
 l_mname=""cramfs"" # set module name
 l_mtype=""fs"" # set module type
 l_mpath=""/lib/modules/**/kernel/$l_mtype""
 l_mpname=""$(tr '-' '_' <<< ""$l_mname"")""
 l_mndir=""$(tr '-' '/' <<< ""$l_mname"")""

 module_loadable_fix()
 {
 # If the module is currently loadable, add ""install {MODULE_NAME} /bin/false"" to a file in ""/etc/modprobe.d""
 l_loadable=""$(modprobe -n -v ""$l_mname"")""
 [ ""$(wc -l <<< ""$l_loadable"")"" -gt ""1"" ] && l_loadable=""$(grep -P -- ""(^\h*install|\b$l_mname)\b"" <<< ""$l_loadable"")""
 if ! grep -Pq -- '^\h*install \/bin\/(true|false)' <<< ""$l_loadable""; then
 echo -e ""\n - setting module: \""$l_mname\"" to be not loadable""
 echo -e ""install $l_mname /bin/false"" >> /etc/modprobe.d/""$l_mpname"".conf
 fi
 }
 module_loaded_fix()
 {
 # If the module is currently loaded, unload the module
 if lsmod | grep ""$l_mname"" > /dev/null 2>&1; then
 echo -e ""\n - unloading module \""$l_mname\""""
 modprobe -r ""$l_mname""
 fi
 }
 module_deny_fix()
 {
 # If the module isn't deny listed, denylist the module
 if ! modprobe --showconfig | grep -Pq -- ""^\h*blacklist\h+$l_mpname\b""; then
 echo -e ""\n - deny listing \""$l_mname\""""
 echo -e ""blacklist $l_mname"" >> /etc/modprobe.d/""$l_mpname"".conf
 fi
 }
 # Check if the module exists on the system
 for l_mdir in $l_mpath; do
 if [ -d ""$l_mdir/$l_mndir"" ] && [ -n ""$(ls -A $l_mdir/$l_mndir)"" ]; then
 echo -e ""\n - module: \""$l_mname\"" exists in \""$l_mdir\""\n - checking if disabled...""
 module_deny_fix
 if [ ""$l_mdir"" = ""/lib/modules/$(uname -r)/kernel/$l_mtype"" ]; then
 module_loadable_fix
 module_loaded_fix
 fi
 else
 echo -e ""\n - module: \""$l_mname\"" doesn't exist in \""$l_mdir\""\n""
 fi
 done
 echo -e ""\n - remediation of module: \""$l_mname\"" complete\n""
}
```"
JR2.C.1.1.1.2,jr2_c_1_1_1_2,control,Disable unused filesystems,Ensure mounting of freevxfs filesystems is disabled.,debian;redhat,1,CIS-U22:1.1.1.2,Disable filesystem type.,The `freevxfs` filesystem type is a free version of the Veritas type filesystem. This is the primary filesystem type for HP-UX operating systems.,"Removing support for unneeded filesystem types reduces the local attack surface of the system. If this filesystem type is not needed, disable it.","Run the following script to verify the `freevxfs` module is disabled:

If the module is available in the running kernel:
- An entry including `/bin/true` or `/bin/false` exists in a file within the `/etc/modprobe.d/` directory
- The module is deny listed in a file within the `/etc/modprobe.d/` directory
- The module is not loaded in the kernel

If available in ANY installed kernel:
 - The module is deny listed in a file within the `/etc/modprobe.d/` directory

If the kernel module is not available on the system, or pre-compiled into the kernel:
- No additional configuration is necessary

```
#!/usr/bin/env bash

{
 l_output="""" l_output2="""" l_output3="""" l_dl="""" # Unset output variables
 l_mname=""freevxfs"" # set module name
 l_mtype=""fs"" # set module type
 l_searchloc=""/lib/modprobe.d/*.conf /usr/local/lib/modprobe.d/*.conf /run/modprobe.d/*.conf /etc/modprobe.d/*.conf""
 l_mpath=""/lib/modules/**/kernel/$l_mtype""
 l_mpname=""$(tr '-' '_' <<< ""$l_mname"")""
 l_mndir=""$(tr '-' '/' <<< ""$l_mname"")""
 module_loadable_chk()
 {
 # Check if the module is currently loadable
 l_loadable=""$(modprobe -n -v ""$l_mname"")""
 [ ""$(wc -l <<< ""$l_loadable"")"" -gt ""1"" ] && l_loadable=""$(grep -P -- ""(^\h*install|\b$l_mname)\b"" <<< ""$l_loadable"")""
 if grep -Pq -- '^\h*install \/bin\/(true|false)' <<< ""$l_loadable""; then
 l_output=""$l_output\n - module: \""$l_mname\"" is not loadable: \""$l_loadable\""""
 else
 l_output2=""$l_output2\n - module: \""$l_mname\"" is loadable: \""$l_loadable\""""
 fi
 }
 module_loaded_chk()
 {
 # Check if the module is currently loaded
 if ! lsmod | grep ""$l_mname"" > /dev/null 2>&1; then
 l_output=""$l_output\n - module: \""$l_mname\"" is not loaded""
 else
 l_output2=""$l_output2\n - module: \""$l_mname\"" is loaded""
 fi
 }
 module_deny_chk()
 {
 # Check if the module is deny listed
 l_dl=""y""
 if modprobe --showconfig | grep -Pq -- '^\h*blacklist\h+'""$l_mpname""'\b'; then
 l_output=""$l_output\n - module: \""$l_mname\"" is deny listed in: \""$(grep -Pls -- ""^\h*blacklist\h+$l_mname\b"" $l_searchloc)\""""
 else
 l_output2=""$l_output2\n - module: \""$l_mname\"" is not deny listed""
 fi
 }
 # Check if the module exists on the system
 for l_mdir in $l_mpath; do
 if [ -d ""$l_mdir/$l_mndir"" ] && [ -n ""$(ls -A $l_mdir/$l_mndir)"" ]; then
 l_output3=""$l_output3\n - \""$l_mdir\""""
 [ ""$l_dl"" != ""y"" ] && module_deny_chk
 if [ ""$l_mdir"" = ""/lib/modules/$(uname -r)/kernel/$l_mtype"" ]; then
 module_loadable_chk
 module_loaded_chk
 fi
 else
 l_output=""$l_output\n - module: \""$l_mname\"" doesn't exist in \""$l_mdir\""""
 fi
 done
 # Report results. If no failures output in l_output2, we pass
 [ -n ""$l_output3"" ] && echo -e ""\n\n -- INFO --\n - module: \""$l_mname\"" exists in:$l_output3""
 if [ -z ""$l_output2"" ]; then
 echo -e ""\n- Audit Result:\n ** PASS **\n$l_output\n""
 else
 echo -e ""\n- Audit Result:\n ** FAIL **\n - Reason(s) for audit failure:\n$l_output2\n""
 [ -n ""$l_output"" ] && echo -e ""\n- Correctly set:\n$l_output\n""
 fi
}
```","Run the following script to disable the `freevxfs` module:

If the module is available in the running kernel:
 - Create a file with `install freevxfs /bin/false` in the `/etc/modprobe.d/` directory
 - Create a file with `blacklist freevxfs` in the `/etc/modprobe.d/` directory
 - Unload `freevxfs` from the kernel

If available in ANY installed kernel:
 - Create a file with `blacklist freevxfs` in the `/etc/modprobe.d/` directory

If the kernel module is not available on the system or pre-compiled into the kernel:
- No remediation is necessary

```
#!/usr/bin/env bash

{
 l_mname=""freevxfs"" # set module name
 l_mtype=""fs"" # set module type
 l_mpath=""/lib/modules/**/kernel/$l_mtype""
 l_mpname=""$(tr '-' '_' <<< ""$l_mname"")""
 l_mndir=""$(tr '-' '/' <<< ""$l_mname"")""

 module_loadable_fix()
 {
 # If the module is currently loadable, add ""install {MODULE_NAME} /bin/false"" to a file in ""/etc/modprobe.d""
 l_loadable=""$(modprobe -n -v ""$l_mname"")""
 [ ""$(wc -l <<< ""$l_loadable"")"" -gt ""1"" ] && l_loadable=""$(grep -P -- ""(^\h*install|\b$l_mname)\b"" <<< ""$l_loadable"")""
 if ! grep -Pq -- '^\h*install \/bin\/(true|false)' <<< ""$l_loadable""; then
 echo -e ""\n - setting module: \""$l_mname\"" to be not loadable""
 echo -e ""install $l_mname /bin/false"" >> /etc/modprobe.d/""$l_mpname"".conf
 fi
 }
 module_loaded_fix()
 {
 # If the module is currently loaded, unload the module
 if lsmod | grep ""$l_mname"" > /dev/null 2>&1; then
 echo -e ""\n - unloading module \""$l_mname\""""
 modprobe -r ""$l_mname""
 fi
 }
 module_deny_fix()
 {
 # If the module isn't deny listed, denylist the module
 if ! modprobe --showconfig | grep -Pq -- ""^\h*blacklist\h+$l_mpname\b""; then
 echo -e ""\n - deny listing \""$l_mname\""""
 echo -e ""blacklist $l_mname"" >> /etc/modprobe.d/""$l_mpname"".conf
 fi
 }
 # Check if the module exists on the system
 for l_mdir in $l_mpath; do
 if [ -d ""$l_mdir/$l_mndir"" ] && [ -n ""$(ls -A $l_mdir/$l_mndir)"" ]; then
 echo -e ""\n - module: \""$l_mname\"" exists in \""$l_mdir\""\n - checking if disabled...""
 module_deny_fix
 if [ ""$l_mdir"" = ""/lib/modules/$(uname -r)/kernel/$l_mtype"" ]; then
 module_loadable_fix
 module_loaded_fix
 fi
 else
 echo -e ""\n - module: \""$l_mname\"" doesn't exist in \""$l_mdir\""\n""
 fi
 done
 echo -e ""\n - remediation of module: \""$l_mname\"" complete\n""
}
```","# [SABC] Red Hat family guidance — family-neutral procedure; the Debian commands (sysctl/systemctl/file/pam checks) run identically on the Red Hat family.
Run the following script to verify the `freevxfs` module is disabled:

If the module is available in the running kernel:
- An entry including `/bin/true` or `/bin/false` exists in a file within the `/etc/modprobe.d/` directory
- The module is deny listed in a file within the `/etc/modprobe.d/` directory
- The module is not loaded in the kernel

If available in ANY installed kernel:
 - The module is deny listed in a file within the `/etc/modprobe.d/` directory

If the kernel module is not available on the system, or pre-compiled into the kernel:
- No additional configuration is necessary

```
#!/usr/bin/env bash

{
 l_output="""" l_output2="""" l_output3="""" l_dl="""" # Unset output variables
 l_mname=""freevxfs"" # set module name
 l_mtype=""fs"" # set module type
 l_searchloc=""/lib/modprobe.d/*.conf /usr/local/lib/modprobe.d/*.conf /run/modprobe.d/*.conf /etc/modprobe.d/*.conf""
 l_mpath=""/lib/modules/**/kernel/$l_mtype""
 l_mpname=""$(tr '-' '_' <<< ""$l_mname"")""
 l_mndir=""$(tr '-' '/' <<< ""$l_mname"")""
 module_loadable_chk()
 {
 # Check if the module is currently loadable
 l_loadable=""$(modprobe -n -v ""$l_mname"")""
 [ ""$(wc -l <<< ""$l_loadable"")"" -gt ""1"" ] && l_loadable=""$(grep -P -- ""(^\h*install|\b$l_mname)\b"" <<< ""$l_loadable"")""
 if grep -Pq -- '^\h*install \/bin\/(true|false)' <<< ""$l_loadable""; then
 l_output=""$l_output\n - module: \""$l_mname\"" is not loadable: \""$l_loadable\""""
 else
 l_output2=""$l_output2\n - module: \""$l_mname\"" is loadable: \""$l_loadable\""""
 fi
 }
 module_loaded_chk()
 {
 # Check if the module is currently loaded
 if ! lsmod | grep ""$l_mname"" > /dev/null 2>&1; then
 l_output=""$l_output\n - module: \""$l_mname\"" is not loaded""
 else
 l_output2=""$l_output2\n - module: \""$l_mname\"" is loaded""
 fi
 }
 module_deny_chk()
 {
 # Check if the module is deny listed
 l_dl=""y""
 if modprobe --showconfig | grep -Pq -- '^\h*blacklist\h+'""$l_mpname""'\b'; then
 l_output=""$l_output\n - module: \""$l_mname\"" is deny listed in: \""$(grep -Pls -- ""^\h*blacklist\h+$l_mname\b"" $l_searchloc)\""""
 else
 l_output2=""$l_output2\n - module: \""$l_mname\"" is not deny listed""
 fi
 }
 # Check if the module exists on the system
 for l_mdir in $l_mpath; do
 if [ -d ""$l_mdir/$l_mndir"" ] && [ -n ""$(ls -A $l_mdir/$l_mndir)"" ]; then
 l_output3=""$l_output3\n - \""$l_mdir\""""
 [ ""$l_dl"" != ""y"" ] && module_deny_chk
 if [ ""$l_mdir"" = ""/lib/modules/$(uname -r)/kernel/$l_mtype"" ]; then
 module_loadable_chk
 module_loaded_chk
 fi
 else
 l_output=""$l_output\n - module: \""$l_mname\"" doesn't exist in \""$l_mdir\""""
 fi
 done
 # Report results. If no failures output in l_output2, we pass
 [ -n ""$l_output3"" ] && echo -e ""\n\n -- INFO --\n - module: \""$l_mname\"" exists in:$l_output3""
 if [ -z ""$l_output2"" ]; then
 echo -e ""\n- Audit Result:\n ** PASS **\n$l_output\n""
 else
 echo -e ""\n- Audit Result:\n ** FAIL **\n - Reason(s) for audit failure:\n$l_output2\n""
 [ -n ""$l_output"" ] && echo -e ""\n- Correctly set:\n$l_output\n""
 fi
}
```","# [SABC] Red Hat family guidance — family-neutral procedure; the Debian commands (sysctl/systemctl/file/pam checks) run identically on the Red Hat family.
Run the following script to disable the `freevxfs` module:

If the module is available in the running kernel:
 - Create a file with `install freevxfs /bin/false` in the `/etc/modprobe.d/` directory
 - Create a file with `blacklist freevxfs` in the `/etc/modprobe.d/` directory
 - Unload `freevxfs` from the kernel

If available in ANY installed kernel:
 - Create a file with `blacklist freevxfs` in the `/etc/modprobe.d/` directory

If the kernel module is not available on the system or pre-compiled into the kernel:
- No remediation is necessary

```
#!/usr/bin/env bash

{
 l_mname=""freevxfs"" # set module name
 l_mtype=""fs"" # set module type
 l_mpath=""/lib/modules/**/kernel/$l_mtype""
 l_mpname=""$(tr '-' '_' <<< ""$l_mname"")""
 l_mndir=""$(tr '-' '/' <<< ""$l_mname"")""

 module_loadable_fix()
 {
 # If the module is currently loadable, add ""install {MODULE_NAME} /bin/false"" to a file in ""/etc/modprobe.d""
 l_loadable=""$(modprobe -n -v ""$l_mname"")""
 [ ""$(wc -l <<< ""$l_loadable"")"" -gt ""1"" ] && l_loadable=""$(grep -P -- ""(^\h*install|\b$l_mname)\b"" <<< ""$l_loadable"")""
 if ! grep -Pq -- '^\h*install \/bin\/(true|false)' <<< ""$l_loadable""; then
 echo -e ""\n - setting module: \""$l_mname\"" to be not loadable""
 echo -e ""install $l_mname /bin/false"" >> /etc/modprobe.d/""$l_mpname"".conf
 fi
 }
 module_loaded_fix()
 {
 # If the module is currently loaded, unload the module
 if lsmod | grep ""$l_mname"" > /dev/null 2>&1; then
 echo -e ""\n - unloading module \""$l_mname\""""
 modprobe -r ""$l_mname""
 fi
 }
 module_deny_fix()
 {
 # If the module isn't deny listed, denylist the module
 if ! modprobe --showconfig | grep -Pq -- ""^\h*blacklist\h+$l_mpname\b""; then
 echo -e ""\n - deny listing \""$l_mname\""""
 echo -e ""blacklist $l_mname"" >> /etc/modprobe.d/""$l_mpname"".conf
 fi
 }
 # Check if the module exists on the system
 for l_mdir in $l_mpath; do
 if [ -d ""$l_mdir/$l_mndir"" ] && [ -n ""$(ls -A $l_mdir/$l_mndir)"" ]; then
 echo -e ""\n - module: \""$l_mname\"" exists in \""$l_mdir\""\n - checking if disabled...""
 module_deny_fix
 if [ ""$l_mdir"" = ""/lib/modules/$(uname -r)/kernel/$l_mtype"" ]; then
 module_loadable_fix
 module_loaded_fix
 fi
 else
 echo -e ""\n - module: \""$l_mname\"" doesn't exist in \""$l_mdir\""\n""
 fi
 done
 echo -e ""\n - remediation of module: \""$l_mname\"" complete\n""
}
```"
JR2.C.1.1.1.3,jr2_c_1_1_1_3,control,Disable unused filesystems,Ensure mounting of jffs2 filesystems is disabled.,debian;redhat,1,CIS-U22:1.1.1.3,Disable filesystem type.,The `jffs2` (journaling flash filesystem 2) filesystem type is a log-structured filesystem used in flash memory devices.,"Removing support for unneeded filesystem types reduces the local attack surface of the system. If this filesystem type is not needed, disable it.","Run the following script to verify the `jffs2` module is disabled:

If the module is available in the running kernel:
- An entry including `/bin/true` or `/bin/false` exists in a file within the `/etc/modprobe.d/` directory
- The module is deny listed in a file within the `/etc/modprobe.d/` directory
- The module is not loaded in the kernel

If available in ANY installed kernel:
 - The module is deny listed in a file within the `/etc/modprobe.d/` directory

If the kernel module is not available on the system, or pre-compiled into the kernel:
- No additional configuration is necessary

```
#!/usr/bin/env bash

{
 l_output="""" l_output2="""" l_output3="""" l_dl="""" # Unset output variables
 l_mname=""jffs2"" # set module name
 l_mtype=""fs"" # set module type
 l_searchloc=""/lib/modprobe.d/*.conf /usr/local/lib/modprobe.d/*.conf /run/modprobe.d/*.conf /etc/modprobe.d/*.conf""
 l_mpath=""/lib/modules/**/kernel/$l_mtype""
 l_mpname=""$(tr '-' '_' <<< ""$l_mname"")""
 l_mndir=""$(tr '-' '/' <<< ""$l_mname"")""

 module_loadable_chk()
 {
 # Check if the module is currently loadable
 l_loadable=""$(modprobe -n -v ""$l_mname"")""
 [ ""$(wc -l <<< ""$l_loadable"")"" -gt ""1"" ] && l_loadable=""$(grep -P -- ""(^\h*install|\b$l_mname)\b"" <<< ""$l_loadable"")""
 if grep -Pq -- '^\h*install \/bin\/(true|false)' <<< ""$l_loadable""; then
 l_output=""$l_output\n - module: \""$l_mname\"" is not loadable: \""$l_loadable\""""
 else
 l_output2=""$l_output2\n - module: \""$l_mname\"" is loadable: \""$l_loadable\""""
 fi
 }
 module_loaded_chk()
 {
 # Check if the module is currently loaded
 if ! lsmod | grep ""$l_mname"" > /dev/null 2>&1; then
 l_output=""$l_output\n - module: \""$l_mname\"" is not loaded""
 else
 l_output2=""$l_output2\n - module: \""$l_mname\"" is loaded""
 fi
 }
 module_deny_chk()
 {
 # Check if the module is deny listed
 l_dl=""y""
 if modprobe --showconfig | grep -Pq -- '^\h*blacklist\h+'""$l_mpname""'\b'; then
 l_output=""$l_output\n - module: \""$l_mname\"" is deny listed in: \""$(grep -Pls -- ""^\h*blacklist\h+$l_mname\b"" $l_searchloc)\""""
 else
 l_output2=""$l_output2\n - module: \""$l_mname\"" is not deny listed""
 fi
 }
 # Check if the module exists on the system
 for l_mdir in $l_mpath; do
 if [ -d ""$l_mdir/$l_mndir"" ] && [ -n ""$(ls -A $l_mdir/$l_mndir)"" ]; then
 l_output3=""$l_output3\n - \""$l_mdir\""""
 [ ""$l_dl"" != ""y"" ] && module_deny_chk
 if [ ""$l_mdir"" = ""/lib/modules/$(uname -r)/kernel/$l_mtype"" ]; then
 module_loadable_chk
 module_loaded_chk
 fi
 else
 l_output=""$l_output\n - module: \""$l_mname\"" doesn't exist in \""$l_mdir\""""
 fi
 done
 # Report results. If no failures output in l_output2, we pass
 [ -n ""$l_output3"" ] && echo -e ""\n\n -- INFO --\n - module: \""$l_mname\"" exists in:$l_output3""
 if [ -z ""$l_output2"" ]; then
 echo -e ""\n- Audit Result:\n ** PASS **\n$l_output\n""
 else
 echo -e ""\n- Audit Result:\n ** FAIL **\n - Reason(s) for audit failure:\n$l_output2\n""
 [ -n ""$l_output"" ] && echo -e ""\n- Correctly set:\n$l_output\n""
 fi
}
```","Run the following script to disable the `jffs2` module:

If the module is available in the running kernel:
 - Create a file with `install jffs2 /bin/false` in the `/etc/modprobe.d/` directory
 - Create a file with `blacklist jffs2` in the `/etc/modprobe.d/` directory
 - Unload `jffs2` from the kernel

If available in ANY installed kernel:
 - Create a file with `blacklist jffs2` in the `/etc/modprobe.d/` directory

If the kernel module is not available on the system or pre-compiled into the kernel:
- No remediation is necessary

```
#!/usr/bin/env bash

{
 l_mname=""jffs2"" # set module name
 l_mtype=""fs"" # set module type
 l_mpath=""/lib/modules/**/kernel/$l_mtype""
 l_mpname=""$(tr '-' '_' <<< ""$l_mname"")""
 l_mndir=""$(tr '-' '/' <<< ""$l_mname"")""

 module_loadable_fix()
 {
 # If the module is currently loadable, add ""install {MODULE_NAME} /bin/false"" to a file in ""/etc/modprobe.d""
 l_loadable=""$(modprobe -n -v ""$l_mname"")""
 [ ""$(wc -l <<< ""$l_loadable"")"" -gt ""1"" ] && l_loadable=""$(grep -P -- ""(^\h*install|\b$l_mname)\b"" <<< ""$l_loadable"")""
 if ! grep -Pq -- '^\h*install \/bin\/(true|false)' <<< ""$l_loadable""; then
 echo -e ""\n - setting module: \""$l_mname\"" to be not loadable""
 echo -e ""install $l_mname /bin/false"" >> /etc/modprobe.d/""$l_mpname"".conf
 fi
 }
 module_loaded_fix()
 {
 # If the module is currently loaded, unload the module
 if lsmod | grep ""$l_mname"" > /dev/null 2>&1; then
 echo -e ""\n - unloading module \""$l_mname\""""
 modprobe -r ""$l_mname""
 fi
 }
 module_deny_fix()
 {
 # If the module isn't deny listed, denylist the module
 if ! modprobe --showconfig | grep -Pq -- ""^\h*blacklist\h+$l_mpname\b""; then
 echo -e ""\n - deny listing \""$l_mname\""""
 echo -e ""blacklist $l_mname"" >> /etc/modprobe.d/""$l_mpname"".conf
 fi
 }
 # Check if the module exists on the system
 for l_mdir in $l_mpath; do
 if [ -d ""$l_mdir/$l_mndir"" ] && [ -n ""$(ls -A $l_mdir/$l_mndir)"" ]; then
 echo -e ""\n - module: \""$l_mname\"" exists in \""$l_mdir\""\n - checking if disabled...""
 module_deny_fix
 if [ ""$l_mdir"" = ""/lib/modules/$(uname -r)/kernel/$l_mtype"" ]; then
 module_loadable_fix
 module_loaded_fix
 fi
 else
 echo -e ""\n - module: \""$l_mname\"" doesn't exist in \""$l_mdir\""\n""
 fi
 done
 echo -e ""\n - remediation of module: \""$l_mname\"" complete\n""
}
```","# [SABC] Red Hat family guidance — family-neutral procedure; the Debian commands (sysctl/systemctl/file/pam checks) run identically on the Red Hat family.
Run the following script to verify the `jffs2` module is disabled:

If the module is available in the running kernel:
- An entry including `/bin/true` or `/bin/false` exists in a file within the `/etc/modprobe.d/` directory
- The module is deny listed in a file within the `/etc/modprobe.d/` directory
- The module is not loaded in the kernel

If available in ANY installed kernel:
 - The module is deny listed in a file within the `/etc/modprobe.d/` directory

If the kernel module is not available on the system, or pre-compiled into the kernel:
- No additional configuration is necessary

```
#!/usr/bin/env bash

{
 l_output="""" l_output2="""" l_output3="""" l_dl="""" # Unset output variables
 l_mname=""jffs2"" # set module name
 l_mtype=""fs"" # set module type
 l_searchloc=""/lib/modprobe.d/*.conf /usr/local/lib/modprobe.d/*.conf /run/modprobe.d/*.conf /etc/modprobe.d/*.conf""
 l_mpath=""/lib/modules/**/kernel/$l_mtype""
 l_mpname=""$(tr '-' '_' <<< ""$l_mname"")""
 l_mndir=""$(tr '-' '/' <<< ""$l_mname"")""

 module_loadable_chk()
 {
 # Check if the module is currently loadable
 l_loadable=""$(modprobe -n -v ""$l_mname"")""
 [ ""$(wc -l <<< ""$l_loadable"")"" -gt ""1"" ] && l_loadable=""$(grep -P -- ""(^\h*install|\b$l_mname)\b"" <<< ""$l_loadable"")""
 if grep -Pq -- '^\h*install \/bin\/(true|false)' <<< ""$l_loadable""; then
 l_output=""$l_output\n - module: \""$l_mname\"" is not loadable: \""$l_loadable\""""
 else
 l_output2=""$l_output2\n - module: \""$l_mname\"" is loadable: \""$l_loadable\""""
 fi
 }
 module_loaded_chk()
 {
 # Check if the module is currently loaded
 if ! lsmod | grep ""$l_mname"" > /dev/null 2>&1; then
 l_output=""$l_output\n - module: \""$l_mname\"" is not loaded""
 else
 l_output2=""$l_output2\n - module: \""$l_mname\"" is loaded""
 fi
 }
 module_deny_chk()
 {
 # Check if the module is deny listed
 l_dl=""y""
 if modprobe --showconfig | grep -Pq -- '^\h*blacklist\h+'""$l_mpname""'\b'; then
 l_output=""$l_output\n - module: \""$l_mname\"" is deny listed in: \""$(grep -Pls -- ""^\h*blacklist\h+$l_mname\b"" $l_searchloc)\""""
 else
 l_output2=""$l_output2\n - module: \""$l_mname\"" is not deny listed""
 fi
 }
 # Check if the module exists on the system
 for l_mdir in $l_mpath; do
 if [ -d ""$l_mdir/$l_mndir"" ] && [ -n ""$(ls -A $l_mdir/$l_mndir)"" ]; then
 l_output3=""$l_output3\n - \""$l_mdir\""""
 [ ""$l_dl"" != ""y"" ] && module_deny_chk
 if [ ""$l_mdir"" = ""/lib/modules/$(uname -r)/kernel/$l_mtype"" ]; then
 module_loadable_chk
 module_loaded_chk
 fi
 else
 l_output=""$l_output\n - module: \""$l_mname\"" doesn't exist in \""$l_mdir\""""
 fi
 done
 # Report results. If no failures output in l_output2, we pass
 [ -n ""$l_output3"" ] && echo -e ""\n\n -- INFO --\n - module: \""$l_mname\"" exists in:$l_output3""
 if [ -z ""$l_output2"" ]; then
 echo -e ""\n- Audit Result:\n ** PASS **\n$l_output\n""
 else
 echo -e ""\n- Audit Result:\n ** FAIL **\n - Reason(s) for audit failure:\n$l_output2\n""
 [ -n ""$l_output"" ] && echo -e ""\n- Correctly set:\n$l_output\n""
 fi
}
```","# [SABC] Red Hat family guidance — family-neutral procedure; the Debian commands (sysctl/systemctl/file/pam checks) run identically on the Red Hat family.
Run the following script to disable the `jffs2` module:

If the module is available in the running kernel:
 - Create a file with `install jffs2 /bin/false` in the `/etc/modprobe.d/` directory
 - Create a file with `blacklist jffs2` in the `/etc/modprobe.d/` directory
 - Unload `jffs2` from the kernel

If available in ANY installed kernel:
 - Create a file with `blacklist jffs2` in the `/etc/modprobe.d/` directory

If the kernel module is not available on the system or pre-compiled into the kernel:
- No remediation is necessary

```
#!/usr/bin/env bash

{
 l_mname=""jffs2"" # set module name
 l_mtype=""fs"" # set module type
 l_mpath=""/lib/modules/**/kernel/$l_mtype""
 l_mpname=""$(tr '-' '_' <<< ""$l_mname"")""
 l_mndir=""$(tr '-' '/' <<< ""$l_mname"")""

 module_loadable_fix()
 {
 # If the module is currently loadable, add ""install {MODULE_NAME} /bin/false"" to a file in ""/etc/modprobe.d""
 l_loadable=""$(modprobe -n -v ""$l_mname"")""
 [ ""$(wc -l <<< ""$l_loadable"")"" -gt ""1"" ] && l_loadable=""$(grep -P -- ""(^\h*install|\b$l_mname)\b"" <<< ""$l_loadable"")""
 if ! grep -Pq -- '^\h*install \/bin\/(true|false)' <<< ""$l_loadable""; then
 echo -e ""\n - setting module: \""$l_mname\"" to be not loadable""
 echo -e ""install $l_mname /bin/false"" >> /etc/modprobe.d/""$l_mpname"".conf
 fi
 }
 module_loaded_fix()
 {
 # If the module is currently loaded, unload the module
 if lsmod | grep ""$l_mname"" > /dev/null 2>&1; then
 echo -e ""\n - unloading module \""$l_mname\""""
 modprobe -r ""$l_mname""
 fi
 }
 module_deny_fix()
 {
 # If the module isn't deny listed, denylist the module
 if ! modprobe --showconfig | grep -Pq -- ""^\h*blacklist\h+$l_mpname\b""; then
 echo -e ""\n - deny listing \""$l_mname\""""
 echo -e ""blacklist $l_mname"" >> /etc/modprobe.d/""$l_mpname"".conf
 fi
 }
 # Check if the module exists on the system
 for l_mdir in $l_mpath; do
 if [ -d ""$l_mdir/$l_mndir"" ] && [ -n ""$(ls -A $l_mdir/$l_mndir)"" ]; then
 echo -e ""\n - module: \""$l_mname\"" exists in \""$l_mdir\""\n - checking if disabled...""
 module_deny_fix
 if [ ""$l_mdir"" = ""/lib/modules/$(uname -r)/kernel/$l_mtype"" ]; then
 module_loadable_fix
 module_loaded_fix
 fi
 else
 echo -e ""\n - module: \""$l_mname\"" doesn't exist in \""$l_mdir\""\n""
 fi
 done
 echo -e ""\n - remediation of module: \""$l_mname\"" complete\n""
}
```"
JR2.C.1.1.1.4,jr2_c_1_1_1_4,control,Disable unused filesystems,Ensure mounting of hfs filesystems is disabled.,debian;redhat,1,CIS-U22:1.1.1.4,Disable filesystem type.,The `hfs` filesystem type is a hierarchical filesystem that allows you to mount Mac OS filesystems.,"Removing support for unneeded filesystem types reduces the local attack surface of the system. If this filesystem type is not needed, disable it.","Run the following script to verify the `hfs` module is disabled:

If the module is available in the running kernel:
- An entry including `/bin/true` or `/bin/false` exists in a file within the `/etc/modprobe.d/` directory
- The module is deny listed in a file within the `/etc/modprobe.d/` directory
- The module is not loaded in the kernel

If available in ANY installed kernel:
 - The module is deny listed in a file within the `/etc/modprobe.d/` directory

If the kernel module is not available on the system, or pre-compiled into the kernel:
- No additional configuration is necessary

```
#!/usr/bin/env bash

{
 l_output="""" l_output2="""" l_output3="""" l_dl="""" # Unset output variables
 l_mname=""hfs"" # set module name
 l_mtype=""fs"" # set module type
 l_searchloc=""/lib/modprobe.d/*.conf /usr/local/lib/modprobe.d/*.conf /run/modprobe.d/*.conf /etc/modprobe.d/*.conf""
 l_mpath=""/lib/modules/**/kernel/$l_mtype""
 l_mpname=""$(tr '-' '_' <<< ""$l_mname"")""
 l_mndir=""$(tr '-' '/' <<< ""$l_mname"")""

 module_loadable_chk()
 {
 # Check if the module is currently loadable
 l_loadable=""$(modprobe -n -v ""$l_mname"")""
 [ ""$(wc -l <<< ""$l_loadable"")"" -gt ""1"" ] && l_loadable=""$(grep -P -- ""(^\h*install|\b$l_mname)\b"" <<< ""$l_loadable"")""
 if grep -Pq -- '^\h*install \/bin\/(true|false)' <<< ""$l_loadable""; then
 l_output=""$l_output\n - module: \""$l_mname\"" is not loadable: \""$l_loadable\""""
 else
 l_output2=""$l_output2\n - module: \""$l_mname\"" is loadable: \""$l_loadable\""""
 fi
 }
 module_loaded_chk()
 {
 # Check if the module is currently loaded
 if ! lsmod | grep ""$l_mname"" > /dev/null 2>&1; then
 l_output=""$l_output\n - module: \""$l_mname\"" is not loaded""
 else
 l_output2=""$l_output2\n - module: \""$l_mname\"" is loaded""
 fi
 }
 module_deny_chk()
 {
 # Check if the module is deny listed
 l_dl=""y""
 if modprobe --showconfig | grep -Pq -- '^\h*blacklist\h+'""$l_mpname""'\b'; then
 l_output=""$l_output\n - module: \""$l_mname\"" is deny listed in: \""$(grep -Pls -- ""^\h*blacklist\h+$l_mname\b"" $l_searchloc)\""""
 else
 l_output2=""$l_output2\n - module: \""$l_mname\"" is not deny listed""
 fi
 }
 # Check if the module exists on the system
 for l_mdir in $l_mpath; do
 if [ -d ""$l_mdir/$l_mndir"" ] && [ -n ""$(ls -A $l_mdir/$l_mndir)"" ]; then
 l_output3=""$l_output3\n - \""$l_mdir\""""
 [ ""$l_dl"" != ""y"" ] && module_deny_chk
 if [ ""$l_mdir"" = ""/lib/modules/$(uname -r)/kernel/$l_mtype"" ]; then
 module_loadable_chk
 module_loaded_chk
 fi
 else
 l_output=""$l_output\n - module: \""$l_mname\"" doesn't exist in \""$l_mdir\""""
 fi
 done
 # Report results. If no failures output in l_output2, we pass
 [ -n ""$l_output3"" ] && echo -e ""\n\n -- INFO --\n - module: \""$l_mname\"" exists in:$l_output3""
 if [ -z ""$l_output2"" ]; then
 echo -e ""\n- Audit Result:\n ** PASS **\n$l_output\n""
 else
 echo -e ""\n- Audit Result:\n ** FAIL **\n - Reason(s) for audit failure:\n$l_output2\n""
 [ -n ""$l_output"" ] && echo -e ""\n- Correctly set:\n$l_output\n""
 fi
}
```","Run the following script to disable the `hfs` module:

If the module is available in the running kernel:
 - Create a file with `install hfs /bin/false` in the `/etc/modprobe.d/` directory
 - Create a file with `blacklist hfs` in the `/etc/modprobe.d/` directory
 - Unload `hfs` from the kernel

If available in ANY installed kernel:
 - Create a file with `blacklist hfs` in the `/etc/modprobe.d/` directory

If the kernel module is not available on the system or pre-compiled into the kernel:
- No remediation is necessary

```
#!/usr/bin/env bash

{
 l_mname=""hfs"" # set module name
 l_mtype=""fs"" # set module type
 l_mpath=""/lib/modules/**/kernel/$l_mtype""
 l_mpname=""$(tr '-' '_' <<< ""$l_mname"")""
 l_mndir=""$(tr '-' '/' <<< ""$l_mname"")""

 module_loadable_fix()
 {
 # If the module is currently loadable, add ""install {MODULE_NAME} /bin/false"" to a file in ""/etc/modprobe.d""
 l_loadable=""$(modprobe -n -v ""$l_mname"")""
 [ ""$(wc -l <<< ""$l_loadable"")"" -gt ""1"" ] && l_loadable=""$(grep -P -- ""(^\h*install|\b$l_mname)\b"" <<< ""$l_loadable"")""
 if ! grep -Pq -- '^\h*install \/bin\/(true|false)' <<< ""$l_loadable""; then
 echo -e ""\n - setting module: \""$l_mname\"" to be not loadable""
 echo -e ""install $l_mname /bin/false"" >> /etc/modprobe.d/""$l_mpname"".conf
 fi
 }
 module_loaded_fix()
 {
 # If the module is currently loaded, unload the module
 if lsmod | grep ""$l_mname"" > /dev/null 2>&1; then
 echo -e ""\n - unloading module \""$l_mname\""""
 modprobe -r ""$l_mname""
 fi
 }
 module_deny_fix()
 {
 # If the module isn't deny listed, denylist the module
 if ! modprobe --showconfig | grep -Pq -- ""^\h*blacklist\h+$l_mpname\b""; then
 echo -e ""\n - deny listing \""$l_mname\""""
 echo -e ""blacklist $l_mname"" >> /etc/modprobe.d/""$l_mpname"".conf
 fi
 }
 # Check if the module exists on the system
 for l_mdir in $l_mpath; do
 if [ -d ""$l_mdir/$l_mndir"" ] && [ -n ""$(ls -A $l_mdir/$l_mndir)"" ]; then
 echo -e ""\n - module: \""$l_mname\"" exists in \""$l_mdir\""\n - checking if disabled...""
 module_deny_fix
 if [ ""$l_mdir"" = ""/lib/modules/$(uname -r)/kernel/$l_mtype"" ]; then
 module_loadable_fix
 module_loaded_fix
 fi
 else
 echo -e ""\n - module: \""$l_mname\"" doesn't exist in \""$l_mdir\""\n""
 fi
 done
 echo -e ""\n - remediation of module: \""$l_mname\"" complete\n""
}
```","# [SABC] Red Hat family guidance — family-neutral procedure; the Debian commands (sysctl/systemctl/file/pam checks) run identically on the Red Hat family.
Run the following script to verify the `hfs` module is disabled:

If the module is available in the running kernel:
- An entry including `/bin/true` or `/bin/false` exists in a file within the `/etc/modprobe.d/` directory
- The module is deny listed in a file within the `/etc/modprobe.d/` directory
- The module is not loaded in the kernel

If available in ANY installed kernel:
 - The module is deny listed in a file within the `/etc/modprobe.d/` directory

If the kernel module is not available on the system, or pre-compiled into the kernel:
- No additional configuration is necessary

```
#!/usr/bin/env bash

{
 l_output="""" l_output2="""" l_output3="""" l_dl="""" # Unset output variables
 l_mname=""hfs"" # set module name
 l_mtype=""fs"" # set module type
 l_searchloc=""/lib/modprobe.d/*.conf /usr/local/lib/modprobe.d/*.conf /run/modprobe.d/*.conf /etc/modprobe.d/*.conf""
 l_mpath=""/lib/modules/**/kernel/$l_mtype""
 l_mpname=""$(tr '-' '_' <<< ""$l_mname"")""
 l_mndir=""$(tr '-' '/' <<< ""$l_mname"")""

 module_loadable_chk()
 {
 # Check if the module is currently loadable
 l_loadable=""$(modprobe -n -v ""$l_mname"")""
 [ ""$(wc -l <<< ""$l_loadable"")"" -gt ""1"" ] && l_loadable=""$(grep -P -- ""(^\h*install|\b$l_mname)\b"" <<< ""$l_loadable"")""
 if grep -Pq -- '^\h*install \/bin\/(true|false)' <<< ""$l_loadable""; then
 l_output=""$l_output\n - module: \""$l_mname\"" is not loadable: \""$l_loadable\""""
 else
 l_output2=""$l_output2\n - module: \""$l_mname\"" is loadable: \""$l_loadable\""""
 fi
 }
 module_loaded_chk()
 {
 # Check if the module is currently loaded
 if ! lsmod | grep ""$l_mname"" > /dev/null 2>&1; then
 l_output=""$l_output\n - module: \""$l_mname\"" is not loaded""
 else
 l_output2=""$l_output2\n - module: \""$l_mname\"" is loaded""
 fi
 }
 module_deny_chk()
 {
 # Check if the module is deny listed
 l_dl=""y""
 if modprobe --showconfig | grep -Pq -- '^\h*blacklist\h+'""$l_mpname""'\b'; then
 l_output=""$l_output\n - module: \""$l_mname\"" is deny listed in: \""$(grep -Pls -- ""^\h*blacklist\h+$l_mname\b"" $l_searchloc)\""""
 else
 l_output2=""$l_output2\n - module: \""$l_mname\"" is not deny listed""
 fi
 }
 # Check if the module exists on the system
 for l_mdir in $l_mpath; do
 if [ -d ""$l_mdir/$l_mndir"" ] && [ -n ""$(ls -A $l_mdir/$l_mndir)"" ]; then
 l_output3=""$l_output3\n - \""$l_mdir\""""
 [ ""$l_dl"" != ""y"" ] && module_deny_chk
 if [ ""$l_mdir"" = ""/lib/modules/$(uname -r)/kernel/$l_mtype"" ]; then
 module_loadable_chk
 module_loaded_chk
 fi
 else
 l_output=""$l_output\n - module: \""$l_mname\"" doesn't exist in \""$l_mdir\""""
 fi
 done
 # Report results. If no failures output in l_output2, we pass
 [ -n ""$l_output3"" ] && echo -e ""\n\n -- INFO --\n - module: \""$l_mname\"" exists in:$l_output3""
 if [ -z ""$l_output2"" ]; then
 echo -e ""\n- Audit Result:\n ** PASS **\n$l_output\n""
 else
 echo -e ""\n- Audit Result:\n ** FAIL **\n - Reason(s) for audit failure:\n$l_output2\n""
 [ -n ""$l_output"" ] && echo -e ""\n- Correctly set:\n$l_output\n""
 fi
}
```","# [SABC] Red Hat family guidance — family-neutral procedure; the Debian commands (sysctl/systemctl/file/pam checks) run identically on the Red Hat family.
Run the following script to disable the `hfs` module:

If the module is available in the running kernel:
 - Create a file with `install hfs /bin/false` in the `/etc/modprobe.d/` directory
 - Create a file with `blacklist hfs` in the `/etc/modprobe.d/` directory
 - Unload `hfs` from the kernel

If available in ANY installed kernel:
 - Create a file with `blacklist hfs` in the `/etc/modprobe.d/` directory

If the kernel module is not available on the system or pre-compiled into the kernel:
- No remediation is necessary

```
#!/usr/bin/env bash

{
 l_mname=""hfs"" # set module name
 l_mtype=""fs"" # set module type
 l_mpath=""/lib/modules/**/kernel/$l_mtype""
 l_mpname=""$(tr '-' '_' <<< ""$l_mname"")""
 l_mndir=""$(tr '-' '/' <<< ""$l_mname"")""

 module_loadable_fix()
 {
 # If the module is currently loadable, add ""install {MODULE_NAME} /bin/false"" to a file in ""/etc/modprobe.d""
 l_loadable=""$(modprobe -n -v ""$l_mname"")""
 [ ""$(wc -l <<< ""$l_loadable"")"" -gt ""1"" ] && l_loadable=""$(grep -P -- ""(^\h*install|\b$l_mname)\b"" <<< ""$l_loadable"")""
 if ! grep -Pq -- '^\h*install \/bin\/(true|false)' <<< ""$l_loadable""; then
 echo -e ""\n - setting module: \""$l_mname\"" to be not loadable""
 echo -e ""install $l_mname /bin/false"" >> /etc/modprobe.d/""$l_mpname"".conf
 fi
 }
 module_loaded_fix()
 {
 # If the module is currently loaded, unload the module
 if lsmod | grep ""$l_mname"" > /dev/null 2>&1; then
 echo -e ""\n - unloading module \""$l_mname\""""
 modprobe -r ""$l_mname""
 fi
 }
 module_deny_fix()
 {
 # If the module isn't deny listed, denylist the module
 if ! modprobe --showconfig | grep -Pq -- ""^\h*blacklist\h+$l_mpname\b""; then
 echo -e ""\n - deny listing \""$l_mname\""""
 echo -e ""blacklist $l_mname"" >> /etc/modprobe.d/""$l_mpname"".conf
 fi
 }
 # Check if the module exists on the system
 for l_mdir in $l_mpath; do
 if [ -d ""$l_mdir/$l_mndir"" ] && [ -n ""$(ls -A $l_mdir/$l_mndir)"" ]; then
 echo -e ""\n - module: \""$l_mname\"" exists in \""$l_mdir\""\n - checking if disabled...""
 module_deny_fix
 if [ ""$l_mdir"" = ""/lib/modules/$(uname -r)/kernel/$l_mtype"" ]; then
 module_loadable_fix
 module_loaded_fix
 fi
 else
 echo -e ""\n - module: \""$l_mname\"" doesn't exist in \""$l_mdir\""\n""
 fi
 done
 echo -e ""\n - remediation of module: \""$l_mname\"" complete\n""
}
```"
JR2.C.1.1.1.5,jr2_c_1_1_1_5,control,Disable unused filesystems,Ensure mounting of hfsplus filesystems is disabled.,debian;redhat,1,CIS-U22:1.1.1.5,Disable filesystem type.,The `hfsplus` filesystem type is a hierarchical filesystem designed to replace `hfs` that allows you to mount Mac OS filesystems.,"Removing support for unneeded filesystem types reduces the local attack surface of the system. If this filesystem type is not needed, disable it.","Run the following script to verify the `hfsplus` module is disabled:

If the module is available in the running kernel:
- An entry including `/bin/true` or `/bin/false` exists in a file within the `/etc/modprobe.d/` directory
- The module is deny listed in a file within the `/etc/modprobe.d/` directory
- The module is not loaded in the kernel

If available in ANY installed kernel:
 - The module is deny listed in a file within the `/etc/modprobe.d/` directory

If the kernel module is not available on the system, or pre-compiled into the kernel:
- No additional configuration is necessary

```
#!/usr/bin/env bash

{
 l_output="""" l_output2="""" l_output3="""" l_dl="""" # Unset output variables
 l_mname=""hfsplus"" # set module name
 l_mtype=""fs"" # set module type
 l_searchloc=""/lib/modprobe.d/*.conf /usr/local/lib/modprobe.d/*.conf /run/modprobe.d/*.conf /etc/modprobe.d/*.conf""
 l_mpath=""/lib/modules/**/kernel/$l_mtype""
 l_mpname=""$(tr '-' '_' <<< ""$l_mname"")""
 l_mndir=""$(tr '-' '/' <<< ""$l_mname"")""

 module_loadable_chk()
 {
 # Check if the module is currently loadable
 l_loadable=""$(modprobe -n -v ""$l_mname"")""
 [ ""$(wc -l <<< ""$l_loadable"")"" -gt ""1"" ] && l_loadable=""$(grep -P -- ""(^\h*install|\b$l_mname)\b"" <<< ""$l_loadable"")""
 if grep -Pq -- '^\h*install \/bin\/(true|false)' <<< ""$l_loadable""; then
 l_output=""$l_output\n - module: \""$l_mname\"" is not loadable: \""$l_loadable\""""
 else
 l_output2=""$l_output2\n - module: \""$l_mname\"" is loadable: \""$l_loadable\""""
 fi
 }
 module_loaded_chk()
 {
 # Check if the module is currently loaded
 if ! lsmod | grep ""$l_mname"" > /dev/null 2>&1; then
 l_output=""$l_output\n - module: \""$l_mname\"" is not loaded""
 else
 l_output2=""$l_output2\n - module: \""$l_mname\"" is loaded""
 fi
 }
 module_deny_chk()
 {
 # Check if the module is deny listed
 l_dl=""y""
 if modprobe --showconfig | grep -Pq -- '^\h*blacklist\h+'""$l_mpname""'\b'; then
 l_output=""$l_output\n - module: \""$l_mname\"" is deny listed in: \""$(grep -Pls -- ""^\h*blacklist\h+$l_mname\b"" $l_searchloc)\""""
 else
 l_output2=""$l_output2\n - module: \""$l_mname\"" is not deny listed""
 fi
 }
 # Check if the module exists on the system
 for l_mdir in $l_mpath; do
 if [ -d ""$l_mdir/$l_mndir"" ] && [ -n ""$(ls -A $l_mdir/$l_mndir)"" ]; then
 l_output3=""$l_output3\n - \""$l_mdir\""""
 [ ""$l_dl"" != ""y"" ] && module_deny_chk
 if [ ""$l_mdir"" = ""/lib/modules/$(uname -r)/kernel/$l_mtype"" ]; then
 module_loadable_chk
 module_loaded_chk
 fi
 else
 l_output=""$l_output\n - module: \""$l_mname\"" doesn't exist in \""$l_mdir\""""
 fi
 done
 # Report results. If no failures output in l_output2, we pass
 [ -n ""$l_output3"" ] && echo -e ""\n\n -- INFO --\n - module: \""$l_mname\"" exists in:$l_output3""
 if [ -z ""$l_output2"" ]; then
 echo -e ""\n- Audit Result:\n ** PASS **\n$l_output\n""
 else
 echo -e ""\n- Audit Result:\n ** FAIL **\n - Reason(s) for audit failure:\n$l_output2\n""
 [ -n ""$l_output"" ] && echo -e ""\n- Correctly set:\n$l_output\n""
 fi
}
```","Run the following script to disable the `hfsplus` module:

If the module is available in the running kernel:
 - Create a file with `install hfsplus /bin/false` in the `/etc/modprobe.d/` directory
 - Create a file with `blacklist hfsplus` in the `/etc/modprobe.d/` directory
 - Unload `hfsplus` from the kernel

If available in ANY installed kernel:
 - Create a file with `blacklist hfsplus` in the `/etc/modprobe.d/` directory

If the kernel module is not available on the system or pre-compiled into the kernel:
- No remediation is necessary

```
#!/usr/bin/env bash

{
 l_mname=""hfsplus"" # set module name
 l_mtype=""fs"" # set module type
 l_mpath=""/lib/modules/**/kernel/$l_mtype""
 l_mpname=""$(tr '-' '_' <<< ""$l_mname"")""
 l_mndir=""$(tr '-' '/' <<< ""$l_mname"")""

 module_loadable_fix()
 {
 # If the module is currently loadable, add ""install {MODULE_NAME} /bin/false"" to a file in ""/etc/modprobe.d""
 l_loadable=""$(modprobe -n -v ""$l_mname"")""
 [ ""$(wc -l <<< ""$l_loadable"")"" -gt ""1"" ] && l_loadable=""$(grep -P -- ""(^\h*install|\b$l_mname)\b"" <<< ""$l_loadable"")""
 if ! grep -Pq -- '^\h*install \/bin\/(true|false)' <<< ""$l_loadable""; then
 echo -e ""\n - setting module: \""$l_mname\"" to be not loadable""
 echo -e ""install $l_mname /bin/false"" >> /etc/modprobe.d/""$l_mpname"".conf
 fi
 }
 module_loaded_fix()
 {
 # If the module is currently loaded, unload the module
 if lsmod | grep ""$l_mname"" > /dev/null 2>&1; then
 echo -e ""\n - unloading module \""$l_mname\""""
 modprobe -r ""$l_mname""
 fi
 }
 module_deny_fix()
 {
 # If the module isn't deny listed, denylist the module
 if ! modprobe --showconfig | grep -Pq -- ""^\h*blacklist\h+$l_mpname\b""; then
 echo -e ""\n - deny listing \""$l_mname\""""
 echo -e ""blacklist $l_mname"" >> /etc/modprobe.d/""$l_mpname"".conf
 fi
 }
 # Check if the module exists on the system
 for l_mdir in $l_mpath; do
 if [ -d ""$l_mdir/$l_mndir"" ] && [ -n ""$(ls -A $l_mdir/$l_mndir)"" ]; then
 echo -e ""\n - module: \""$l_mname\"" exists in \""$l_mdir\""\n - checking if disabled...""
 module_deny_fix
 if [ ""$l_mdir"" = ""/lib/modules/$(uname -r)/kernel/$l_mtype"" ]; then
 module_loadable_fix
 module_loaded_fix
 fi
 else
 echo -e ""\n - module: \""$l_mname\"" doesn't exist in \""$l_mdir\""\n""
 fi
 done
 echo -e ""\n - remediation of module: \""$l_mname\"" complete\n""
}
```","# [SABC] Red Hat family guidance — family-neutral procedure; the Debian commands (sysctl/systemctl/file/pam checks) run identically on the Red Hat family.
Run the following script to verify the `hfsplus` module is disabled:

If the module is available in the running kernel:
- An entry including `/bin/true` or `/bin/false` exists in a file within the `/etc/modprobe.d/` directory
- The module is deny listed in a file within the `/etc/modprobe.d/` directory
- The module is not loaded in the kernel

If available in ANY installed kernel:
 - The module is deny listed in a file within the `/etc/modprobe.d/` directory

If the kernel module is not available on the system, or pre-compiled into the kernel:
- No additional configuration is necessary

```
#!/usr/bin/env bash

{
 l_output="""" l_output2="""" l_output3="""" l_dl="""" # Unset output variables
 l_mname=""hfsplus"" # set module name
 l_mtype=""fs"" # set module type
 l_searchloc=""/lib/modprobe.d/*.conf /usr/local/lib/modprobe.d/*.conf /run/modprobe.d/*.conf /etc/modprobe.d/*.conf""
 l_mpath=""/lib/modules/**/kernel/$l_mtype""
 l_mpname=""$(tr '-' '_' <<< ""$l_mname"")""
 l_mndir=""$(tr '-' '/' <<< ""$l_mname"")""

 module_loadable_chk()
 {
 # Check if the module is currently loadable
 l_loadable=""$(modprobe -n -v ""$l_mname"")""
 [ ""$(wc -l <<< ""$l_loadable"")"" -gt ""1"" ] && l_loadable=""$(grep -P -- ""(^\h*install|\b$l_mname)\b"" <<< ""$l_loadable"")""
 if grep -Pq -- '^\h*install \/bin\/(true|false)' <<< ""$l_loadable""; then
 l_output=""$l_output\n - module: \""$l_mname\"" is not loadable: \""$l_loadable\""""
 else
 l_output2=""$l_output2\n - module: \""$l_mname\"" is loadable: \""$l_loadable\""""
 fi
 }
 module_loaded_chk()
 {
 # Check if the module is currently loaded
 if ! lsmod | grep ""$l_mname"" > /dev/null 2>&1; then
 l_output=""$l_output\n - module: \""$l_mname\"" is not loaded""
 else
 l_output2=""$l_output2\n - module: \""$l_mname\"" is loaded""
 fi
 }
 module_deny_chk()
 {
 # Check if the module is deny listed
 l_dl=""y""
 if modprobe --showconfig | grep -Pq -- '^\h*blacklist\h+'""$l_mpname""'\b'; then
 l_output=""$l_output\n - module: \""$l_mname\"" is deny listed in: \""$(grep -Pls -- ""^\h*blacklist\h+$l_mname\b"" $l_searchloc)\""""
 else
 l_output2=""$l_output2\n - module: \""$l_mname\"" is not deny listed""
 fi
 }
 # Check if the module exists on the system
 for l_mdir in $l_mpath; do
 if [ -d ""$l_mdir/$l_mndir"" ] && [ -n ""$(ls -A $l_mdir/$l_mndir)"" ]; then
 l_output3=""$l_output3\n - \""$l_mdir\""""
 [ ""$l_dl"" != ""y"" ] && module_deny_chk
 if [ ""$l_mdir"" = ""/lib/modules/$(uname -r)/kernel/$l_mtype"" ]; then
 module_loadable_chk
 module_loaded_chk
 fi
 else
 l_output=""$l_output\n - module: \""$l_mname\"" doesn't exist in \""$l_mdir\""""
 fi
 done
 # Report results. If no failures output in l_output2, we pass
 [ -n ""$l_output3"" ] && echo -e ""\n\n -- INFO --\n - module: \""$l_mname\"" exists in:$l_output3""
 if [ -z ""$l_output2"" ]; then
 echo -e ""\n- Audit Result:\n ** PASS **\n$l_output\n""
 else
 echo -e ""\n- Audit Result:\n ** FAIL **\n - Reason(s) for audit failure:\n$l_output2\n""
 [ -n ""$l_output"" ] && echo -e ""\n- Correctly set:\n$l_output\n""
 fi
}
```","# [SABC] Red Hat family guidance — family-neutral procedure; the Debian commands (sysctl/systemctl/file/pam checks) run identically on the Red Hat family.
Run the following script to disable the `hfsplus` module:

If the module is available in the running kernel:
 - Create a file with `install hfsplus /bin/false` in the `/etc/modprobe.d/` directory
 - Create a file with `blacklist hfsplus` in the `/etc/modprobe.d/` directory
 - Unload `hfsplus` from the kernel

If available in ANY installed kernel:
 - Create a file with `blacklist hfsplus` in the `/etc/modprobe.d/` directory

If the kernel module is not available on the system or pre-compiled into the kernel:
- No remediation is necessary

```
#!/usr/bin/env bash

{
 l_mname=""hfsplus"" # set module name
 l_mtype=""fs"" # set module type
 l_mpath=""/lib/modules/**/kernel/$l_mtype""
 l_mpname=""$(tr '-' '_' <<< ""$l_mname"")""
 l_mndir=""$(tr '-' '/' <<< ""$l_mname"")""

 module_loadable_fix()
 {
 # If the module is currently loadable, add ""install {MODULE_NAME} /bin/false"" to a file in ""/etc/modprobe.d""
 l_loadable=""$(modprobe -n -v ""$l_mname"")""
 [ ""$(wc -l <<< ""$l_loadable"")"" -gt ""1"" ] && l_loadable=""$(grep -P -- ""(^\h*install|\b$l_mname)\b"" <<< ""$l_loadable"")""
 if ! grep -Pq -- '^\h*install \/bin\/(true|false)' <<< ""$l_loadable""; then
 echo -e ""\n - setting module: \""$l_mname\"" to be not loadable""
 echo -e ""install $l_mname /bin/false"" >> /etc/modprobe.d/""$l_mpname"".conf
 fi
 }
 module_loaded_fix()
 {
 # If the module is currently loaded, unload the module
 if lsmod | grep ""$l_mname"" > /dev/null 2>&1; then
 echo -e ""\n - unloading module \""$l_mname\""""
 modprobe -r ""$l_mname""
 fi
 }
 module_deny_fix()
 {
 # If the module isn't deny listed, denylist the module
 if ! modprobe --showconfig | grep -Pq -- ""^\h*blacklist\h+$l_mpname\b""; then
 echo -e ""\n - deny listing \""$l_mname\""""
 echo -e ""blacklist $l_mname"" >> /etc/modprobe.d/""$l_mpname"".conf
 fi
 }
 # Check if the module exists on the system
 for l_mdir in $l_mpath; do
 if [ -d ""$l_mdir/$l_mndir"" ] && [ -n ""$(ls -A $l_mdir/$l_mndir)"" ]; then
 echo -e ""\n - module: \""$l_mname\"" exists in \""$l_mdir\""\n - checking if disabled...""
 module_deny_fix
 if [ ""$l_mdir"" = ""/lib/modules/$(uname -r)/kernel/$l_mtype"" ]; then
 module_loadable_fix
 module_loaded_fix
 fi
 else
 echo -e ""\n - module: \""$l_mname\"" doesn't exist in \""$l_mdir\""\n""
 fi
 done
 echo -e ""\n - remediation of module: \""$l_mname\"" complete\n""
}
```"
JR2.C.1.1.2.0,jr2_c_1_1_2_0,section,Filesystem Configuration,Configure /tmp .,debian;redhat,,,,The /tmp directory is a world-writable directory used for temporary storage by all users and some applications.,,,,,
JR2.C.1.1.2.1,jr2_c_1_1_2_1,control,Configure /tmp,Ensure /tmp is a separate partition.,debian;redhat,1,CIS-U22:1.1.2.1,"Mount tmpfs to /tmp, or create a separate partition for /tmp .",The `/tmp` directory is a world-writable directory used for temporary storage by all users and some applications.,"Making `/tmp` its own file system allows an administrator to set additional mount options such as the `noexec` option on the mount, making `/tmp` useless for an attacker to install executable code. It would also prevent an attacker from establishing a hard link to a system `setuid` program and wait for it to be updated. Once the program was updated, the hard link would be broken and the attacker would have his own copy of the program. If the program happened to have a security vulnerability, the attacker could continue to exploit the known flaw.

This can be accomplished by either mounting `tmpfs` to `/tmp`, or creating a separate partition for `/tmp`.","Run the following command and verify the output shows that `/tmp` is mounted. Particular requirements pertaining to mount options are covered in ensuing sections.

```
# findmnt -nk /tmp
```

_Example output:_

```
/tmp tmpfs tmpfs rw,nosuid,nodev,noexec
```","For specific configuration requirements of the `/tmp` mount for your environment, modify `/etc/fstab` or `tmp.mount` unit file:

Using `/etc/fstab`:

Configure `/etc/fstab` as appropriate:

_Example:_

```
tmpfs /tmp tmpfs defaults,rw,nosuid,nodev,noexec,relatime 0 0
```

 **-OR-**

Using a `tmp.mount` unit file:

Run the following command to create the tmp.mount file is the correct location:

```
# cp -v /usr/share/systemd/tmp.mount /etc/systemd/system/
```

Edit `/etc/systemd/system/tmp.mount` to configure the `/tmp` mount:

_Example:_

```
# SPDX-License-Identifier: LGPL-2.1+
#
# This file is part of systemd.
#
# systemd is free software; you can redistribute it and/or modify it
# under the terms of the GNU Lesser General Public License as published by
# the Free Software Foundation; either version 2.1 of the License, or
# (at your option) any later version.

[Unit]
Description=Temporary Directory (/tmp)
Documentation=https://systemd.io/TEMPORARY_DIRECTORIES
Documentation=man:file-hierarchy(7)
Documentation=https://www.freedesktop.org/wiki/Software/systemd/APIFileSystems
ConditionPathIsSymbolicLink=!/tmp
DefaultDependencies=no
Conflicts=umount.target
Before=local-fs.target umount.target
After=swap.target

[Mount]
What=tmpfs
Where=/tmp
Type=tmpfs
Options=mode=1777,strictatime,nosuid,nodev,noexec

[Install]
WantedBy=local-fs.target
```

Run the following command to reload the systemd daemon with the updated tmp.mount unit file:

```
# systemctl daemon-reload
```

Run the following command to enable and start tmp.mount

```
# systemctl --now enable tmp.mount
```

**Note:** A reboot may be required to transition to `/tmp` mounted to `tmpfs`.","# [SABC] Red Hat family guidance — family-neutral procedure; the Debian commands (sysctl/systemctl/file/pam checks) run identically on the Red Hat family.
Run the following command and verify the output shows that `/tmp` is mounted. Particular requirements pertaining to mount options are covered in ensuing sections.

```
# findmnt -nk /tmp
```

_Example output:_

```
/tmp tmpfs tmpfs rw,nosuid,nodev,noexec
```","# [SABC] Red Hat family guidance — family-neutral procedure; the Debian commands (sysctl/systemctl/file/pam checks) run identically on the Red Hat family.
For specific configuration requirements of the `/tmp` mount for your environment, modify `/etc/fstab` or `tmp.mount` unit file:

Using `/etc/fstab`:

Configure `/etc/fstab` as appropriate:

_Example:_

```
tmpfs /tmp tmpfs defaults,rw,nosuid,nodev,noexec,relatime 0 0
```

 **-OR-**

Using a `tmp.mount` unit file:

Run the following command to create the tmp.mount file is the correct location:

```
# cp -v /usr/share/systemd/tmp.mount /etc/systemd/system/
```

Edit `/etc/systemd/system/tmp.mount` to configure the `/tmp` mount:

_Example:_

```
# SPDX-License-Identifier: LGPL-2.1+
#
# This file is part of systemd.
#
# systemd is free software; you can redistribute it and/or modify it
# under the terms of the GNU Lesser General Public License as published by
# the Free Software Foundation; either version 2.1 of the License, or
# (at your option) any later version.

[Unit]
Description=Temporary Directory (/tmp)
Documentation=https://systemd.io/TEMPORARY_DIRECTORIES
Documentation=man:file-hierarchy(7)
Documentation=https://www.freedesktop.org/wiki/Software/systemd/APIFileSystems
ConditionPathIsSymbolicLink=!/tmp
DefaultDependencies=no
Conflicts=umount.target
Before=local-fs.target umount.target
After=swap.target

[Mount]
What=tmpfs
Where=/tmp
Type=tmpfs
Options=mode=1777,strictatime,nosuid,nodev,noexec

[Install]
WantedBy=local-fs.target
```

Run the following command to reload the systemd daemon with the updated tmp.mount unit file:

```
# systemctl daemon-reload
```

Run the following command to enable and start tmp.mount

```
# systemctl --now enable tmp.mount
```

**Note:** A reboot may be required to transition to `/tmp` mounted to `tmpfs`."
JR2.C.1.1.2.2,jr2_c_1_1_2_2,control,Configure /tmp,Ensure nodev option set on /tmp partition.,debian;redhat,1,CIS-U22:1.1.2.2,"If a /tmp partition does not exist, this control does not apply. Otherwise:
Set the `nodev` mount option to specify that the filesystem cannot contain special devices.",The `nodev` mount option specifies that the filesystem cannot contain special devices.,"Since the `/tmp` filesystem is not intended to support devices, set this option to ensure that users cannot create block or character special devices in `/tmp`.","Verify that the `nodev` option is set for the `/tmp` mount.

Run the following command to verify that the `nodev` mount option is set.

Example:

```
# findmnt -kn /tmp | grep nodev

/tmp tmpfs tmpfs rw,nosuid,nodev,noexec,relatime,seclabel
```","Edit the `/etc/fstab` file and add `nodev` to the fourth field (mounting options) for the `/tmp` partition.

Example:

```
<device> /tmp <fstype> defaults,rw,nosuid,nodev,noexec,relatime 0 0
```

Run the following command to remount `/tmp` with the configured options:

```
# mount -o remount /tmp
```","# [SABC] Red Hat family guidance — family-neutral procedure; the Debian commands (sysctl/systemctl/file/pam checks) run identically on the Red Hat family.
Verify that the `nodev` option is set for the `/tmp` mount.

Run the following command to verify that the `nodev` mount option is set.

Example:

```
# findmnt -kn /tmp | grep nodev

/tmp tmpfs tmpfs rw,nosuid,nodev,noexec,relatime,seclabel
```","# [SABC] Red Hat family guidance — family-neutral procedure; the Debian commands (sysctl/systemctl/file/pam checks) run identically on the Red Hat family.
Edit the `/etc/fstab` file and add `nodev` to the fourth field (mounting options) for the `/tmp` partition.

Example:

```
<device> /tmp <fstype> defaults,rw,nosuid,nodev,noexec,relatime 0 0
```

Run the following command to remount `/tmp` with the configured options:

```
# mount -o remount /tmp
```"
JR2.C.1.1.2.3,jr2_c_1_1_2_3,control,Configure /tmp,Ensure noexec option set on /tmp partition.,debian;redhat,1,CIS-U22:1.1.2.3,"If a /tmp partition does not exist, this control does not apply. Otherwise:
Set the `noexec` mount option to specify that the filesystem cannot contain executable binaries.",The `noexec` mount option specifies that the filesystem cannot contain executable binaries.,"Since the `/tmp` filesystem is only intended for temporary file storage, set this option to ensure that users cannot run executable binaries from `/tmp`.","Verify that the `noexec` option is set for the `/tmp` mount.

Run the following command to verify that the `noexec` mount option is set.

Example:

```
# findmnt -kn /tmp | grep noexec

/tmp tmpfs tmpfs rw,nosuid,nodev,noexec,relatime,seclabel
```","Edit the `/etc/fstab` file and add `noexec` to the fourth field (mounting options) for the `/tmp` partition.

Example:

```
<device> /tmp <fstype> defaults,rw,nosuid,nodev,noexec,relatime 0 0
```

Run the following command to remount `/tmp` with the configured options:

```
# mount -o remount /tmp
```","# [SABC] Red Hat family guidance — family-neutral procedure; the Debian commands (sysctl/systemctl/file/pam checks) run identically on the Red Hat family.
Verify that the `noexec` option is set for the `/tmp` mount.

Run the following command to verify that the `noexec` mount option is set.

Example:

```
# findmnt -kn /tmp | grep noexec

/tmp tmpfs tmpfs rw,nosuid,nodev,noexec,relatime,seclabel
```","# [SABC] Red Hat family guidance — family-neutral procedure; the Debian commands (sysctl/systemctl/file/pam checks) run identically on the Red Hat family.
Edit the `/etc/fstab` file and add `noexec` to the fourth field (mounting options) for the `/tmp` partition.

Example:

```
<device> /tmp <fstype> defaults,rw,nosuid,nodev,noexec,relatime 0 0
```

Run the following command to remount `/tmp` with the configured options:

```
# mount -o remount /tmp
```"
JR2.C.1.1.2.4,jr2_c_1_1_2_4,control,Configure /tmp,Ensure nosuid option set on /tmp partition.,debian;redhat,1,CIS-U22:1.1.2.4,"If a /tmp partition does not exist, this control does not apply. Otherwise:
Set the `nosuid` mount option to specify that the filesystem cannot contain `setuid` files.",The `nosuid` mount option specifies that the filesystem cannot contain `setuid` files.,"Since the `/tmp` filesystem is only intended for temporary file storage, set this option to ensure that users cannot create `setuid` files in `/tmp`.","Verify that the `nosuid` option is set for the `/tmp` mount.

Run the following command to verify that the `nosuid` mount option is set.

Example:

```
# findmnt -kn /tmp | grep nosuid

/tmp tmpfs tmpfs rw,nosuid,nodev,noexec,relatime,seclabel
```","Edit the `/etc/fstab` file and add `nosuid` to the fourth field (mounting options) for the `/tmp` partition.

Example:

```
<device> /tmp <fstype> defaults,rw,nosuid,nodev,noexec,relatime 0 0
```

Run the following command to remount `/tmp` with the configured options:

```
# mount -o remount /tmp
```","# [SABC] Red Hat family guidance — family-neutral procedure; the Debian commands (sysctl/systemctl/file/pam checks) run identically on the Red Hat family.
Verify that the `nosuid` option is set for the `/tmp` mount.

Run the following command to verify that the `nosuid` mount option is set.

Example:

```
# findmnt -kn /tmp | grep nosuid

/tmp tmpfs tmpfs rw,nosuid,nodev,noexec,relatime,seclabel
```","# [SABC] Red Hat family guidance — family-neutral procedure; the Debian commands (sysctl/systemctl/file/pam checks) run identically on the Red Hat family.
Edit the `/etc/fstab` file and add `nosuid` to the fourth field (mounting options) for the `/tmp` partition.

Example:

```
<device> /tmp <fstype> defaults,rw,nosuid,nodev,noexec,relatime 0 0
```

Run the following command to remount `/tmp` with the configured options:

```
# mount -o remount /tmp
```"
JR2.C.1.1.3.0,jr2_c_1_1_3_0,section,Filesystem Configuration,Configure /var .,debian;redhat,,,,The `/var` directory is used by daemons and other system services to temporarily store dynamic data. Some directories created by these processes may be world-writable.,,,,,
JR2.C.1.1.3.1,jr2_c_1_1_3_1,control,Configure /var,Ensure nodev option set on /var partition.,debian;redhat,2,CIS-U22:1.1.3.2,"If a /var partition does not exist, this control does not apply. Otherwise:
Set the `nodev` mount option to specify that the filesystem cannot contain special devices.",The `nodev` mount option specifies that the filesystem cannot contain special devices.,"Since the `/var` filesystem is not intended to support devices, set this option to ensure that users cannot create block or character special devices in `/var`.","Verify that the `nodev` option is set for the `/var` mount.

Run the following command to verify that the `nodev` mount option is set.

Example:

```
# findmnt -kn /var | grep -v 'nodev'

Nothing should be returned
```","**IF** the `/var` partition exists, edit the `/etc/fstab` file and add `nodev` to the fourth field (mounting options) for the `/var` partition.

Example:

```
<device> /var <fstype> defaults,rw,nosuid,nodev,relatime 0 0
```

Run the following command to remount `/var` with the configured options:

```
# mount -o remount /var
```","# [SABC] Red Hat family guidance — family-neutral procedure; the Debian commands (sysctl/systemctl/file/pam checks) run identically on the Red Hat family.
Verify that the `nodev` option is set for the `/var` mount.

Run the following command to verify that the `nodev` mount option is set.

Example:

```
# findmnt -kn /var | grep -v 'nodev'

Nothing should be returned
```","# [SABC] Red Hat family guidance — family-neutral procedure; the Debian commands (sysctl/systemctl/file/pam checks) run identically on the Red Hat family.
**IF** the `/var` partition exists, edit the `/etc/fstab` file and add `nodev` to the fourth field (mounting options) for the `/var` partition.

Example:

```
<device> /var <fstype> defaults,rw,nosuid,nodev,relatime 0 0
```

Run the following command to remount `/var` with the configured options:

```
# mount -o remount /var
```"
JR2.C.1.1.3.2,jr2_c_1_1_3_2,control,Configure /var,Ensure nosuid option set on /var partition.,debian;redhat,2,CIS-U22:1.1.3.3,"If a /var partition does not exist, this control does not apply. Otherwise:
Set the `nosuid` mount option to specify that the filesystem cannot contain `setuid`files.",The `nosuid` mount option specifies that the filesystem cannot contain `setuid` files.,"Since the `/var` filesystem is only intended for variable files such as logs, set this option to ensure that users cannot create `setuid` files in `/var`.","Verify that the `nosuid` option is set for the `/var` mount.

Run the following command to verify that the `nosuid` mount option is set.

Example:

```
# findmnt -kn /var | grep -v 'nosuid'

Nothing should be returned
```","**IF** the `/var` partition exists, edit the `/etc/fstab` file and add `nosuid` to the fourth field (mounting options) for the `/var` partition.

Example:

```
<device> /var <fstype> defaults,rw,nosuid,nodev,relatime 0 0
```

Run the following command to remount `/var` with the configured options:

```
# mount -o remount /var
```","# [SABC] Red Hat family guidance — family-neutral procedure; the Debian commands (sysctl/systemctl/file/pam checks) run identically on the Red Hat family.
Verify that the `nosuid` option is set for the `/var` mount.

Run the following command to verify that the `nosuid` mount option is set.

Example:

```
# findmnt -kn /var | grep -v 'nosuid'

Nothing should be returned
```","# [SABC] Red Hat family guidance — family-neutral procedure; the Debian commands (sysctl/systemctl/file/pam checks) run identically on the Red Hat family.
**IF** the `/var` partition exists, edit the `/etc/fstab` file and add `nosuid` to the fourth field (mounting options) for the `/var` partition.

Example:

```
<device> /var <fstype> defaults,rw,nosuid,nodev,relatime 0 0
```

Run the following command to remount `/var` with the configured options:

```
# mount -o remount /var
```"
JR2.C.1.1.4.0,jr2_c_1_1_4_0,section,Filesystem Configuration,Configure /var/tmp .,debian;redhat,,,,The `/var/tmp` directory is a world-writable directory used for temporary storage by all users and some applications. Temporary files residing in `/var/tmp` are to be preserved between reboots.,,,,,
JR2.C.1.1.4.1,jr2_c_1_1_4_1,control,Configure /var/tmp,Ensure nodev option set on /var/tmp partition.,debian;redhat,2,CIS-U22:1.1.4.2,"If a /var/tmp partition does not exist, this control does not apply. Otherwise:
Set the `nodev` mount option to specify that the filesystem cannot contain special devices.",The `nodev` mount option specifies that the filesystem cannot contain special devices.,"Since the `/var/tmp` filesystem is not intended to support devices, set this option to ensure that users cannot create block or character special devices in `/var/tmp`.","Verify that the `nodev` option is set for the `/var/tmp` mount.

Run the following command to verify that the `nodev` mount option is set.

Example:

```
# findmnt -kn /var/tmp | grep -v 'nodev'

Nothing should be returned
```","**IF** the `/var/tmp` partition exists, edit the `/etc/fstab` file and add `nodev` to the fourth field (mounting options) for the `/var/tmp` partition.

_Example:_

```
<device> /var/tmp <fstype> defaults,rw,nosuid,nodev,noexec,relatime 0 0
```

Run the following command to remount `/var/tmp` with the configured options:

```
# mount -o remount /var/tmp
```","# [SABC] Red Hat family guidance — family-neutral procedure; the Debian commands (sysctl/systemctl/file/pam checks) run identically on the Red Hat family.
Verify that the `nodev` option is set for the `/var/tmp` mount.

Run the following command to verify that the `nodev` mount option is set.

Example:

```
# findmnt -kn /var/tmp | grep -v 'nodev'

Nothing should be returned
```","# [SABC] Red Hat family guidance — family-neutral procedure; the Debian commands (sysctl/systemctl/file/pam checks) run identically on the Red Hat family.
**IF** the `/var/tmp` partition exists, edit the `/etc/fstab` file and add `nodev` to the fourth field (mounting options) for the `/var/tmp` partition.

_Example:_

```
<device> /var/tmp <fstype> defaults,rw,nosuid,nodev,noexec,relatime 0 0
```

Run the following command to remount `/var/tmp` with the configured options:

```
# mount -o remount /var/tmp
```"
JR2.C.1.1.4.2,jr2_c_1_1_4_2,control,Configure /var/tmp,Ensure noexec option set on /var/tmp partition.,debian;redhat,2,CIS-U22:1.1.4.3,"If a /var/tmp partition does not exist, this control does not apply. Otherwise:
Set the `noexec` mount option to specify that the filesystem cannot contain executable binaries.",The `noexec` mount option specifies that the filesystem cannot contain executable binaries.,"Since the `/var/tmp` filesystem is only intended for temporary file storage, set this option to ensure that users cannot run executable binaries from `/var/tmp`.","Verify that the `noexec` option is set for the `/var/tmp` mount.

Run the following command to verify that the `noexec` mount option is set.

Example:

```
# findmnt -kn /var/tmp | grep -v 'noexec'

Nothing should be returned
```","**IF** the `/var/tmp` partition exists, edit the `/etc/fstab` file and add `noexec` to the fourth field (mounting options) for the `/var/tmp` partition.

_Example:_

```
<device> /var/tmp <fstype> defaults,rw,nosuid,nodev,noexec,relatime 0 0
```

Run the following command to remount `/var/tmp` with the configured options:

```
# mount -o remount /var/tmp
```","# [SABC] Red Hat family guidance — family-neutral procedure; the Debian commands (sysctl/systemctl/file/pam checks) run identically on the Red Hat family.
Verify that the `noexec` option is set for the `/var/tmp` mount.

Run the following command to verify that the `noexec` mount option is set.

Example:

```
# findmnt -kn /var/tmp | grep -v 'noexec'

Nothing should be returned
```","# [SABC] Red Hat family guidance — family-neutral procedure; the Debian commands (sysctl/systemctl/file/pam checks) run identically on the Red Hat family.
**IF** the `/var/tmp` partition exists, edit the `/etc/fstab` file and add `noexec` to the fourth field (mounting options) for the `/var/tmp` partition.

_Example:_

```
<device> /var/tmp <fstype> defaults,rw,nosuid,nodev,noexec,relatime 0 0
```

Run the following command to remount `/var/tmp` with the configured options:

```
# mount -o remount /var/tmp
```"
JR2.C.1.1.4.3,jr2_c_1_1_4_3,control,Configure /var/tmp,Ensure nosuid option set on /var/tmp partition.,debian;redhat,2,CIS-U22:1.1.4.4,"If a /var/tmp partition does not exist, this control does not apply. Otherwise:
Set the `nosuid` mount option to specify that the filesystem cannot contain `setuid`files.",The `nosuid` mount option specifies that the filesystem cannot contain `setuid` files.,"Since the `/var/tmp` filesystem is only intended for temporary file storage, set this option to ensure that users cannot create `setuid` files in `/var/tmp`.","Verify that the `nosuid` option is set for the `/var/tmp` mount.

Run the following command to verify that the `nosuid` mount option is set.

Example:

```
# findmnt -kn /var/tmp | grep -v 'nosuid'

Nothing should be returned
```","**IF** the `/var/tmp` partition exists, edit the `/etc/fstab` file and add `nosuid` to the fourth field (mounting options) for the `/var/tmp` partition.

_Example:_

```
<device> /var/tmp <fstype> defaults,rw,nosuid,nodev,noexec,relatime 0 0
```

Run the following command to remount `/var/tmp` with the configured options:

```
# mount -o remount /var/tmp
```","# [SABC] Red Hat family guidance — family-neutral procedure; the Debian commands (sysctl/systemctl/file/pam checks) run identically on the Red Hat family.
Verify that the `nosuid` option is set for the `/var/tmp` mount.

Run the following command to verify that the `nosuid` mount option is set.

Example:

```
# findmnt -kn /var/tmp | grep -v 'nosuid'

Nothing should be returned
```","# [SABC] Red Hat family guidance — family-neutral procedure; the Debian commands (sysctl/systemctl/file/pam checks) run identically on the Red Hat family.
**IF** the `/var/tmp` partition exists, edit the `/etc/fstab` file and add `nosuid` to the fourth field (mounting options) for the `/var/tmp` partition.

_Example:_

```
<device> /var/tmp <fstype> defaults,rw,nosuid,nodev,noexec,relatime 0 0
```

Run the following command to remount `/var/tmp` with the configured options:

```
# mount -o remount /var/tmp
```"
JR2.C.1.1.5.0,jr2_c_1_1_5_0,section,Filesystem Configuration,Configure /var/log .,debian;redhat,,,,The `/var/log` directory is used by system services to store log data.,,,,,
JR2.C.1.1.5.1,jr2_c_1_1_5_1,control,Configure /var/log,Ensure nodev option set on /var/log partition.,debian;redhat,2,CIS-U22:1.1.5.2,"If a /var/log partition does not exist, this control does not apply. Otherwise:
Set the `nodev` mount option to specify that the filesystem cannot contain special devices.",The `nodev` mount option specifies that the filesystem cannot contain special devices.,"Since the `/var/log` filesystem is not intended to support devices, set this option to ensure that users cannot create block or character special devices in `/var/log`.","Verify that the `nodev` option is set for the `/var/log` mount.

Run the following command to verify that the `nodev` mount option is set.

Example:

```
# findmnt -kn /var/log | grep -v 'nodev'

Nothing should be returned
```","**IF** the `/var/log` partition exists, edit the `/etc/fstab` file and add `nodev` to the fourth field (mounting options) for the `/var/log` partition.

_Example:_

```
<device> /var/log <fstype> defaults,rw,nosuid,nodev,noexec,relatime 0 0
```

Run the following command to remount `/var/log` with the configured options:

```
# mount -o remount /var/log
```","# [SABC] Red Hat family guidance — family-neutral procedure; the Debian commands (sysctl/systemctl/file/pam checks) run identically on the Red Hat family.
Verify that the `nodev` option is set for the `/var/log` mount.

Run the following command to verify that the `nodev` mount option is set.

Example:

```
# findmnt -kn /var/log | grep -v 'nodev'

Nothing should be returned
```","# [SABC] Red Hat family guidance — family-neutral procedure; the Debian commands (sysctl/systemctl/file/pam checks) run identically on the Red Hat family.
**IF** the `/var/log` partition exists, edit the `/etc/fstab` file and add `nodev` to the fourth field (mounting options) for the `/var/log` partition.

_Example:_

```
<device> /var/log <fstype> defaults,rw,nosuid,nodev,noexec,relatime 0 0
```

Run the following command to remount `/var/log` with the configured options:

```
# mount -o remount /var/log
```"
JR2.C.1.1.5.2,jr2_c_1_1_5_2,control,Configure /var/log,Ensure noexec option set on /var/log partition.,debian;redhat,2,CIS-U22:1.1.5.3,"If a /var/log partition does not exist, this control does not apply. Otherwise:
Set the `noexec` mount option to specify that the filesystem cannot contain executable binaries.",The `noexec` mount option specifies that the filesystem cannot contain executable binaries.,"Since the `/var/log` filesystem is only intended for log files, set this option to ensure that users cannot run executable binaries from `/var/log`.","Verify that the `noexec` option is set for the `/var/log` mount.

Run the following command to verify that the `noexec` mount option is set.

Example:

```
# findmnt -kn /var/log | grep -v 'noexec'

Nothing should be returned
```","**IF** the `/var/log` partition exists, edit the `/etc/fstab` file and add `noexec` to the fourth field (mounting options) for the `/var/log` partition.

_Example:_

```
<device> /var/log <fstype> defaults,rw,nosuid,nodev,noexec,relatime 0 0
```

Run the following command to remount `/var/log` with the configured options:

```
# mount -o remount /var/log
```","# [SABC] Red Hat family guidance — family-neutral procedure; the Debian commands (sysctl/systemctl/file/pam checks) run identically on the Red Hat family.
Verify that the `noexec` option is set for the `/var/log` mount.

Run the following command to verify that the `noexec` mount option is set.

Example:

```
# findmnt -kn /var/log | grep -v 'noexec'

Nothing should be returned
```","# [SABC] Red Hat family guidance — family-neutral procedure; the Debian commands (sysctl/systemctl/file/pam checks) run identically on the Red Hat family.
**IF** the `/var/log` partition exists, edit the `/etc/fstab` file and add `noexec` to the fourth field (mounting options) for the `/var/log` partition.

_Example:_

```
<device> /var/log <fstype> defaults,rw,nosuid,nodev,noexec,relatime 0 0
```

Run the following command to remount `/var/log` with the configured options:

```
# mount -o remount /var/log
```"
JR2.C.1.1.5.3,jr2_c_1_1_5_3,control,Configure /var/log,Ensure nosuid option set on /var/log partition.,debian;redhat,2,CIS-U22:1.1.5.4,"If a /var/log partition does not exist, this control does not apply. Otherwise:
Set the `nosuid` mount option to specify that the filesystem cannot contain `setuid`files.",The `nosuid` mount option specifies that the filesystem cannot contain `setuid` files.,"Since the `/var/log` filesystem is only intended for log files, set this option to ensure that users cannot create `setuid` files in `/var/log`.","Verify that the `nosuid` option is set for the `/var/log` mount.

Run the following command to verify that the `nosuid` mount option is set.

Example:

```
# findmnt -kn /var/log | grep -v 'nosuid'

Nothing should be returned
```","**IF** the `/var/log` partition exists, edit the `/etc/fstab` file and add `nosuid` to the fourth field (mounting options) for the `/var/log` partition.

_Example:_

```
<device> /var/log <fstype> defaults,rw,nosuid,nodev,noexec,relatime 0 0
```

Run the following command to remount `/var/log` with the configured options:

```
# mount -o remount /var/log
```","# [SABC] Red Hat family guidance — family-neutral procedure; the Debian commands (sysctl/systemctl/file/pam checks) run identically on the Red Hat family.
Verify that the `nosuid` option is set for the `/var/log` mount.

Run the following command to verify that the `nosuid` mount option is set.

Example:

```
# findmnt -kn /var/log | grep -v 'nosuid'

Nothing should be returned
```","# [SABC] Red Hat family guidance — family-neutral procedure; the Debian commands (sysctl/systemctl/file/pam checks) run identically on the Red Hat family.
**IF** the `/var/log` partition exists, edit the `/etc/fstab` file and add `nosuid` to the fourth field (mounting options) for the `/var/log` partition.

_Example:_

```
<device> /var/log <fstype> defaults,rw,nosuid,nodev,noexec,relatime 0 0
```

Run the following command to remount `/var/log` with the configured options:

```
# mount -o remount /var/log
```"
JR2.C.1.1.6.0,jr2_c_1_1_6_0,section,Filesystem Configuration,Configure /var/log/audit .,debian;redhat,,,,"The auditing daemon, `auditd`, stores log data in the `/var/log/audit` directory.",,,,,
JR2.C.1.1.6.1,jr2_c_1_1_6_1,control,Configure /var/log/audit,Ensure nodev option set on /var/log/audit partition.,debian;redhat,2,CIS-U22:1.1.6.2,"If a /var/log/audit partition does not exist, this control does not apply. Otherwise:
Set the `nodev` mount option to specify that the filesystem cannot contain special devices.",The `nodev` mount option specifies that the filesystem cannot contain special devices.,"Since the `/var/log/audit` filesystem is not intended to support devices, set this option to ensure that users cannot create block or character special devices in `/var/log/audit`.","Verify that the `nodev` option is set for the `/var/log/audit` mount.

Run the following command to verify that the `nodev` mount option is set.

```
# findmnt -kn /var/log/audit | grep -v 'nodev'

Nothing should be returned
```","**IF** the `/var/log/audit` partition exists, edit the `/etc/fstab` file and add `nodev` to the fourth field (mounting options) for the `/var/log/audit` partition.

_Example:_

```
<device> /var/log/audit <fstype> defaults,rw,nosuid,nodev,noexec,relatime 0 0
```

Run the following command to remount `/var/log/audit` with the configured options:

```
# mount -o remount /var/log/audit
```","# [SABC] Red Hat family guidance — family-neutral procedure; the Debian commands (sysctl/systemctl/file/pam checks) run identically on the Red Hat family.
Verify that the `nodev` option is set for the `/var/log/audit` mount.

Run the following command to verify that the `nodev` mount option is set.

```
# findmnt -kn /var/log/audit | grep -v 'nodev'

Nothing should be returned
```","# [SABC] Red Hat family guidance — family-neutral procedure; the Debian commands (sysctl/systemctl/file/pam checks) run identically on the Red Hat family.
**IF** the `/var/log/audit` partition exists, edit the `/etc/fstab` file and add `nodev` to the fourth field (mounting options) for the `/var/log/audit` partition.

_Example:_

```
<device> /var/log/audit <fstype> defaults,rw,nosuid,nodev,noexec,relatime 0 0
```

Run the following command to remount `/var/log/audit` with the configured options:

```
# mount -o remount /var/log/audit
```"
JR2.C.1.1.6.2,jr2_c_1_1_6_2,control,Configure /var/log/audit,Ensure noexec option set on /var/log/audit partition.,debian;redhat,2,CIS-U22:1.1.6.3,"If a /var/log/audit partition does not exist, this control does not apply. Otherwise:
Set the `noexec` mount option to specify that the filesystem cannot contain executable binaries.",The `noexec` mount option specifies that the filesystem cannot contain executable binaries.,"Since the `/var/log/audit` filesystem is only intended for audit logs, set this option to ensure that users cannot run executable binaries from `/var/log/audit`.","Verify that the `noexec` option is set for the `/var/log/audit` mount.

Run the following command to verify that the `noexec` mount option is set.

```
# findmnt -kn /var/log/audit | grep -v 'noexec'

Nothing should be returned
```","**IF** the `/var/log/audit` partition exists, edit the `/etc/fstab` file and add `noexec` to the fourth field (mounting options) for the `/var` partition.

_Example:_

```
<device> /var/log/audit <fstype> defaults,rw,nosuid,nodev,noexec,relatime 0 0
```

Run the following command to remount `/var/log/audit` with the configured options:

```
# mount -o remount /var/log/audit
```","# [SABC] Red Hat family guidance — family-neutral procedure; the Debian commands (sysctl/systemctl/file/pam checks) run identically on the Red Hat family.
Verify that the `noexec` option is set for the `/var/log/audit` mount.

Run the following command to verify that the `noexec` mount option is set.

```
# findmnt -kn /var/log/audit | grep -v 'noexec'

Nothing should be returned
```","# [SABC] Red Hat family guidance — family-neutral procedure; the Debian commands (sysctl/systemctl/file/pam checks) run identically on the Red Hat family.
**IF** the `/var/log/audit` partition exists, edit the `/etc/fstab` file and add `noexec` to the fourth field (mounting options) for the `/var` partition.

_Example:_

```
<device> /var/log/audit <fstype> defaults,rw,nosuid,nodev,noexec,relatime 0 0
```

Run the following command to remount `/var/log/audit` with the configured options:

```
# mount -o remount /var/log/audit
```"
JR2.C.1.1.6.3,jr2_c_1_1_6_3,control,Configure /var/log/audit,Ensure nosuid option set on /var/log/audit partition.,debian;redhat,2,CIS-U22:1.1.6.4,"If a /var/log/audit partition does not exist, this control does not apply. Otherwise:
Set the `nosuid` mount option to specify that the filesystem cannot contain `setuid`files.",The `nosuid` mount option specifies that the filesystem cannot contain `setuid` files.,"Since the `/var/log/audit` filesystem is only intended for variable files such as logs, set this option to ensure that users cannot create `setuid` files in `/var/log/audit`.","Verify that the `nosuid` option is set for the `/var/log/audit` mount.

Run the following command to verify that the `nosuid` mount option is set.

```
# findmnt -kn /var/log/audit | grep -v 'nosuid'

Nothing should be returned
```","**IF** the `/var/log/audit` partition exists, edit the `/etc/fstab` file and add `nosuid` to the fourth field (mounting options) for the `/var/log/audit` partition.

_Example:_

```
<device> /var/log/audit <fstype> defaults,rw,nosuid,nodev,noexec,relatime 0 0
```

Run the following command to remount `/var/log/audit` with the configured options:

```
# mount -o remount /var/log/audit
```","# [SABC] Red Hat family guidance — family-neutral procedure; the Debian commands (sysctl/systemctl/file/pam checks) run identically on the Red Hat family.
Verify that the `nosuid` option is set for the `/var/log/audit` mount.

Run the following command to verify that the `nosuid` mount option is set.

```
# findmnt -kn /var/log/audit | grep -v 'nosuid'

Nothing should be returned
```","# [SABC] Red Hat family guidance — family-neutral procedure; the Debian commands (sysctl/systemctl/file/pam checks) run identically on the Red Hat family.
**IF** the `/var/log/audit` partition exists, edit the `/etc/fstab` file and add `nosuid` to the fourth field (mounting options) for the `/var/log/audit` partition.

_Example:_

```
<device> /var/log/audit <fstype> defaults,rw,nosuid,nodev,noexec,relatime 0 0
```

Run the following command to remount `/var/log/audit` with the configured options:

```
# mount -o remount /var/log/audit
```"
JR2.C.1.1.7.0,jr2_c_1_1_7_0,section,Filesystem Configuration,Configure /home .,debian;redhat,,,,"Please note that home directories could be mounted anywhere and are not necessarily restricted to `/home` nor restricted to a single location, nor is the name restricted in any way.

Checks can be made by looking in `/etc/passwd`, looking over the mounted file systems with `mount` or querying the relevant database with `getent`.",,,,,
JR2.C.1.1.7.1,jr2_c_1_1_7_1,control,Configure /home,Ensure nodev option set on /home partition.,debian;redhat,2,CIS-U22:1.1.7.2,"If a /home partition does not exist, this control does not apply. Otherwise:
Set the `nodev` mount option to specify that the filesystem cannot contain special devices.",The `nodev` mount option specifies that the filesystem cannot contain special devices.,"Since the `/home` filesystem is not intended to support devices, set this option to ensure that users cannot create block or character special devices in `/home`.","Verify that the `nodev` option is set for the `/home` mount.

Run the following command to verify that the `nodev` mount option is set.

```
# findmnt -kn /home | grep -v 'nodev'

Nothing should be returned
```","**IF** the `/home` partition exists, edit the `/etc/fstab` file and add `nodev` to the fourth field (mounting options) for the `/home` partition.

_Example:_

```
<device> /home <fstype> defaults,rw,nosuid,nodev,relatime 0 0
```

Run the following command to remount `/home` with the configured options:

```
# mount -o remount /home
```","# [SABC] Red Hat family guidance — family-neutral procedure; the Debian commands (sysctl/systemctl/file/pam checks) run identically on the Red Hat family.
Verify that the `nodev` option is set for the `/home` mount.

Run the following command to verify that the `nodev` mount option is set.

```
# findmnt -kn /home | grep -v 'nodev'

Nothing should be returned
```","# [SABC] Red Hat family guidance — family-neutral procedure; the Debian commands (sysctl/systemctl/file/pam checks) run identically on the Red Hat family.
**IF** the `/home` partition exists, edit the `/etc/fstab` file and add `nodev` to the fourth field (mounting options) for the `/home` partition.

_Example:_

```
<device> /home <fstype> defaults,rw,nosuid,nodev,relatime 0 0
```

Run the following command to remount `/home` with the configured options:

```
# mount -o remount /home
```"
JR2.C.1.1.7.2,jr2_c_1_1_7_2,control,Configure /home,Ensure nosuid option set on /home partition.,debian;redhat,2,CIS-U22:1.1.7.3,"If a /home partition does not exist, this control does not apply. Otherwise:
Set the `nosuid` mount option to specify that the filesystem cannot contain `setuid`files.",The `nosuid` mount option specifies that the filesystem cannot contain `setuid` files.,"Since the `/home` filesystem is only intended for user file storage, set this option to ensure that users cannot create `setuid` files in `/home`.","Verify that the `nosuid` option is set for the `/home` mount.

Run the following command to verify that the `nosuid` mount option is set.

```
# findmnt -kn /home | grep -v 'nosuid'

Nothing should be returned
```","**IF** the `/home` partition exists, edit the `/etc/fstab` file and add `nosuid` to the fourth field (mounting options) for the `/home` partition.

_Example:_

```
<device> /home <fstype> defaults,rw,nosuid,nodev,relatime 0 0
```

Run the following command to remount `/home` with the configured options:

```
# mount -o remount /home
```","# [SABC] Red Hat family guidance — family-neutral procedure; the Debian commands (sysctl/systemctl/file/pam checks) run identically on the Red Hat family.
Verify that the `nosuid` option is set for the `/home` mount.

Run the following command to verify that the `nosuid` mount option is set.

```
# findmnt -kn /home | grep -v 'nosuid'

Nothing should be returned
```","# [SABC] Red Hat family guidance — family-neutral procedure; the Debian commands (sysctl/systemctl/file/pam checks) run identically on the Red Hat family.
**IF** the `/home` partition exists, edit the `/etc/fstab` file and add `nosuid` to the fourth field (mounting options) for the `/home` partition.

_Example:_

```
<device> /home <fstype> defaults,rw,nosuid,nodev,relatime 0 0
```

Run the following command to remount `/home` with the configured options:

```
# mount -o remount /home
```"
JR2.C.1.1.8.0,jr2_c_1_1_8_0,section,Filesystem Configuration,Configure /dev/shm .,debian;redhat,,,,,,,,,
JR2.C.1.1.8.1,jr2_c_1_1_8_1,control,Configure /dev/shm,Ensure nodev option set on /dev/shm partition.,debian;redhat,1,CIS-U22:1.1.8.1,"If a /dev/shm partition does not exist, this control does not apply. Otherwise:
Set the `nodev` mount option to specify that the filesystem cannot contain special devices.",The `nodev` mount option specifies that the filesystem cannot contain special devices.,"Since the `/dev/shm` filesystem is not intended to support devices, set this option to ensure that users cannot attempt to create special devices in `/dev/shm` partitions.","Verify the live /dev/shm mount carries the nodev option (not applicable when /dev/shm is not a mount point).

```bash
#!/bin/bash
findmnt -kn /dev/shm >/dev/null 2>&1 || exit 101
findmnt -kn /dev/shm | grep -qw nodev && exit 0
exit 1
```","Pin /dev/shm in fstab with nodev,nosuid,noexec and remount.

```bash
#!/bin/bash
findmnt -kn /dev/shm >/dev/null 2>&1 || exit 0
if grep -Eq '^[[:space:]]*tmpfs[[:space:]]+/dev/shm[[:space:]]' /etc/fstab; then
  sed -ri 's|^([[:space:]]*tmpfs[[:space:]]+/dev/shm[[:space:]]+tmpfs[[:space:]]+)[^[:space:]]+|\1defaults,rw,nosuid,nodev,noexec,relatime|' /etc/fstab
else
  printf 'tmpfs /dev/shm tmpfs defaults,rw,nosuid,nodev,noexec,relatime 0 0\n' >> /etc/fstab
fi
mount -o remount /dev/shm 2>/dev/null || true
exit 0
```","# [SABC] Red Hat family guidance — family-neutral procedure; the Debian commands (sysctl/systemctl/file/pam checks) run identically on the Red Hat family.
Verify the live /dev/shm mount carries the nodev option (not applicable when /dev/shm is not a mount point).

```bash
#!/bin/bash
findmnt -kn /dev/shm >/dev/null 2>&1 || exit 101
findmnt -kn /dev/shm | grep -qw nodev && exit 0
exit 1
```","# [SABC] Red Hat family guidance — family-neutral procedure; the Debian commands (sysctl/systemctl/file/pam checks) run identically on the Red Hat family.
Pin /dev/shm in fstab with nodev,nosuid,noexec and remount.

```bash
#!/bin/bash
findmnt -kn /dev/shm >/dev/null 2>&1 || exit 0
if grep -Eq '^[[:space:]]*tmpfs[[:space:]]+/dev/shm[[:space:]]' /etc/fstab; then
  sed -ri 's|^([[:space:]]*tmpfs[[:space:]]+/dev/shm[[:space:]]+tmpfs[[:space:]]+)[^[:space:]]+|\1defaults,rw,nosuid,nodev,noexec,relatime|' /etc/fstab
else
  printf 'tmpfs /dev/shm tmpfs defaults,rw,nosuid,nodev,noexec,relatime 0 0\n' >> /etc/fstab
fi
mount -o remount /dev/shm 2>/dev/null || true
exit 0
```"
JR2.C.1.1.8.2,jr2_c_1_1_8_2,control,Configure /dev/shm,Ensure noexec option set on /dev/shm partition.,debian;redhat,1,CIS-U22:1.1.8.2,"If a /dev/shm partition does not exist, this control does not apply. Otherwise:
Set the `noexec` mount option to specify that the filesystem cannot contain executable binaries.",The `noexec` mount option specifies that the filesystem cannot contain executable binaries.,Setting this option on a file system prevents users from executing programs from shared memory. This deters users from introducing potentially malicious software on the system.,"Verify that the `noexec` option is set for the `/dev/shm` mount.

Run the following command to verify that the `noexec` mount option is set.

```
# findmnt -kn /dev/shm | grep -v 'noexec'

Nothing should be returned
```","Edit the `/etc/fstab` file and add `noexec` to the fourth field (mounting options) for the `/dev/shm` partition.

_Example:_

```
tmpfs /dev/shm tmpfs defaults,rw,nosuid,nodev,noexec,relatime 0 0
```

Run the following command to remount `/dev/shm` with the configured options:

```
# mount -o remount /dev/shm
```

**Note:** It is recommended to use `tmpfs` as the device/filesystem type as `/dev/shm` is used as shared memory space by applications.","# [SABC] Red Hat family guidance — family-neutral procedure; the Debian commands (sysctl/systemctl/file/pam checks) run identically on the Red Hat family.
Verify that the `noexec` option is set for the `/dev/shm` mount.

Run the following command to verify that the `noexec` mount option is set.

```
# findmnt -kn /dev/shm | grep -v 'noexec'

Nothing should be returned
```","# [SABC] Red Hat family guidance — family-neutral procedure; the Debian commands (sysctl/systemctl/file/pam checks) run identically on the Red Hat family.
Edit the `/etc/fstab` file and add `noexec` to the fourth field (mounting options) for the `/dev/shm` partition.

_Example:_

```
tmpfs /dev/shm tmpfs defaults,rw,nosuid,nodev,noexec,relatime 0 0
```

Run the following command to remount `/dev/shm` with the configured options:

```
# mount -o remount /dev/shm
```

**Note:** It is recommended to use `tmpfs` as the device/filesystem type as `/dev/shm` is used as shared memory space by applications."
JR2.C.1.1.8.3,jr2_c_1_1_8_3,control,Configure /dev/shm,Ensure nosuid option set on /dev/shm partition.,debian;redhat,1,CIS-U22:1.1.8.3,"If a /dev/shm partition does not exist, this control does not apply. Otherwise:
Set the `nosuid` mount option to specify that the filesystem cannot contain `setuid` files.",The `nosuid` mount option specifies that the filesystem cannot contain `setuid` files.,Setting this option on a file system prevents users from introducing privileged programs onto the system and allowing non-root users to execute them.,"Verify the live /dev/shm mount carries the nosuid option (not applicable when /dev/shm is not a mount point).

```bash
#!/bin/bash
findmnt -kn /dev/shm >/dev/null 2>&1 || exit 101
findmnt -kn /dev/shm | grep -qw nosuid && exit 0
exit 1
```","Pin /dev/shm in fstab with nodev,nosuid,noexec and remount.

```bash
#!/bin/bash
findmnt -kn /dev/shm >/dev/null 2>&1 || exit 0
if grep -Eq '^[[:space:]]*tmpfs[[:space:]]+/dev/shm[[:space:]]' /etc/fstab; then
  sed -ri 's|^([[:space:]]*tmpfs[[:space:]]+/dev/shm[[:space:]]+tmpfs[[:space:]]+)[^[:space:]]+|\1defaults,rw,nosuid,nodev,noexec,relatime|' /etc/fstab
else
  printf 'tmpfs /dev/shm tmpfs defaults,rw,nosuid,nodev,noexec,relatime 0 0\n' >> /etc/fstab
fi
mount -o remount /dev/shm 2>/dev/null || true
exit 0
```","# [SABC] Red Hat family guidance — family-neutral procedure; the Debian commands (sysctl/systemctl/file/pam checks) run identically on the Red Hat family.
Verify the live /dev/shm mount carries the nosuid option (not applicable when /dev/shm is not a mount point).

```bash
#!/bin/bash
findmnt -kn /dev/shm >/dev/null 2>&1 || exit 101
findmnt -kn /dev/shm | grep -qw nosuid && exit 0
exit 1
```","# [SABC] Red Hat family guidance — family-neutral procedure; the Debian commands (sysctl/systemctl/file/pam checks) run identically on the Red Hat family.
Pin /dev/shm in fstab with nodev,nosuid,noexec and remount.

```bash
#!/bin/bash
findmnt -kn /dev/shm >/dev/null 2>&1 || exit 0
if grep -Eq '^[[:space:]]*tmpfs[[:space:]]+/dev/shm[[:space:]]' /etc/fstab; then
  sed -ri 's|^([[:space:]]*tmpfs[[:space:]]+/dev/shm[[:space:]]+tmpfs[[:space:]]+)[^[:space:]]+|\1defaults,rw,nosuid,nodev,noexec,relatime|' /etc/fstab
else
  printf 'tmpfs /dev/shm tmpfs defaults,rw,nosuid,nodev,noexec,relatime 0 0\n' >> /etc/fstab
fi
mount -o remount /dev/shm 2>/dev/null || true
exit 0
```"
JR2.C.1.2.0,jr2_c_1_2_0,section,Filesystem Integrity Checking,Filesystem Integrity Checking,debian;redhat,,,,"AIDE is a file integrity checking tool, similar in nature to Tripwire. While it cannot prevent intrusions, it can detect unauthorized changes to configuration files by alerting when the files are changed. When setting up AIDE, decide internally what the site policy will be concerning integrity checking. Review the AIDE quick start guide and AIDE documentation before proceeding.",,,,,
JR2.C.1.2.1,jr2_c_1_2_1,control,Filesystem Integrity Checking,Ensure AIDE is installed.,debian;redhat,1,CIS-U22:1.2.1,Must be installed.,"AIDE takes a snapshot of filesystem state including modification times, permissions, and file hashes which can then be used to compare against the current state of the filesystem to detect modifications to the system.",By monitoring the filesystem state compromised files can be detected to prevent or limit the exposure of accidental or malicious misconfigurations or modified binaries.,"Run the following commands to verify AIDE is installed:
```
# dpkg-query -W -f='${binary:Package}\t${Status}\t${db:Status-Status}\n' aide aide-common

aide install ok installed installed
aide-common install ok installed installed
```","Install AIDE using the appropriate package manager or manual installation:
```
# apt install aide aide-common
```
Configure AIDE as appropriate for your environment. Consult the AIDE documentation for options.

Run the following commands to initialize AIDE:
```
# aideinit
# mv /var/lib/aide/aide.db.new /var/lib/aide/aide.db
```","# [SABC] Red Hat family guidance — authored from the CIS AlmaLinux 8 Benchmark.
# (CIS AlmaLinux 8 §6.1.1 — Ensure AIDE is installed)
```
# rpm -q aide
```","# [SABC] Red Hat family guidance — authored from the CIS AlmaLinux 8 Benchmark.
# (CIS AlmaLinux 8 §6.1.1 — Ensure AIDE is installed)
```
# dnf install aide
# aide --init
# mv /var/lib/aide/aide.db.new.gz /var/lib/aide/aide.db.gz
```"
JR2.C.1.2.2,jr2_c_1_2_2,control,Filesystem Integrity Checking,Ensure filesystem integrity is regularly checked.,debian;redhat,1,CIS-U22:1.2.2,Filesystem integrity to be checked daily.,Periodic checking of the filesystem integrity is needed to detect changes to the filesystem.,Periodic file checking allows the system administrator to determine on a regular basis if critical files have been changed in an unauthorized fashion.,"Verify a periodic AIDE integrity check is scheduled (cron entry or the distribution's aide check timer).

```bash
#!/bin/bash
crontab -u root -l 2>/dev/null | grep -Eq '(^|/)(aide|aide\.wrapper)\b' && exit 0
grep -Ersq '(^|/)(aide|aide\.wrapper)\b' /etc/cron.d /etc/cron.daily 2>/dev/null && exit 0
systemctl is-enabled dailyaidecheck.timer >/dev/null 2>&1 && exit 0
systemctl is-enabled aidecheck.timer >/dev/null 2>&1 && exit 0
exit 1
```","Schedule the AIDE check: enable the distribution timer when it exists, otherwise install a root cron entry.

```bash
#!/bin/bash
if systemctl list-unit-files 2>/dev/null | grep -q '^dailyaidecheck\.timer'; then
  systemctl unmask dailyaidecheck.timer >/dev/null 2>&1
  systemctl enable --now dailyaidecheck.timer >/dev/null 2>&1 && exit 0
fi
if [ -x /usr/bin/aide.wrapper ]; then
  printf '0 5 * * * root /usr/bin/aide.wrapper --config /etc/aide/aide.conf --check\n' > /etc/cron.d/aide-check
else
  printf '0 5 * * * root /usr/sbin/aide --check\n' > /etc/cron.d/aide-check
fi
chmod 644 /etc/cron.d/aide-check
exit 0
```","# [SABC] Red Hat family guidance — family-neutral procedure; the Debian commands (sysctl/systemctl/file/pam checks) run identically on the Red Hat family.
Verify a periodic AIDE integrity check is scheduled (cron entry or the distribution's aide check timer).

```bash
#!/bin/bash
crontab -u root -l 2>/dev/null | grep -Eq '(^|/)(aide|aide\.wrapper)\b' && exit 0
grep -Ersq '(^|/)(aide|aide\.wrapper)\b' /etc/cron.d /etc/cron.daily 2>/dev/null && exit 0
systemctl is-enabled dailyaidecheck.timer >/dev/null 2>&1 && exit 0
systemctl is-enabled aidecheck.timer >/dev/null 2>&1 && exit 0
exit 1
```","# [SABC] Red Hat family guidance — family-neutral procedure; the Debian commands (sysctl/systemctl/file/pam checks) run identically on the Red Hat family.
Schedule the AIDE check: enable the distribution timer when it exists, otherwise install a root cron entry.

```bash
#!/bin/bash
if systemctl list-unit-files 2>/dev/null | grep -q '^dailyaidecheck\.timer'; then
  systemctl unmask dailyaidecheck.timer >/dev/null 2>&1
  systemctl enable --now dailyaidecheck.timer >/dev/null 2>&1 && exit 0
fi
if [ -x /usr/bin/aide.wrapper ]; then
  printf '0 5 * * * root /usr/bin/aide.wrapper --config /etc/aide/aide.conf --check\n' > /etc/cron.d/aide-check
else
  printf '0 5 * * * root /usr/sbin/aide --check\n' > /etc/cron.d/aide-check
fi
chmod 644 /etc/cron.d/aide-check
exit 0
```"
JR2.C.1.3.0,jr2_c_1_3_0,section,Secure Boot Settings,Secure Boot Settings,debian;redhat,,,,The recommendations in this section focus on securing the bootloader and settings involved in the boot process directly.,,,,,
JR2.C.1.3.1,jr2_c_1_3_1,control,Secure Boot Settings,Ensure bootloader password is set.,debian;redhat,1,CIS-U22:1.4.1,Bootloader password must be set.,Setting the boot loader password will require that anyone rebooting the system must enter a password before being able to set command line boot parameters.,Requiring a boot password upon execution of the boot loader will prevent an unauthorized user from entering boot parameters or changing the boot partition. This prevents users from weakening security (e.g. turning off AppArmor at boot time).,"Run the following commands and verify output matches:
```
# grep ""^set superusers"" /boot/grub/grub.cfg

set superusers=""<username>""
```

```
# grep ""^password"" /boot/grub/grub.cfg

password_pbkdf2 <username> <encrypted-password>
```","Create an encrypted password with `grub-mkpasswd-pbkdf2`:
```
# grub-mkpasswd-pbkdf2

Enter password: <password>
Reenter password: <password>
PBKDF2 hash of your password is <encrypted-password>
```

Add the following into a custom `/etc/grub.d` configuration file:
```
cat <<EOF
set superusers=""<username>""
password_pbkdf2 <username> <encrypted-password>
EOF
```

_The superuser/user information and password should not be contained in the `/etc/grub.d/00_header` file as this file could be overwritten in a package update._

If there is a requirement to be able to boot/reboot without entering the password, edit `/etc/grub.d/10_linux` and add `--unrestricted` to the line `CLASS=`

_Example:_
```
CLASS=""--class gnu-linux --class gnu --class os --unrestricted""
```

Run the following command to update the `grub2` configuration:
```
# update-grub
```","# [SABC] Red Hat family guidance — family-neutral procedure; the Debian commands (sysctl/systemctl/file/pam checks) run identically on the Red Hat family.
Run the following commands and verify output matches:
```
# grep ""^set superusers"" /boot/grub/grub.cfg

set superusers=""<username>""
```

```
# grep ""^password"" /boot/grub/grub.cfg

password_pbkdf2 <username> <encrypted-password>
```","# [SABC] Red Hat family guidance — family-neutral procedure; the Debian commands (sysctl/systemctl/file/pam checks) run identically on the Red Hat family.
Create an encrypted password with `grub-mkpasswd-pbkdf2`:
```
# grub-mkpasswd-pbkdf2

Enter password: <password>
Reenter password: <password>
PBKDF2 hash of your password is <encrypted-password>
```

Add the following into a custom `/etc/grub.d` configuration file:
```
cat <<EOF
set superusers=""<username>""
password_pbkdf2 <username> <encrypted-password>
EOF
```

_The superuser/user information and password should not be contained in the `/etc/grub.d/00_header` file as this file could be overwritten in a package update._

If there is a requirement to be able to boot/reboot without entering the password, edit `/etc/grub.d/10_linux` and add `--unrestricted` to the line `CLASS=`

_Example:_
```
CLASS=""--class gnu-linux --class gnu --class os --unrestricted""
```

Run the following command to update the `grub2` configuration:
```
# update-grub
```"
JR2.C.1.3.2,jr2_c_1_3_2,control,Secure Boot Settings,Ensure permissions on bootloader config are configured.,debian;redhat,1,CIS-U22:1.4.2,Bootloader config file permissions must be set.,The grub configuration file contains information on boot settings and passwords for unlocking boot options.,Setting the permissions to read and write for root only prevents non-root users from seeing the boot parameters or changing them. Non-root users who read the boot parameters may be able to identify weaknesses in security upon boot and be able to exploit them.,"Run the following command and verify `Uid` and `Gid` are both `0/root` and `Access` is `0600` or more restrictive.

```
# stat -Lc 'Access: (%#a/%A) Uid: ( %u/ %U) Gid: ( %g/ %G)' /boot/grub/grub.cfg

Access: (0600/-rw-------) Uid: ( 0/ root) Gid: ( 0/ root)
```","Run the following commands to set permissions on your grub configuration:

```
# chown root:root /boot/grub/grub.cfg
# chmod u-x,go-rwx /boot/grub/grub.cfg
```","# [SABC] Red Hat family guidance — family-neutral procedure; the Debian commands (sysctl/systemctl/file/pam checks) run identically on the Red Hat family.
Run the following command and verify `Uid` and `Gid` are both `0/root` and `Access` is `0600` or more restrictive.

```
# stat -Lc 'Access: (%#a/%A) Uid: ( %u/ %U) Gid: ( %g/ %G)' /boot/grub/grub.cfg

Access: (0600/-rw-------) Uid: ( 0/ root) Gid: ( 0/ root)
```","# [SABC] Red Hat family guidance — family-neutral procedure; the Debian commands (sysctl/systemctl/file/pam checks) run identically on the Red Hat family.
Run the following commands to set permissions on your grub configuration:

```
# chown root:root /boot/grub/grub.cfg
# chmod u-x,go-rwx /boot/grub/grub.cfg
```"
JR2.C.1.3.3,jr2_c_1_3_3,control,Secure Boot Settings,Ensure authentication required for single user mode.,debian;redhat,1,CIS-U22:1.4.3,Authentication must be required for single user mode.,Single user mode is used for recovery when the system detects an issue during boot or by manual selection from the bootloader.,Requiring authentication in single user mode prevents an unauthorized user from rebooting the system into single user to gain root privileges without credentials.,"Perform the following to determine if a password is set for the `root` user:
```
# grep -Eq '^root:\$[0-9]' /etc/shadow || echo ""root is locked""
```
No results should be returned.","Run the following command and follow the prompts to set a password for the `root` user:
```
# passwd root
```","# [SABC] Red Hat family guidance — family-neutral procedure; the Debian commands (sysctl/systemctl/file/pam checks) run identically on the Red Hat family.
Perform the following to determine if a password is set for the `root` user:
```
# grep -Eq '^root:\$[0-9]' /etc/shadow || echo ""root is locked""
```
No results should be returned.","# [SABC] Red Hat family guidance — family-neutral procedure; the Debian commands (sysctl/systemctl/file/pam checks) run identically on the Red Hat family.
Run the following command and follow the prompts to set a password for the `root` user:
```
# passwd root
```"
JR2.C.1.4.0,jr2_c_1_4_0,section,Additional Process Hardening,Additional Process Hardening,debian;redhat,,,,,,,,,
JR2.C.1.4.1,jr2_c_1_4_1,control,Additional Process Hardening,Ensure prelink is not installed.,debian;redhat,1,CIS-U22:1.5.1,Must not be installed.,`prelink` is a program that modifies ELF shared libraries and ELF dynamically linked binaries in such a way that the time needed for the dynamic linker to perform relocations at startup significantly decreases.,"The prelinking feature can interfere with the operation of AIDE, because it changes binaries. Prelinking can also increase the vulnerability of the system if a malicious user is able to compromise a common library such as libc.","Verify `prelink` is not installed:
```
# dpkg-query -W -f='${binary:Package}\t${Status}\t${db:Status-Status}\n' prelink

prelink unknown ok not-installed not-installed
```","Run the following command to restore binaries to normal:
```
# prelink -ua
```

Uninstall `prelink` using the appropriate package manager or manual installation:
```
# apt purge prelink
```","# [SABC] Not applicable on the Red Hat family — no CIS AlmaLinux 8 equivalent for this Debian-specific control.
```
#!/usr/bin/env bash
exit 101
```","# [SABC] Not applicable on the Red Hat family — no CIS AlmaLinux 8 equivalent for this Debian-specific control.
"
JR2.C.1.4.2,jr2_c_1_4_2,control,Additional Process Hardening,Ensure address space layout randomization (ASLR) is enabled.,debian;redhat,1,CIS-U22:1.5.2,Set kernel.randomize_va_space = 2,Address space layout randomization (ASLR) is an exploit mitigation technique which randomly arranges the address space of key data areas of a process.,Randomly placing virtual memory regions will make it difficult to write memory page exploits as the memory placement will be consistently shifting.,"Run the following script to verify the following kernel parameter is set in the running configuration and correctly loaded from a kernel parameter configuration file:
- `kernel.randomize_va_space` is set to `2`

**Note:** kernel parameters are loaded by file and parameter order precedence. The following script observes this precedence as part of the auditing procedure. The parameters being checked may be set correctly in a file. If that file is superseded, the parameter is overridden by an incorrect setting later in that file, or in a conically later file, that ""correct"" setting will be ignored both by the script and by the system during a normal kernel parameter load sequence. 

```
#!/usr/bin/env bash

{
 l_output="""" l_output2=""""
 a_parlist=(kernel.randomize_va_space=2)
 l_ufwscf=""$([ -f /etc/default/ufw ] && awk -F= '/^\s*IPT_SYSCTL=/ {print $2}' /etc/default/ufw)""
 kernel_parameter_chk()
 { 
 l_krp=""$(sysctl ""$l_kpname"" | awk -F= '{print $2}' | xargs)"" # Check running configuration
 if [ ""$l_krp"" = ""$l_kpvalue"" ]; then
 l_output=""$l_output\n - \""$l_kpname\"" is correctly set to \""$l_krp\"" in the running configuration""
 else
 l_output2=""$l_output2\n - \""$l_kpname\"" is incorrectly set to \""$l_krp\"" in the running configuration and should have a value of: \""$l_kpvalue\""""
 fi
 unset A_out; declare -A A_out # Check durable setting (files)
 while read -r l_out; do
 if [ -n ""$l_out"" ]; then
 if [[ $l_out =~ ^\s*# ]]; then
 l_file=""${l_out//# /}""
 else
 l_kpar=""$(awk -F= '{print $1}' <<< ""$l_out"" | xargs)""
 [ ""$l_kpar"" = ""$l_kpname"" ] && A_out+=([""$l_kpar""]=""$l_file"")
 fi
 fi
 done < <(/usr/lib/systemd/systemd-sysctl --cat-config | grep -Po '^\h*([^#\n\r]+|#\h*\/[^#\n\r\h]+\.conf\b)')
 if [ -n ""$l_ufwscf"" ]; then # Account for systems with UFW (Not covered by systemd-sysctl --cat-config)
 l_kpar=""$(grep -Po ""^\h*$l_kpname\b"" ""$l_ufwscf"" | xargs)""
 l_kpar=""${l_kpar//\//.}""
 [ ""$l_kpar"" = ""$l_kpname"" ] && A_out+=([""$l_kpar""]=""$l_ufwscf"")
 fi
 if (( ${#A_out[@]} > 0 )); then # Assess output from files and generate output
 while IFS=""="" read -r l_fkpname l_fkpvalue; do
 l_fkpname=""${l_fkpname// /}""; l_fkpvalue=""${l_fkpvalue// /}""
 if [ ""$l_fkpvalue"" = ""$l_kpvalue"" ]; then
 l_output=""$l_output\n - \""$l_kpname\"" is correctly set to \""$l_fkpvalue\"" in \""$(printf '%s' ""${A_out[@]}"")\""\n""
 else
 l_output2=""$l_output2\n - \""$l_kpname\"" is incorrectly set to \""$l_fkpvalue\"" in \""$(printf '%s' ""${A_out[@]}"")\"" and should have a value of: \""$l_kpvalue\""\n""
 fi
 done < <(grep -Po -- ""^\h*$l_kpname\h*=\h*\H+"" ""${A_out[@]}"")
 else
 l_output2=""$l_output2\n - \""$l_kpname\"" is not set in an included file\n ** Note: \""$l_kpname\"" May be set in a file that's ignored by load procedure **\n""
 fi
 }
 while IFS=""="" read -r l_kpname l_kpvalue; do # Assess and check parameters
 l_kpname=""${l_kpname// /}""; l_kpvalue=""${l_kpvalue// /}""
 if ! grep -Pqs '^\h*0\b' /sys/module/ipv6/parameters/disable && grep -q '^net.ipv6.' <<< ""$l_kpname""; then
 l_output=""$l_output\n - IPv6 is disabled on the system, \""$l_kpname\"" is not applicable""
 else
 kernel_parameter_chk
 fi
 done < <(printf '%s\n' ""${a_parlist[@]}"")
 if [ -z ""$l_output2"" ]; then # Provide output from checks
 echo -e ""\n- Audit Result:\n ** PASS **\n$l_output\n""
 else
 echo -e ""\n- Audit Result:\n ** FAIL **\n - Reason(s) for audit failure:\n$l_output2\n""
 [ -n ""$l_output"" ] && echo -e ""\n- Correctly set:\n$l_output\n""
 fi
}
```","Set the following parameter in `/etc/sysctl.conf` or a file in `/etc/sysctl.d/` ending in `.conf`:
- `kernel.randomize_va_space = 2`

_Example:_
```
# printf ""
kernel.randomize_va_space = 2
"" >> /etc/sysctl.d/60-kernel_sysctl.conf
```

Run the following command to set the active kernel parameter:

```
# sysctl -w kernel.randomize_va_space=2
```

**Note:** If these settings appear in a conically later file, or later in the same file, these settings will be overwritten","# [SABC] Red Hat family guidance — authored from the CIS AlmaLinux 8 Benchmark.
# (CIS AlmaLinux 8 §1.5.8 — Ensure kernel.randomize_va_space is configured)
```
#!/usr/bin/env bash

{
      l_parameter_name=""kernel.randomize_va_space""
      l_grep=""${l_parameter_name//./(\\.|\\/)}"" a_output=() a_files=()
      l_systemdsysctl=""$(readlink -e /lib/systemd/systemd-sysctl \
      || readlink -e /usr/lib/systemd/systemd-sysctl)""
      l_ufw_file=""$([ -f /etc/default/ufw ] && \
      awk -F= '/^\s*IPT_SYSCTL=/ {print $2}' /etc/default/ufw)""
      [ -f ""$(readlink -e ""$l_ufw_file"")"" ] && \
      a_files+=(""$l_ufw_file""); a_files+=(""/etc/sysctl.conf"")
      while IFS= read -r l_fname; do
         l_file=""$(readlink -e ""${l_fname//# /}"")""
         [ -n ""$l_file"" ] && ! grep -Psiq -- '(^|\h+)'""$l_file""'\b' \
         <<< ""${a_files[*]}"" && a_files+=(""$l_file"")
      done < <(""$l_systemdsysctl"" --cat-config | tac | \
      grep -Pio '^\h*#\h*\/[^#\n\r\h]+\.conf\b')
      for l_file in ""${a_files[@]}""; do
         l_opt=""$(grep -Poi '^\h*'""$l_grep""'\h*=\h*\H+\b' ""$l_file"" | tail -n
1)""
      l_option_value=""$(cut -d= -f2 <<< ""$l_opt"" | xargs)""
      if [ -n ""$l_option_value"" ]; then
         [ ""$l_file"" = ""$(readlink -e ""$l_ufw_file"")"" ] && \
         a_output+=("" ** \""$l_file\"" is UFW's IPT_SYSCTL file **"")
         a_output+=("" - \""$l_parameter_name\"" is set to: \""$l_option_value\""
in: \""$l_file\"""")
      fi
   done
   [ ""${#a_output[@]}"" -gt ""0"" ] && printf '%s\n' """" ""${a_output[@]}"" """"
}
Example output:
 - ""kernel.randomize_va_space"" is set to: ""2"" in: ""/etc/sysctl.d/60-
kernel_sysctl.conf""
Note:

  •     This script looks at all files used by systemd sysctl.
  •     More information about these files and their location is available in the section
        overview.
  •     If multiple lines are returned:
            o The first line includes the value being used by systemd sysctl. If this is a
                correct value, this is considered a passing state. If the file listed is not in
                the /etc/sysctl.d/ directory, it is highly recommended to follow the
                remediation procedure to create a .conf file in the /etc/sysctl.d/
                directory with the correct setting to prevent a potential change due to an
                update to the system.
            o Any files in the /etc/sysctl.d/ directory that include an incorrect value
                should be modified to comment out or change the incorrect value to
                minimize the potential of the incorrect value being used by systemd
                sysctl due to system configuration changes.
  •     SYSTEM FILE PRECEDENCE
            o When using the --system option, sysctl will read files from directories in
                the following list in given order from top to bottom. Once a file of a given
                filename is loaded, any file of the same name in subsequent directories is
                ignored.
            o /etc/sysctl.d/*.conf /run/sysctl.d/*.conf
                /usr/local/lib/sysctl.d/*.conf /usr/lib/sysctl.d/*.conf
                /lib/sysctl.d/*.conf /etc/sysctl.conf
            o All configuration files are sorted in lexicographic order, regardless of the
                directory they reside in. Configuration files can either be completely
                replaced (by having a new configuration file with the same name in a
                directory of higher priority) or partially replaced (by having a configuration
                file that is ordered later)--
```","# [SABC] Red Hat family guidance — authored from the CIS AlmaLinux 8 Benchmark.
# (CIS AlmaLinux 8 §1.5.8 — Ensure kernel.randomize_va_space is configured)
```
#!/usr/bin/env bash

{
    l_option=""kernel.randomize_va_space"" l_value=""2""
    l_grep=""${l_option//./(\\.|\\/)}"" a_files=()
    l_systemdsysctl=""$(readlink -e /lib/systemd/systemd-sysctl \
    || readlink -e /usr/lib/systemd/systemd-sysctl)""
    l_ufw_file=""$([ -f /etc/default/ufw ] && \
    awk -F= '/^\s*IPT_SYSCTL=/ {print $2}' /etc/default/ufw)""
    [ -f ""$(readlink -e ""$l_ufw_file"")"" ] && \
    a_files+=(""$l_ufw_file""); a_files+=(""/etc/sysctl.conf"")
    while IFS= read -r l_fname; do
       l_file=""$(readlink -e ""${l_fname//# /}"")""
       [ -n ""$l_file"" ] && ! grep -Psiq -- '(^|\h+)'""$l_file""'\b' \
       <<< ""${a_files[*]}"" && a_files+=(""$l_file"")
    done < <(""$l_systemdsysctl"" --cat-config | tac | \
    grep -Pio -- '^\h*#\h*\/[^#\n\r\h]+\.conf\b')
    for l_file in ""${a_files[@]}""; do
       grep -Poi -- '\h*'""$l_grep""'\h*=\h*\H+\b' ""$l_file"" \
       | grep -Pivq -- '^\h*'""$l_grep""'\h*=\h*'""$l_value""'\b' && \
       sed -ri '/^\s*'""$l_grep""'\s*=\s*([01]|[3-9]|1[0-9]+)/s/^/# /' ""$l_file""
    done
}

    2. Create or edit a file in the /etc/sysctl.d/ directory ending in .conf and edit or
       add the following line:
kernel.randomize_va_space = 2
Example:
# [ ! -d ""/etc/sysctl.d/"" ] && mkdir -p /etc/sysctl.d/
# printf '%s\n' """" ""kernel.randomize_va_space = 2"" >> /etc/sysctl.d/60-
kernel_sysctl.conf
Note: If the UFW file was the first file listed in the audit, the entry will be commented out
as part of the first step, however updating Uncomplicated Firewall (UFW) may update
this change. In this case the updated entry will supersede the entry being created as
part of this step.

    3. Run the following command to load all system configuration filles:

# sysctl --system
```"
JR2.C.1.4.3,jr2_c_1_4_3,control,Additional Process Hardening,Ensure ptrace_scope is restricted.,debian;redhat,1,CIS-U22:1.5.3,ptrace_scope must be restricted.,"The `ptrace()` system call provides a means by which one process (the ""tracer"") may observe and control the execution of another process (the ""tracee""), and examine and change the tracee's memory and registers.","If one application is compromised, it would be possible for an attacker to attach to other running processes (e.g. Bash, Firefox, SSH sessions, GPG agent, etc) to extract additional credentials and continue to expand the scope of their attack.

Enabling restricted mode will limit the ability of a compromised process to PTRACE_ATTACH on other processes running under the same user. With restricted mode, ptrace will continue to work with root user.","Run the following script to verify the following kernel parameter is set in the running configuration and correctly loaded from a kernel parameter configuration file:
- `kernel.yama.ptrace_scope` is set to `1`

**Note:** kernel parameters are loaded by file and parameter order precedence. The following script observes this precedence as part of the auditing procedure. The parameters being checked may be set correctly in a file. If that file is superseded, the parameter is overridden by an incorrect setting later in that file, or in a conically later file, that ""correct"" setting will be ignored both by the script and by the system during a normal kernel parameter load sequence. 

```
#!/usr/bin/env bash

{
 l_output="""" l_output2=""""
 a_parlist=(""kernel.yama.ptrace_scope=1"")
 l_ufwscf=""$([ -f /etc/default/ufw ] && awk -F= '/^\s*IPT_SYSCTL=/ {print $2}' /etc/default/ufw)""
 kernel_parameter_chk()
 { 
 l_krp=""$(sysctl ""$l_kpname"" | awk -F= '{print $2}' | xargs)"" # Check running configuration
 if [ ""$l_krp"" = ""$l_kpvalue"" ]; then
 l_output=""$l_output\n - \""$l_kpname\"" is correctly set to \""$l_krp\"" in the running configuration""
 else
 l_output2=""$l_output2\n - \""$l_kpname\"" is incorrectly set to \""$l_krp\"" in the running configuration and should have a value of: \""$l_kpvalue\""""
 fi
 unset A_out; declare -A A_out # Check durable setting (files)
 while read -r l_out; do
 if [ -n ""$l_out"" ]; then
 if [[ $l_out =~ ^\s*# ]]; then
 l_file=""${l_out//# /}""
 else
 l_kpar=""$(awk -F= '{print $1}' <<< ""$l_out"" | xargs)""
 [ ""$l_kpar"" = ""$l_kpname"" ] && A_out+=([""$l_kpar""]=""$l_file"")
 fi
 fi
 done < <(/usr/lib/systemd/systemd-sysctl --cat-config | grep -Po '^\h*([^#\n\r]+|#\h*\/[^#\n\r\h]+\.conf\b)')
 if [ -n ""$l_ufwscf"" ]; then # Account for systems with UFW (Not covered by systemd-sysctl --cat-config)
 l_kpar=""$(grep -Po ""^\h*$l_kpname\b"" ""$l_ufwscf"" | xargs)""
 l_kpar=""${l_kpar//\//.}""
 [ ""$l_kpar"" = ""$l_kpname"" ] && A_out+=([""$l_kpar""]=""$l_ufwscf"")
 fi
 if (( ${#A_out[@]} > 0 )); then # Assess output from files and generate output
 while IFS=""="" read -r l_fkpname l_fkpvalue; do
 l_fkpname=""${l_fkpname// /}""; l_fkpvalue=""${l_fkpvalue// /}""
 if [ ""$l_fkpvalue"" = ""$l_kpvalue"" ]; then
 l_output=""$l_output\n - \""$l_kpname\"" is correctly set to \""$l_fkpvalue\"" in \""$(printf '%s' ""${A_out[@]}"")\""\n""
 else
 l_output2=""$l_output2\n - \""$l_kpname\"" is incorrectly set to \""$l_fkpvalue\"" in \""$(printf '%s' ""${A_out[@]}"")\"" and should have a value of: \""$l_kpvalue\""\n""
 fi
 done < <(grep -Po -- ""^\h*$l_kpname\h*=\h*\H+"" ""${A_out[@]}"")
 else
 l_output2=""$l_output2\n - \""$l_kpname\"" is not set in an included file\n ** Note: \""$l_kpname\"" May be set in a file that's ignored by load procedure **\n""
 fi
 }
 while IFS=""="" read -r l_kpname l_kpvalue; do # Assess and check parameters
 l_kpname=""${l_kpname// /}""; l_kpvalue=""${l_kpvalue// /}""
 if ! grep -Pqs '^\h*0\b' /sys/module/ipv6/parameters/disable && grep -q '^net.ipv6.' <<< ""$l_kpname""; then
 l_output=""$l_output\n - IPv6 is disabled on the system, \""$l_kpname\"" is not applicable""
 else
 kernel_parameter_chk
 fi
 done < <(printf '%s\n' ""${a_parlist[@]}"")
 if [ -z ""$l_output2"" ]; then # Provide output from checks
 echo -e ""\n- Audit Result:\n ** PASS **\n$l_output\n""
 else
 echo -e ""\n- Audit Result:\n ** FAIL **\n - Reason(s) for audit failure:\n$l_output2\n""
 [ -n ""$l_output"" ] && echo -e ""\n- Correctly set:\n$l_output\n""
 fi
}
```","Set the following parameter in `/etc/sysctl.conf` or a file in `/etc/sysctl.d/` ending in `.conf`:
- `kernel.yama.ptrace_scope = 1`

_Example:_
```
# printf ""
kernel.yama.ptrace_scope = 1
"" >> /etc/sysctl.d/60-kernel_sysctl.conf
```

Run the following command to set the active kernel parameter:

```
# sysctl -w kernel.yama.ptrace_scope=1
```

**Note:** If these settings appear in a conically later file, or later in the same file, these settings will be overwritten.","# [SABC] Red Hat family guidance — authored from the CIS AlmaLinux 8 Benchmark.
# (CIS AlmaLinux 8 §1.5.7 — Ensure kernel.yama.ptrace_scope is configured)
```
#!/usr/bin/env bash

{
      l_parameter_name=""kernel.yama.ptrace_scope""
      l_grep=""${l_parameter_name//./(\\.|\\/)}"" a_output=() a_files=()
      l_systemdsysctl=""$(readlink -e /lib/systemd/systemd-sysctl \
      || readlink -e /usr/lib/systemd/systemd-sysctl)""
      l_ufw_file=""$([ -f /etc/default/ufw ] && \
      awk -F= '/^\s*IPT_SYSCTL=/ {print $2}' /etc/default/ufw)""
      [ -f ""$(readlink -e ""$l_ufw_file"")"" ] && \
      a_files+=(""$l_ufw_file""); a_files+=(""/etc/sysctl.conf"")
      while IFS= read -r l_fname; do
         l_file=""$(readlink -e ""${l_fname//# /}"")""
         [ -n ""$l_file"" ] && ! grep -Psiq -- '(^|\h+)'""$l_file""'\b' \
         <<< ""${a_files[*]}"" && a_files+=(""$l_file"")
      done < <(""$l_systemdsysctl"" --cat-config | tac | \
      grep -Pio '^\h*#\h*\/[^#\n\r\h]+\.conf\b')
      for l_file in ""${a_files[@]}""; do
         l_opt=""$(grep -Poi '^\h*'""$l_grep""'\h*=\h*\H+\b' ""$l_file"" | tail -n
1)""
         l_option_value=""$(cut -d= -f2 <<< ""$l_opt"" | xargs)""
         [ -n ""$l_option_value"" ] && \
         a_output+=("" - \""$l_parameter_name = $l_option_value\"" is set in:"" \
         ""    \""$l_file\"""")
      done
      [ ""${#a_output[@]}"" -gt ""0"" ] && printf '%s\n' """" ""${a_output[@]}"" """"
}
Example output:
- ""kernel.yama.ptrace_scope"" is set to: ""1"" in: ""/etc/sysctl.d/60-
kernel_sysctl.conf""
Note:

  •     If the UFW set value is displayed, and is the correct value, this is considered a
        passing state. If this value is incorrect, it must be updated in the file shown in the
        audit script output.
  •     If multiple lines are returned:
             o The first line includes the value being used by systemd sysctl. If this is a
                correct value, this is considered a passing state. If the file listed is not in
                the /etc/sysctl.d/ directory, it is highly recommended to follow the
                remediation procedure to create a .conf file in the /etc/sysctl.d/
                directory with the correct setting to prevent a potential change due to an
                update to the system.
             o Any files in the /etc/sysctl.d/ directory that include an incorrect value
                should be modified to comment out or change the incorrect value to
                minimize the potential of the incorrect value being used by systemd
                sysctl due to system configuration changes.
  •     SYSTEM FILE PRECEDENCE
             o When using the --system option, sysctl will read files from directories in
                the following list in given order from top to bottom. Once a file of a given
                filename is loaded, any file of the same name in subsequent directories is
                ignored.
             o /etc/sysctl.d/*.conf /run/sysctl.d/*.conf
                /usr/local/lib/sysctl.d/*.conf /usr/lib/sysctl.d/*.conf
                /lib/sysctl.d/*.conf /etc/sysctl.conf
             o All configuration files are sorted in lexicographic order, regardless of the
                directory they reside in. Configuration files can either be completely
                replaced (by having a new configuration file with the same name in a
                directory of higher priority) or partially replaced (by having a configuration
                file that is ordered later)--
```","# [SABC] Red Hat family guidance — authored from the CIS AlmaLinux 8 Benchmark.
# (CIS AlmaLinux 8 §1.5.7 — Ensure kernel.yama.ptrace_scope is configured)
```
#!/usr/bin/env bash

{
    l_option=""kernel.yama.ptrace_scope"" l_value=""(1|2|3)""
    l_grep=""${l_option//./(\\.|\\/)}"" a_files=()
    l_systemdsysctl=""$(readlink -e /lib/systemd/systemd-sysctl \
    || readlink -e /usr/lib/systemd/systemd-sysctl)""
    l_ufw_file=""$([ -f /etc/default/ufw ] && \
    awk -F= '/^\s*IPT_SYSCTL=/ {print $2}' /etc/default/ufw)""
    [ -f ""$(readlink -e ""$l_ufw_file"")"" ] && \
    a_files+=(""$l_ufw_file""); a_files+=(""/etc/sysctl.conf"")
    while IFS= read -r l_fname; do
       l_file=""$(readlink -e ""${l_fname//# /}"")""
       [ -n ""$l_file"" ] && ! grep -Psiq -- '(^|\h+)'""$l_file""'\b' \
       <<< ""${a_files[*]}"" && a_files+=(""$l_file"")
    done < <(""$l_systemdsysctl"" --cat-config | tac | \
    grep -Pio '^\h*#\h*\/[^#\n\r\h]+\.conf\b')
    for l_file in ""${a_files[@]}""; do
       grep -Poi '\h*'""$l_grep""'\h*=\h*\H+\b' ""$l_file"" \
       | grep -Pivq '^\h*'""$l_grep""'\h*=\h*'""$l_value""'\b' && \
       sed -ri '/^\s*'""$l_grep""'\s*=\s*(0|4-9|1[0-9]+)/s/^/# /' ""$l_file""
    done
}

    2. Create or edit a file in the /etc/sysctl.d/ directory ending in .conf and edit or
       add the following line:

kernel.yama.ptrace_scope = {N}
Example:
# [ ! -d ""/etc/sysctl.d/"" ] && mkdir -p /etc/sysctl.d/
# printf '%s\n' """" ""kernel.yama.ptrace_scope = 1"" >> /etc/sysctl.d/60-
kernel_sysctl.conf
Note: The example uses kernel.yama.ptrace_scope = 1 but value may be set to 1,
2, or 3

    3. Run the following command to load all system configuration filles:

# sysctl --system
```"
JR2.C.1.4.4,jr2_c_1_4_4,control,Additional Process Hardening,Ensure Automatic Error Reporting is not enabled.,debian;redhat,1,CIS-U22:1.5.4,Automatic Error Reporting must be disabled.,The Apport Error Reporting Service automatically generates crash reports for debugging.,"Apport collects potentially sensitive data, such as core dumps, stack traces, and log files. They can contain passwords, credit card numbers, serial numbers, and other private material.","Run the following command to verify that the Apport Error Reporting Service is not enabled:

```
# dpkg-query -s apport > /dev/null 2>&1 && grep -Psi -- '^\h*enabled\h*=\h*[^0]\b' /etc/default/apport
```

Nothing should be returned

Run the following command to verify that the apport service is not active:

```
# systemctl is-active apport.service | grep '^active'
```

Nothing should be returned.","Edit `/etc/default/apport` and add or edit the enabled parameter to equal `0`:

```
enabled=0
```

Run the following commands to stop and disable the apport service

```
# systemctl stop apport.service
# systemctl --now disable apport.service
```

 **-- OR --**

Run the following command to remove the apport package:

```
# apt purge apport
```","# [SABC] Not applicable on the Red Hat family — no CIS AlmaLinux 8 equivalent for this Debian-specific control.
```
#!/usr/bin/env bash
exit 101
```","# [SABC] Not applicable on the Red Hat family — no CIS AlmaLinux 8 equivalent for this Debian-specific control.
"
JR2.C.1.4.5,jr2_c_1_4_5,control,Additional Process Hardening,Ensure core dumps are restricted.,debian;redhat,1,CIS-U22:1.5.5,"Set 'hard core' ulimit to '0'.
Set fs.suid_dumpable to '0'.","A core dump is the memory of an executable program. It is generally used to determine why a program aborted. It can also be used to glean confidential information from a core file. The system provides the ability to set a soft limit for core dumps, but this can be overridden by the user.","Setting a hard limit on core dumps prevents users from overriding the soft variable. If core dumps are required, consider setting limits for user groups (see `limits.conf(5)` ). In addition, setting the `fs.suid_dumpable` variable to 0 will prevent setuid programs from dumping core.","Verify core dumps are restricted: hard limit 0, fs.suid_dumpable=0 live and persisted (systemd-coredump storage disabled when present).

```bash
#!/bin/bash
grep -Ersq '^[[:space:]]*\*[[:space:]]+hard[[:space:]]+core[[:space:]]+0\b' /etc/security/limits.conf /etc/security/limits.d 2>/dev/null || exit 1
[ ""$(sysctl -n fs.suid_dumpable 2>/dev/null)"" = ""0"" ] || exit 1
grep -Ersq '^[[:space:]]*fs\.suid_dumpable[[:space:]]*=[[:space:]]*0\b' /etc/sysctl.conf /etc/sysctl.d 2>/dev/null || exit 1
if [ -e /etc/systemd/coredump.conf ] || [ -d /etc/systemd/coredump.conf.d ]; then
  grep -Ehs '^[[:space:]]*Storage[[:space:]]*=' /etc/systemd/coredump.conf /etc/systemd/coredump.conf.d/*.conf 2>/dev/null | tail -1 | grep -q 'none' || exit 1
fi
exit 0
```","Restrict core dumps via limits.d, sysctl.d and (when present) a systemd-coredump drop-in.

```bash
#!/bin/bash
printf '* hard core 0\n' > /etc/security/limits.d/50-sabc-core.conf
printf 'fs.suid_dumpable = 0\n' > /etc/sysctl.d/60-sabc-coredump.conf
sysctl -w fs.suid_dumpable=0 >/dev/null
if [ -e /etc/systemd/coredump.conf ] || [ -d /etc/systemd/coredump.conf.d ]; then
  mkdir -p /etc/systemd/coredump.conf.d
  printf '[Coredump]\nStorage=none\nProcessSizeMax=0\n' > /etc/systemd/coredump.conf.d/60-sabc.conf
fi
exit 0
```","# [SABC] Red Hat family guidance — family-neutral procedure; the Debian commands (sysctl/systemctl/file/pam checks) run identically on the Red Hat family.
Verify core dumps are restricted: hard limit 0, fs.suid_dumpable=0 live and persisted (systemd-coredump storage disabled when present).

```bash
#!/bin/bash
grep -Ersq '^[[:space:]]*\*[[:space:]]+hard[[:space:]]+core[[:space:]]+0\b' /etc/security/limits.conf /etc/security/limits.d 2>/dev/null || exit 1
[ ""$(sysctl -n fs.suid_dumpable 2>/dev/null)"" = ""0"" ] || exit 1
grep -Ersq '^[[:space:]]*fs\.suid_dumpable[[:space:]]*=[[:space:]]*0\b' /etc/sysctl.conf /etc/sysctl.d 2>/dev/null || exit 1
if [ -e /etc/systemd/coredump.conf ] || [ -d /etc/systemd/coredump.conf.d ]; then
  grep -Ehs '^[[:space:]]*Storage[[:space:]]*=' /etc/systemd/coredump.conf /etc/systemd/coredump.conf.d/*.conf 2>/dev/null | tail -1 | grep -q 'none' || exit 1
fi
exit 0
```","# [SABC] Red Hat family guidance — family-neutral procedure; the Debian commands (sysctl/systemctl/file/pam checks) run identically on the Red Hat family.
Restrict core dumps via limits.d, sysctl.d and (when present) a systemd-coredump drop-in.

```bash
#!/bin/bash
printf '* hard core 0\n' > /etc/security/limits.d/50-sabc-core.conf
printf 'fs.suid_dumpable = 0\n' > /etc/sysctl.d/60-sabc-coredump.conf
sysctl -w fs.suid_dumpable=0 >/dev/null
if [ -e /etc/systemd/coredump.conf ] || [ -d /etc/systemd/coredump.conf.d ]; then
  mkdir -p /etc/systemd/coredump.conf.d
  printf '[Coredump]\nStorage=none\nProcessSizeMax=0\n' > /etc/systemd/coredump.conf.d/60-sabc.conf
fi
exit 0
```"
JR2.C.1.5.0,jr2_c_1_5_0,section,Mandatory Access Control,Mandatory Access Control,debian;redhat,,,,"Mandatory Access Control (MAC) provides an additional layer of access restrictions to processes on top of the base Discretionary Access Controls. By restricting how processes can access files and resources on a system the potential impact from vulnerabilities in the processes can be reduced.

**Impact:** Mandatory Access Control limits the capabilities of applications and daemons on a system, while this can prevent unauthorized access the configuration of MAC can be complex and difficult to implement correctly preventing legitimate access from occurring.

**Note:**
- Apparmor is the default MAC provided with Debian-based systems.
- Additional Mandatory Access Control systems to include SELinux exist. If a different Mandatory Access Control systems is used, please follow it's vendors guidance for proper implementation in place of the guidance provided in this section.",,,,,
JR2.C.1.5.1.0,jr2_c_1_5_1_0,section,Mandatory Access Control,Configure AppArmor,debian;redhat,,,,"AppArmor provides a Mandatory Access Control (MAC) system that greatly augments the default Discretionary Access Control (DAC) model. Under AppArmor MAC rules are applied by file paths instead of by security contexts as in other MAC systems. As such it does not require support in the filesystem and can be applied to network mounted filesystems for example. AppArmor security policies define what system resources applications can access and what privileges they can do so with. This automatically limits the damage that the software can do to files accessible by the calling user. The user does not need to take any action to gain this benefit. For an action to occur, both the traditional DAC permissions must be satisfied as well as the AppArmor MAC rules. The action will not be allowed if either one of these models does not permit the action. In this way, AppArmor rules can only make a system's permissions more restrictive and secure.

**References:**

1. AppArmor Documentation: [http://wiki.apparmor.net/index.php/Documentation](http://wiki.apparmor.net/index.php/Documentation)
2. Ubuntu AppArmor Documentation: [https://help.ubuntu.com/community/AppArmor](https://help.ubuntu.com/community/AppArmor)
3. SUSE AppArmor Documentation: [https://www.suse.com/documentation/apparmor/](https://www.suse.com/documentation/apparmor/)",,,,,
JR2.C.1.5.1,jr2_c_1_5_1,control,Configure AppArmor,Ensure AppArmor is installed.,debian;redhat,1,CIS-U22:1.6.1.1,AppArmor must be installed.,AppArmor provides Mandatory Access Controls.,Without a Mandatory Access Control system installed only the default Discretionary Access Control system will be available.,"Verify BOTH apparmor and apparmor-utils are installed.

```bash
#!/bin/bash
dpkg-query -W apparmor >/dev/null 2>&1 || exit 1
dpkg-query -W apparmor-utils >/dev/null 2>&1 || exit 1
exit 0
```","Install AppArmor and its utilities.

```bash
#!/bin/bash
DEBIAN_FRONTEND=noninteractive apt-get -y install apparmor apparmor-utils >/dev/null
exit 0
```","# [SABC] Not applicable on the Red Hat family — no CIS AlmaLinux 8 equivalent for this Debian-specific control.
```
#!/usr/bin/env bash
exit 101
```","# [SABC] Not applicable on the Red Hat family — no CIS AlmaLinux 8 equivalent for this Debian-specific control.
"
JR2.C.1.5.2,jr2_c_1_5_2,control,Configure AppArmor,Ensure AppArmor is enabled in the bootloader configuration.,debian;redhat,1,CIS-U22:1.6.1.2,AppArmor must be enabled in the bootloader configuration.,"Configure AppArmor to be enabled at boot time and verify that it has not been overwritten by the bootloader boot parameters.

_Note: This recommendation is designed around the grub bootloader, if LILO or another bootloader is in use in your environment enact equivalent settings._",AppArmor must be enabled at boot time in your bootloader configuration to ensure that the controls it provides are not overridden.,"Run the following commands to verify that all `linux` lines have the `apparmor=1` and `security=apparmor` parameters set:
```
# grep ""^\s*linux"" /boot/grub/grub.cfg | grep -v ""apparmor=1""

Nothing should be returned
```

```
# grep ""^\s*linux"" /boot/grub/grub.cfg | grep -v ""security=apparmor""

Nothing should be returned
```","Edit `/etc/default/grub` and add the `apparmor=1` and `security=apparmor` parameters to the `GRUB_CMDLINE_LINUX=` line
```
GRUB_CMDLINE_LINUX=""apparmor=1 security=apparmor""
```

Run the following command to update the `grub2` configuration:
```
# update-grub
```","# [SABC] Not applicable on the Red Hat family — no CIS AlmaLinux 8 equivalent for this Debian-specific control.
```
#!/usr/bin/env bash
exit 101
```","# [SABC] Not applicable on the Red Hat family — no CIS AlmaLinux 8 equivalent for this Debian-specific control.
"
JR2.C.1.5.3,jr2_c_1_5_3,control,Configure AppArmor,Ensure all AppArmor Profiles are in enforce or complain mode.,debian;redhat,1,CIS-U22:1.6.1.3,Set all AppArmor profiles to either enforce or complain mode.,AppArmor profiles define what resources applications are able to access.,"Security configuration requirements vary from site to site. Some sites may mandate a policy that is stricter than the default policy, which is perfectly acceptable. This item is intended to ensure that any policies that exist on the system are activated.","Run the following command and verify that profiles are loaded, and are in either enforce or complain mode:
```
# apparmor_status | grep profiles
```

Review output and ensure that profiles are loaded, and in either enforce or complain mode:
```
37 profiles are loaded.
35 profiles are in enforce mode.
2 profiles are in complain mode.
4 processes have profiles defined.
```

Run the following command and verify no processes are unconfined
```
# apparmor_status | grep processes
```

Review the output and ensure no processes are unconfined:
```
4 processes have profiles defined.
4 processes are in enforce mode.
0 processes are in complain mode.
0 processes are unconfined but have a profile defined.
```","Run the following command to set all profiles to enforce mode:
```
# aa-enforce /etc/apparmor.d/*
```

_OR_

Run the following command to set all profiles to complain mode:
```
# aa-complain /etc/apparmor.d/*
```
_Note: Any unconfined processes may need to have a profile created or activated for them and then be restarted_","# [SABC] Not applicable on the Red Hat family — no CIS AlmaLinux 8 equivalent for this Debian-specific control.
```
#!/usr/bin/env bash
exit 101
```","# [SABC] Not applicable on the Red Hat family — no CIS AlmaLinux 8 equivalent for this Debian-specific control.
"
JR2.C.1.6.0,jr2_c_1_6_0,section,Command Line Warning Banners,Command Line Warning Banners,debian;redhat,,,,"Presenting a warning message prior to the normal user login may assist in the prosecution of trespassers on the computer system. Changing some of these login banners also has the side effect of hiding OS version information and other detailed system information from attackers attempting to target specific exploits at a system. The `/etc/motd`, `/etc/issue`, and `/etc/issue.net` files govern warning banners for standard command line logins for both local and remote users.

Guidelines published by the US Department of Defense require that warning messages include at least the name of the organization that owns the system, the fact that the system is subject to monitoring and that such monitoring is in compliance with local statutes, and that use of the system implies consent to such monitoring. It is important that the organization's legal counsel review the content of all messages before any system modifications are made, as these warning messages are inherently site-specific. More information (including citations of relevant case law) can be found at [http://www.justice.gov/criminal/cybercrime/ ](http://www.justice.gov/criminal/cybercrime/ )

_Note: The text provided in the remediation actions for these items is intended as an example only. Please edit to include the specific text for your organization as approved by your legal department_",,,,,
JR2.C.1.6.1,jr2_c_1_6_1,control,Command Line Warning Banners,Ensure message of the day is configured properly.,debian;redhat,1,CIS-U22:1.7.1,Must be configured.,"The contents of the `/etc/motd` file are displayed to users after login and function as a message of the day for authenticated users.

Unix-based systems have typically displayed information about the OS release and patch level upon logging in to the system. This information can be useful to developers who are developing software for a particular OS platform. If `mingetty(8)` supports the following options, they display operating system information: `\m` - machine architecture `\r` - operating system release `\s` - operating system name `\v` - operating system version.","Warning messages inform users who are attempting to login to the system of their legal status regarding the system and must include the name of the organization that owns the system and any monitoring policies that are in place. Displaying OS and patch level information in login banners also has the side effect of providing detailed system information to attackers attempting to target specific exploits of a system. Authorized users can easily get this information by running the "" `uname -a` "" command once they have logged in.","Verify /etc/motd (when present) contains no escape sequences or OS-identity references — an absent motd is compliant.

```bash
#!/bin/bash
[ -e /etc/motd ] || exit 0
os_id=$(grep '^ID=' /etc/os-release | cut -d= -f2 | tr -d '""')
grep -Eqis ""(\\\\v|\\\\r|\\\\m|\\\\s|$os_id)"" /etc/motd && exit 1
exit 0
```","Strip escape sequences and OS-identity references from /etc/motd.

```bash
#!/bin/bash
[ -e /etc/motd ] || exit 0
os_id=$(grep '^ID=' /etc/os-release | cut -d= -f2 | tr -d '""')
sed -ri ""s/\\\\[mrsv]//g"" /etc/motd
[ -n ""$os_id"" ] && sed -ri ""s/$os_id//gI"" /etc/motd
exit 0
```","# [SABC] Red Hat family guidance — family-neutral procedure; the Debian commands (sysctl/systemctl/file/pam checks) run identically on the Red Hat family.
Verify /etc/motd (when present) contains no escape sequences or OS-identity references — an absent motd is compliant.

```bash
#!/bin/bash
[ -e /etc/motd ] || exit 0
os_id=$(grep '^ID=' /etc/os-release | cut -d= -f2 | tr -d '""')
grep -Eqis ""(\\\\v|\\\\r|\\\\m|\\\\s|$os_id)"" /etc/motd && exit 1
exit 0
```","# [SABC] Red Hat family guidance — family-neutral procedure; the Debian commands (sysctl/systemctl/file/pam checks) run identically on the Red Hat family.
Strip escape sequences and OS-identity references from /etc/motd.

```bash
#!/bin/bash
[ -e /etc/motd ] || exit 0
os_id=$(grep '^ID=' /etc/os-release | cut -d= -f2 | tr -d '""')
sed -ri ""s/\\\\[mrsv]//g"" /etc/motd
[ -n ""$os_id"" ] && sed -ri ""s/$os_id//gI"" /etc/motd
exit 0
```"
JR2.C.1.6.2,jr2_c_1_6_2,control,Command Line Warning Banners,Ensure local login warning banner is configured properly.,debian;redhat,1,CIS-U22:1.7.2,Must be configured.,"The contents of the `/etc/issue` file are displayed to users prior to login for local terminals.

Unix-based systems have typically displayed information about the OS release and patch level upon logging in to the system. This information can be useful to developers who are developing software for a particular OS platform. If `mingetty(8)` supports the following options, they display operating system information: `\m` - machine architecture `\r` - operating system release `\s` - operating system name `\v` - operating system version - or the operating system's name.","Warning messages inform users who are attempting to login to the system of their legal status regarding the system and must include the name of the organization that owns the system and any monitoring policies that are in place. Displaying OS and patch level information in login banners also has the side effect of providing detailed system information to attackers attempting to target specific exploits of a system. Authorized users can easily get this information by running the "" `uname -a` "" command once they have logged in.","Run the following command and verify that the contents match site policy:

```
# cat /etc/issue
```

Run the following command and verify no results are returned:

```
# grep -E -i ""(\\\v|\\\r|\\\m|\\\s|$(grep '^ID=' /etc/os-release | cut -d= -f2 | sed -e 's/""//g'))"" /etc/issue
```","Edit the `/etc/issue` file with the appropriate contents according to your site policy, remove any instances of `\m` , `\r` , `\s` , `\v` or references to the `OS platform`. Add or update the message text to follow local site policy.

_Example Text:_

```
# echo ""Authorized use only. All activity may be monitored and reported."" > /etc/issue.net
```","# [SABC] Red Hat family guidance — family-neutral procedure; the Debian commands (sysctl/systemctl/file/pam checks) run identically on the Red Hat family.
Run the following command and verify that the contents match site policy:

```
# cat /etc/issue
```

Run the following command and verify no results are returned:

```
# grep -E -i ""(\\\v|\\\r|\\\m|\\\s|$(grep '^ID=' /etc/os-release | cut -d= -f2 | sed -e 's/""//g'))"" /etc/issue
```","# [SABC] Red Hat family guidance — family-neutral procedure; the Debian commands (sysctl/systemctl/file/pam checks) run identically on the Red Hat family.
Edit the `/etc/issue` file with the appropriate contents according to your site policy, remove any instances of `\m` , `\r` , `\s` , `\v` or references to the `OS platform`. Add or update the message text to follow local site policy.

_Example Text:_

```
# echo ""Authorized use only. All activity may be monitored and reported."" > /etc/issue.net
```"
JR2.C.1.6.3,jr2_c_1_6_3,control,Command Line Warning Banners,Ensure remote login warning banner is configured properly.,debian;redhat,1,CIS-U22:1.7.3,Must be configured.,"The contents of the `/etc/issue.net` file are displayed to users prior to login for remote connections from configured services.

Unix-based systems have typically displayed information about the OS release and patch level upon logging in to the system. This information can be useful to developers who are developing software for a particular OS platform. If `mingetty(8)` supports the following options, they display operating system information: `\m` - machine architecture `\r` - operating system release `\s` - operating system name `\v` - operating system version.","Warning messages inform users who are attempting to login to the system of their legal status regarding the system and must include the name of the organization that owns the system and any monitoring policies that are in place. Displaying OS and patch level information in login banners also has the side effect of providing detailed system information to attackers attempting to target specific exploits of a system. Authorized users can easily get this information by running the "" `uname -a` "" command once they have logged in.","Run the following command and verify that the contents match site policy:

```
# cat /etc/issue.net
```

Run the following command and verify no results are returned:

```
# grep -E -i ""(\\\v|\\\r|\\\m|\\\s|$(grep '^ID=' /etc/os-release | cut -d= -f2 | sed -e 's/""//g'))"" /etc/issue.net
```","Edit the `/etc/issue.net` file with the appropriate contents according to your site policy, remove any instances of `\m` , `\r` , `\s` , `\v` or references to the `OS platform`. Add or update the message text to follow local site policy.

_Example Text:_

```
# echo ""Authorized use only. All activity may be monitored and reported."" > /etc/issue.net
```","# [SABC] Red Hat family guidance — family-neutral procedure; the Debian commands (sysctl/systemctl/file/pam checks) run identically on the Red Hat family.
Run the following command and verify that the contents match site policy:

```
# cat /etc/issue.net
```

Run the following command and verify no results are returned:

```
# grep -E -i ""(\\\v|\\\r|\\\m|\\\s|$(grep '^ID=' /etc/os-release | cut -d= -f2 | sed -e 's/""//g'))"" /etc/issue.net
```","# [SABC] Red Hat family guidance — family-neutral procedure; the Debian commands (sysctl/systemctl/file/pam checks) run identically on the Red Hat family.
Edit the `/etc/issue.net` file with the appropriate contents according to your site policy, remove any instances of `\m` , `\r` , `\s` , `\v` or references to the `OS platform`. Add or update the message text to follow local site policy.

_Example Text:_

```
# echo ""Authorized use only. All activity may be monitored and reported."" > /etc/issue.net
```"
JR2.C.1.6.4,jr2_c_1_6_4,control,Command Line Warning Banners,Ensure permissions on /etc/motd are configured.,debian;redhat,1,CIS-U22:1.7.4,"Uid and Gid are both 0/root and Access is 644 or more restrictive, or the file doesn't exist.",The contents of the `/etc/motd` file are displayed to users after login and function as a message of the day for authenticated users.,If the `/etc/motd` file does not have the correct ownership it could be modified by unauthorized users with incorrect or misleading information.,"Verify permissions on /etc/motd are 644 root:root (an absent motd is compliant).

```bash
#!/bin/bash
[ -e /etc/motd ] || exit 0
[ ""$(stat -c '%a %U %G' /etc/motd)"" = ""644 root root"" ] && exit 0
exit 1
```","Set /etc/motd to 644 root:root when the file exists.

```bash
#!/bin/bash
[ -e /etc/motd ] || exit 0
chown root:root /etc/motd
chmod 644 /etc/motd
exit 0
```","# [SABC] Red Hat family guidance — family-neutral procedure; the Debian commands (sysctl/systemctl/file/pam checks) run identically on the Red Hat family.
Verify permissions on /etc/motd are 644 root:root (an absent motd is compliant).

```bash
#!/bin/bash
[ -e /etc/motd ] || exit 0
[ ""$(stat -c '%a %U %G' /etc/motd)"" = ""644 root root"" ] && exit 0
exit 1
```","# [SABC] Red Hat family guidance — family-neutral procedure; the Debian commands (sysctl/systemctl/file/pam checks) run identically on the Red Hat family.
Set /etc/motd to 644 root:root when the file exists.

```bash
#!/bin/bash
[ -e /etc/motd ] || exit 0
chown root:root /etc/motd
chmod 644 /etc/motd
exit 0
```"
JR2.C.1.6.5,jr2_c_1_6_5,control,Command Line Warning Banners,Ensure permissions on /etc/issue are configured.,debian;redhat,1,CIS-U22:1.7.5,"Uid and Gid are both 0/root and Access is 644 or more restrictive, or the file doesn't exist.",The contents of the `/etc/issue` file are displayed to users prior to login for local terminals.,If the `/etc/issue` file does not have the correct ownership it could be modified by unauthorized users with incorrect or misleading information.,"Run the following command and verify `Access` is `644` or more restrictive and `Uid` and `Gid` are both `0/root`:

```
# stat -Lc 'Access: (%#a/%A) Uid: ( %u/ %U) Gid: { %g/ %G)' /etc/issue

Access: (0644/-rw-r--r--) Uid: ( 0/ root) Gid: { 0/ root)
```","Run the following commands to set permissions on `/etc/issue`:

```
# chown root:root $(readlink -e /etc/issue)
# chmod u-x,go-wx $(readlink -e /etc/issue)
```","# [SABC] Red Hat family guidance — family-neutral procedure; the Debian commands (sysctl/systemctl/file/pam checks) run identically on the Red Hat family.
Run the following command and verify `Access` is `644` or more restrictive and `Uid` and `Gid` are both `0/root`:

```
# stat -Lc 'Access: (%#a/%A) Uid: ( %u/ %U) Gid: { %g/ %G)' /etc/issue

Access: (0644/-rw-r--r--) Uid: ( 0/ root) Gid: { 0/ root)
```","# [SABC] Red Hat family guidance — family-neutral procedure; the Debian commands (sysctl/systemctl/file/pam checks) run identically on the Red Hat family.
Run the following commands to set permissions on `/etc/issue`:

```
# chown root:root $(readlink -e /etc/issue)
# chmod u-x,go-wx $(readlink -e /etc/issue)
```"
JR2.C.1.6.6,jr2_c_1_6_6,control,Command Line Warning Banners,Ensure permissions on /etc/issue.net are configured.,debian;redhat,1,CIS-U22:1.7.6,"Uid and Gid are both 0/root and Access is 644 or more restrictive, or the file doesn't exist.",The contents of the `/etc/issue.net` file are displayed to users prior to login for remote connections from configured services.,If the `/etc/issue.net` file does not have the correct ownership it could be modified by unauthorized users with incorrect or misleading information.,"Run the following command and verify `Access` is `644` or more restrictive and `Uid` and `Gid` are both `0/root`:

```
# stat -Lc 'Access: (%#a/%A) Uid: ( %u/ %U) Gid: { %g/ %G)' /etc/issue.net

Access: (0644/-rw-r--r--) Uid: ( 0/ root) Gid: ( 0/ root)
```","Run the following commands to set permissions on `/etc/issue.net` :
```
# chown root:root $(readlink -e /etc/issue.net)
# chmod u-x,go-wx $(readlink -e /etc/issue.net)
```","# [SABC] Red Hat family guidance — family-neutral procedure; the Debian commands (sysctl/systemctl/file/pam checks) run identically on the Red Hat family.
Run the following command and verify `Access` is `644` or more restrictive and `Uid` and `Gid` are both `0/root`:

```
# stat -Lc 'Access: (%#a/%A) Uid: ( %u/ %U) Gid: { %g/ %G)' /etc/issue.net

Access: (0644/-rw-r--r--) Uid: ( 0/ root) Gid: ( 0/ root)
```","# [SABC] Red Hat family guidance — family-neutral procedure; the Debian commands (sysctl/systemctl/file/pam checks) run identically on the Red Hat family.
Run the following commands to set permissions on `/etc/issue.net` :
```
# chown root:root $(readlink -e /etc/issue.net)
# chmod u-x,go-wx $(readlink -e /etc/issue.net)
```"
JR2.C.1.7.0,jr2_c_1_7_0,section,GNOME Display Manager,GNOME Display Manager,debian;redhat,,,,"The GNOME Display Manager (GDM) is a program that manages graphical display servers and handles graphical user logins.

**Note:** If GDM is not installed on the system, this section can be skipped.",,,,,
JR2.C.1.7.1,jr2_c_1_7_1,control,GNOME Display Manager,Ensure GDM login banner is configured.,debian;redhat,1,CIS-U22:1.8.2,"If GDM is installed:
/etc/gdm3/greeter.dconf-defaults file must exist and must contain the following:
[org/gnome/login-screen]
banner-message-enable=true
banner-message-text='<banner message>'",GDM is the GNOME Display Manager which handles graphical login for GNOME based systems.,Warning messages inform users who are attempting to login to the system of their legal status regarding the system and must include the name of the organization that owns the system and any monitoring policies that are in place.,"Run the following script to verify that the text banner on the login screen is enabled and set:

```
#!/usr/bin/env bash

{
 l_pkgoutput=""""
 if command -v dpkg-query > /dev/null 2> then
 l_pq=""dpkg-query -W""
 elif command -v rpm > /dev/null 2> then
 l_pq=""rpm -q""
 fi
 l_pcl=""gdm gdm3"" # Space separated list of packages to check
 for l_pn in $l_pcl; do
 $l_pq ""$l_pn"" > /dev/null 2>&1 && l_pkgoutput=""$l_pkgoutput\n - Package: \""$l_pn\"" exists on the system\n - checking configuration""
 done
 if [ -n ""$l_pkgoutput"" ]; then
 l_output="""" l_output2=""""
 echo -e ""$l_pkgoutput""
 # Look for existing settings and set variables if they exist
 l_gdmfile=""$(grep -Prils '^\h*banner-message-enable\b' /etc/dconf/db/*.d)""
 if [ -n ""$l_gdmfile"" ]; then
 # Set profile name based on dconf db directory ({PROFILE_NAME}.d)
 l_gdmprofile=""$(awk -F\/ '{split($(NF-1),a,""."");print a[1]}' <<< ""$l_gdmfile"")""
 # Check if banner message is enabled
 if grep -Pisq '^\h*banner-message-enable=true\b' ""$l_gdmfile""; then
 l_output=""$l_output\n - The \""banner-message-enable\"" option is enabled in \""$l_gdmfile\""""
 else
 l_output2=""$l_output2\n - The \""banner-message-enable\"" option is not enabled""
 fi
 l_lsbt=""$(grep -Pios '^\h*banner-message-text=.*$' ""$l_gdmfile"")""
 if [ -n ""$l_lsbt"" ]; then
 l_output=""$l_output\n - The \""banner-message-text\"" option is set in \""$l_gdmfile\""\n - banner-message-text is set to:\n - \""$l_lsbt\""""
 else
 l_output2=""$l_output2\n - The \""banner-message-text\"" option is not set""
 fi
 if grep -Pq ""^\h*system-db:$l_gdmprofile"" /etc/dconf/profile/""$l_gdmprofile""; then
 l_output=""$l_output\n - The \""$l_gdmprofile\"" profile exists""
 else
 l_output2=""$l_output2\n - The \""$l_gdmprofile\"" profile doesn't exist""
 fi
 if [ -f ""/etc/dconf/db/$l_gdmprofile"" ]; then
 l_output=""$l_output\n - The \""$l_gdmprofile\"" profile exists in the dconf database""
 else
 l_output2=""$l_output2\n - The \""$l_gdmprofile\"" profile doesn't exist in the dconf database""
 fi
 else
 l_output2=""$l_output2\n - The \""banner-message-enable\"" option isn't configured""
 fi
 else
 echo -e ""\n\n - GNOME Desktop Manager isn't installed\n - Recommendation is Not Applicable\n- Audit result:\n *** PASS ***\n""
 fi
 # Report results. If no failures output in l_output2, we pass
 if [ -z ""$l_output2"" ]; then
 echo -e ""\n- Audit Result:\n ** PASS **\n$l_output\n""
 else
 echo -e ""\n- Audit Result:\n ** FAIL **\n - Reason(s) for audit failure:\n$l_output2\n""
 [ -n ""$l_output"" ] && echo -e ""\n- Correctly set:\n$l_output\n""
 fi
}
```","Run the following script to verify that the banner message is enabled and set:

```
#!/usr/bin/env bash

{
 l_pkgoutput=""""
 if command -v dpkg-query > /dev/null 2> then
 l_pq=""dpkg-query -W""
 elif command -v rpm > /dev/null 2> then
 l_pq=""rpm -q""
 fi
 l_pcl=""gdm gdm3"" # Space separated list of packages to check
 for l_pn in $l_pcl; do
 $l_pq ""$l_pn"" > /dev/null 2>&1 && l_pkgoutput=""$l_pkgoutput\n - Package: \""$l_pn\"" exists on the system\n - checking configuration""
 done
 if [ -n ""$l_pkgoutput"" ]; then

 l_gdmprofile=""gdm"" # Set this to desired profile name IaW Local site policy
 l_bmessage=""'Authorized uses only. All activity may be monitored and reported'"" # Set to desired banner message
 if [ ! -f ""/etc/dconf/profile/$l_gdmprofile"" ]; then
 echo ""Creating profile \""$l_gdmprofile\""""
 echo -e ""user-db:user\nsystem-db:$l_gdmprofile\nfile-db:/usr/share/$l_gdmprofile/greeter-dconf-defaults"" > /etc/dconf/profile/$l_gdmprofile
 fi
 if [ ! -d ""/etc/dconf/db/$l_gdmprofile.d/"" ]; then
 echo ""Creating dconf database directory \""/etc/dconf/db/$l_gdmprofile.d/\""""
 mkdir /etc/dconf/db/$l_gdmprofile.d/
 fi
 if ! grep -Piq '^\h*banner-message-enable\h*=\h*true\b' /etc/dconf/db/$l_gdmprofile.d/*; then
 echo ""creating gdm keyfile for machine-wide settings""
 if ! grep -Piq -- '^\h*banner-message-enable\h*=\h*' /etc/dconf/db/$l_gdmprofile.d/*; then
 l_kfile=""/etc/dconf/db/$l_gdmprofile.d/01-banner-message""
 echo -e ""\n[org/gnome/login-screen]\nbanner-message-enable=true"" >> ""$l_kfile""
 else
 l_kfile=""$(grep -Pil -- '^\h*banner-message-enable\h*=\h*' /etc/dconf/db/$l_gdmprofile.d/*)""
 ! grep -Pq '^\h*\[org\/gnome\/login-screen\]' ""$l_kfile"" && sed -ri '/^\s*banner-message-enable/ i\[org/gnome/login-screen]' ""$l_kfile""
 ! grep -Pq '^\h*banner-message-enable\h*=\h*true\b' ""$l_kfile"" && sed -ri 's/^\s*(banner-message-enable\s*=\s*)(\S+)(\s*.*$)/\1true \3//' ""$l_kfile""
 # sed -ri '/^\s*\[org\/gnome\/login-screen\]/ a\\nbanner-message-enable=true' ""$l_kfile""
 fi
 fi
 if ! grep -Piq ""^\h*banner-message-text=[\'\""]+\S+"" ""$l_kfile""; then
 sed -ri ""/^\s*banner-message-enable/ a\banner-message-text=$l_bmessage"" ""$l_kfile""
 fi
 dconf update
 else
 echo -e ""\n\n - GNOME Desktop Manager isn't installed\n - Recommendation is Not Applicable\n - No remediation required\n""
 fi
}
```

**Note:**
- There is no character limit for the banner message. gnome-shell autodetects longer stretches of text and enters two column mode.
- The banner message cannot be read from an external file.

 _**OR**_

Run the following command to remove the gdm3 package:

```
# apt purge gdm3
```","# [SABC] Red Hat family guidance — authored from the CIS AlmaLinux 8 Benchmark.
# (CIS AlmaLinux 8 §1.8.1 — Ensure GDM login banner is configured)
```
# gsettings writable org.gnome.login-screen banner-message-enable
# gsettings writable org.gnome.login-screen banner-message-text
# gsettings get org.gnome.login-screen banner-message-enable
# gsettings get org.gnome.login-screen banner-message-text
```","# [SABC] Red Hat family guidance — authored from the CIS AlmaLinux 8 Benchmark.
# (CIS AlmaLinux 8 §1.8.1 — Ensure GDM login banner is configured)
```
#!/usr/bin/env bash

{
    l_dir=""/etc/dconf/profile/""
    [ ! -d ""$l_dir"" ] && mkdir /etc/dconf/profile/
    ! grep -Psq '^\h*user-db:user\b' ""$l_dir/user"" && \
    printf '%s\n' """" ""user-db:user"" >> ""$l_dir/user""
    ! grep -Psq '^\h*system-db:local\b' ""$l_dir/user"" && \
    sed -ri '/^\s*user-db:user/a system-db:local' ""$l_dir/user""
}

    2. Run the following command to create the /etc/dconf/db/local.d/ and
       /etc/dconf/db/local.d/locks/ directories if either does not exist:

# [ ! -d ""/etc/dconf/db/local.d/locks/"" ] && mkdir -p
/etc/dconf/db/local.d/locks/

    3. Create or edit a file in /etc/dconf/db/local.d/locks/ and add the following
       lines to lock the login banner configuration:

/org/gnome/login-screen/banner-message-enable
/org/gnome/login-screen/banner-message-text
Example:
# printf '%s\n' """" ""/org/gnome/login-screen/banner-message-enable"" \
""/org/gnome/login-screen/banner-message-text"" >>
/etc/dconf/db/local.d/locks/60-banner-message

    4. Run the following script to comment out any incorrect settings in a local system-
       wide database keyfile:
#!/usr/bin/env bash

{
    f_key_file_fix()
    {
       while IFS= read -r -d $'\0' l_file; do
          grep -Psiq -- ""^\h*$l_parameter$l_value(\b|\h*$)"" ""$l_file"" && \
          sed -ri '/^\s*'""$l_parameter""'/s/^/# /g' ""$l_file""
       done < <(find /etc/dconf/db -mindepth 2 -maxdepth 2 -type f -print0)
    }
    l_parameter=""banner-message-enable="" l_value=""false""; f_key_file_fix
    l_parameter=""banner-message-text="" l_value=""(['\""]{2})?""; f_key_file_fix
}

    5. Create or edit a local keyfile for machine-wide settings in '/etc/dconf/db/local.d/`
       with the following lines to set the login banner configuration:

[org/gnome/login-screen]
banner-message-enable=true
banner-message-text='Type the banner message here.'
Example script:
#!/usr/bin/env bash

{
   l_file=""/etc/dconf/db/local.d/60-banner-message""
   l_banner=""'Authorized uses only. All activity may be monitored and
reported'""
   a_keyfile=(""[org/gnome/login-screen]"" ""banner-message-enable=true"" \
   ""banner-message-text=$l_banner"")
   if grep -Psq -- '^\h*\[org\/gnome\/login-screen\]' ""$l_file""; then
      ! grep -Psiq -- '^\h*banner-message-enable=true\b' ""$l_file"" && \
      sed -ri '/^\s*\[org\/gnome\/login-screen\]/a banner-message-
enable=true' ""$l_file""
      ! grep -Psiq -- '^\h*banner-message-text=[^#\n\r]+' ""$l_file"" && \
      sed -ri '/^\s*\[org\/gnome\/login-screen\]/a banner-message-
text='""$l_banner""'' ""$l_file""
   else
      printf '%s\n' """" ""${a_keyfile[@]}"" >> ""$l_file""
   fi
}

    6. Run the following command to update the dconf database:

# dconf update
Note:

   •    banner-message-text should be set in accordance with local site policy
   •    Users must log out and back in again before the system-wide settings take effect.
   •    There is no character limit for the banner message. gnome-shell autodetects
        longer stretches of text and enters two column mode.
   •    The banner message cannot be read from an external file
```"
JR2.C.1.7.2,jr2_c_1_7_2,control,GNOME Display Manager,Ensure GDM disable-user-list option is enabled.,debian;redhat,1,CIS-U22:1.8.3,"If GDM is installed:
Disable-user-list must be enabled.","GDM is the GNOME Display Manager which handles graphical login for GNOME based systems.

The `disable-user-list` option controls if a list of users is displayed on the login screen.",Displaying the user list eliminates half of the Userid/Password equation that an unauthorized person would need to log on.,"Run the following script and to verify that the `disable-user-list` option is enabled or GNOME isn't installed:

```
#!/usr/bin/env bash

{
 l_pkgoutput=""""
 if command -v dpkg-query > /dev/null 2> then
 l_pq=""dpkg-query -W""
 elif command -v rpm > /dev/null 2> then
 l_pq=""rpm -q""
 fi
 l_pcl=""gdm gdm3"" # Space separated list of packages to check
 for l_pn in $l_pcl; do
 $l_pq ""$l_pn"" > /dev/null 2>&1 && l_pkgoutput=""$l_pkgoutput\n - Package: \""$l_pn\"" exists on the system\n - checking configuration""
 done
 if [ -n ""$l_pkgoutput"" ]; then
 output="""" output2=""""
 l_gdmfile=""$(grep -Pril '^\h*disable-user-list\h*=\h*true\b' /etc/dconf/db)""
 if [ -n ""$l_gdmfile"" ]; then
 output=""$output\n - The \""disable-user-list\"" option is enabled in \""$l_gdmfile\""""
 l_gdmprofile=""$(awk -F\/ '{split($(NF-1),a,""."");print a[1]}' <<< ""$l_gdmfile"")""
 if grep -Pq ""^\h*system-db:$l_gdmprofile"" /etc/dconf/profile/""$l_gdmprofile""; then
 output=""$output\n - The \""$l_gdmprofile\"" exists""
 else
 output2=""$output2\n - The \""$l_gdmprofile\"" doesn't exist""
 fi
 if [ -f ""/etc/dconf/db/$l_gdmprofile"" ]; then
 output=""$output\n - The \""$l_gdmprofile\"" profile exists in the dconf database""
 else
 output2=""$output2\n - The \""$l_gdmprofile\"" profile doesn't exist in the dconf database""
 fi
 else
 output2=""$output2\n - The \""disable-user-list\"" option is not enabled""
 fi
 if [ -z ""$output2"" ]; then
 echo -e ""$l_pkgoutput\n- Audit result:\n *** PASS: ***\n$output\n""
 else
 echo -e ""$l_pkgoutput\n- Audit Result:\n *** FAIL: ***\n$output2\n""
 [ -n ""$output"" ] && echo -e ""$output\n""
 fi
 else
 echo -e ""\n\n - GNOME Desktop Manager isn't installed\n - Recommendation is Not Applicable\n- Audit result:\n *** PASS ***\n""
 fi
}
```","Run the following script to enable the `disable-user-list` option:

**Note:** the `l_gdm_profile` variable in the script can be changed if a different profile name is desired in accordance with local site policy.

```
#!/usr/bin/env bash

{
 l_gdmprofile=""gdm""
 if [ ! -f ""/etc/dconf/profile/$l_gdmprofile"" ]; then
 echo ""Creating profile \""$l_gdmprofile\""""
 echo -e ""user-db:user\nsystem-db:$l_gdmprofile\nfile-db:/usr/share/$l_gdmprofile/greeter-dconf-defaults"" > /etc/dconf/profile/$l_gdmprofile
 fi
 if [ ! -d ""/etc/dconf/db/$l_gdmprofile.d/"" ]; then
 echo ""Creating dconf database directory \""/etc/dconf/db/$l_gdmprofile.d/\""""
 mkdir /etc/dconf/db/$l_gdmprofile.d/
 fi
 if ! grep -Piq '^\h*disable-user-list\h*=\h*true\b' /etc/dconf/db/$l_gdmprofile.d/*; then
 echo ""creating gdm keyfile for machine-wide settings""
 if ! grep -Piq -- '^\h*\[org\/gnome\/login-screen\]' /etc/dconf/db/$l_gdmprofile.d/*; then
 echo -e ""\n[org/gnome/login-screen]\n# Do not show the user list\ndisable-user-list=true"" >> /etc/dconf/db/$l_gdmprofile.d/00-login-screen
 else
 sed -ri '/^\s*\[org\/gnome\/login-screen\]/ a\# Do not show the user list\ndisable-user-list=true' $(grep -Pil -- '^\h*\[org\/gnome\/login-screen\]' /etc/dconf/db/$l_gdmprofile.d/*)
 fi
 fi
 dconf update
}
```

**Note:** When the user profile is created or changed, the user will need to log out and log in again before the changes will be applied.

 _**OR**_

Run the following command to remove the GNOME package:

```
# apt purge gdm3
```","# [SABC] Red Hat family guidance — authored from the CIS AlmaLinux 8 Benchmark.
# (CIS AlmaLinux 8 §1.8.2 — Ensure GDM disable-user-list is configured)
```
# gsettings writable org.gnome.login-screen disable-user-list
# gsettings get org.gnome.login-screen disable-user-list
```","# [SABC] Red Hat family guidance — authored from the CIS AlmaLinux 8 Benchmark.
# (CIS AlmaLinux 8 §1.8.2 — Ensure GDM disable-user-list is configured)
```
#!/usr/bin/env bash

{
    l_dir=""/etc/dconf/profile/""
    [ ! -d ""$l_dir"" ] && mkdir /etc/dconf/profile/
    ! grep -Psq '^\h*user-db:user\b' ""$l_dir/user"" && \
    printf '%s\n' """" ""user-db:user"" >> ""$l_dir/user""
    ! grep -Psq '^\h*system-db:local\b' ""$l_dir/user"" && \
    sed -ri '/^\s*user-db:user/a system-db:local' ""$l_dir/user""
}

    2. Run the following command to create the /etc/dconf/db/local.d/ and
       /etc/dconf/db/local.d/locks/ directories if either does not exist:

# [ ! -d ""/etc/dconf/db/local.d/locks/"" ] && mkdir -p
/etc/dconf/db/local.d/locks/

    3. Create or edit a file in /etc/dconf/db/local.d/locks/ and add the following
       lines:

/org/gnome/login-screen/disable-user-list
Example:
# printf '%s\n' """" ""/org/gnome/login-screen/disable-user-list"" >>
/etc/dconf/db/local.d/locks/60-login-screen
    4. Run the following script to comment out any incorrect settings in a local system-
       wide database keyfile:

#!/usr/bin/env bash

{
    l_parameter=""disable-user-list="" l_value=""false""
    while IFS= read -r -d $'\0' l_file; do
       grep -Psiq -- ""^\h*$l_parameter$l_value(\b|\h*$)"" ""$l_file"" && \
       sed -ri '/^\s*'""$l_parameter""'/s/^/# /g' ""$l_file""
    done < <(find /etc/dconf/db -mindepth 2 -maxdepth 2 -type f -print0)
}

    5. Create or edit a local keyfile for machine-wide settings in '/etc/dconf/db/local.d/`
       with the following lines:

[org/gnome/login-screen]
disable-user-list=true
Example script:
#!/usr/bin/env bash

{
   l_file=""/etc/dconf/db/local.d/60-login-screen""
   a_keyfile=(""[org/gnome/login-screen]"" ""disable-user-list=true"")
   if grep -Psq -- '^\h*\[org\/gnome\/login-screen\]' ""$l_file""; then
      ! grep -Psiq -- '^\h*disable-user-list=true\b' ""$l_file"" && \
      sed -ri '/^\s*\[org\/gnome\/login-screen\]/a disable-user-list=true'
""$l_file""
      grep -Psiq -- '^\h*disable-user-list=false\b' ""$l_file"" && \
      sed -ri 's/^\s*(disable-user-list=)(false).*$/\1true/' ""$l_file""
   else
      printf '%s\n' """" ""${a_keyfile[@]}"" >> ""$l_file""
   fi
}

    6. Run the following command to update the dconf databases:

# dconf update
Note: Users must log out and back in again before the system-wide settings take effect.
```"
JR2.C.1.7.3,jr2_c_1_7_3,control,GNOME Display Manager,Ensure GDM screen locks when the user is idle.,debian;redhat,1,CIS-U22:1.8.4,"If GDM is installed:
Set max value for idle-delay in seconds (between 1 and 900)
Set max value for lock-delay in seconds (between 0 and 5).","GNOME Desktop Manager can make the screen lock automatically whenever the user is idle for some amount of time.

- `idle-delay=uint32 {n}` - Number of seconds of inactivity before the screen goes blank
- `lock-delay=uint32 {n}` - Number of seconds after the screen is blank before locking the screen

_Example key file:_
```
# Specify the dconf path
[org/gnome/desktop/session]

# Number of seconds of inactivity before the screen goes blank
# Set to 0 seconds if you want to deactivate the screensaver.
idle-delay=uint32 900

# Specify the dconf path
[org/gnome/desktop/screensaver]

# Number of seconds after the screen is blank before locking the screen
lock-delay=uint32 5
```",Setting a lock-out value reduces the window of opportunity for unauthorized user access to another user's session that has been left unattended.,"Run the following script to verify that the screen locks when the user is idle:

```
#!/usr/bin/env bash

{
 # Check if GNMOE Desktop Manager is installed. If package isn't installed, recommendation is Not Applicable\n
 # determine system's package manager
 l_pkgoutput=""""
 if command -v dpkg-query > /dev/null 2> then
 l_pq=""dpkg-query -W""
 elif command -v rpm > /dev/null 2> then
 l_pq=""rpm -q""
 fi
 # Check if GDM is installed
 l_pcl=""gdm gdm3"" # Space separated list of packages to check
 for l_pn in $l_pcl; do
 $l_pq ""$l_pn"" > /dev/null 2>&1 && l_pkgoutput=""$l_pkgoutput\n - Package: \""$l_pn\"" exists on the system\n - checking configuration""
 done
 # Check configuration (If applicable)
 if [ -n ""$l_pkgoutput"" ]; then
 l_output="""" l_output2=""""
 l_idmv=""900"" # Set for max value for idle-delay in seconds
 l_ldmv=""5"" # Set for max value for lock-delay in seconds
 # Look for idle-delay to determine profile in use, needed for remaining tests
 l_kfile=""$(grep -Psril '^\h*idle-delay\h*=\h*uint32\h+\d+\b' /etc/dconf/db/*/)"" # Determine file containing idle-delay key
 if [ -n ""$l_kfile"" ]; then
 # set profile name (This is the name of a dconf database)
 l_profile=""$(awk -F'/' '{split($(NF-1),a,""."");print a[1]}' <<< ""$l_kfile"")"" #Set the key profile name
 l_pdbdir=""/etc/dconf/db/$l_profile.d"" # Set the key file dconf db directory
 # Confirm that idle-delay exists, includes unit32, and value is between 1 and max value for idle-delay
 l_idv=""$(awk -F 'uint32' '/idle-delay/{print $2}' ""$l_kfile"" | xargs)""
 if [ -n ""$l_idv"" ]; then
 [ ""$l_idv"" -gt ""0"" -a ""$l_idv"" -le ""$l_idmv"" ] && l_output=""$l_output\n - The \""idle-delay\"" option is set to \""$l_idv\"" seconds in \""$l_kfile\""""
 [ ""$l_idv"" = ""0"" ] && l_output2=""$l_output2\n - The \""idle-delay\"" option is set to \""$l_idv\"" (disabled) in \""$l_kfile\""""
 [ ""$l_idv"" -gt ""$l_idmv"" ] && l_output2=""$l_output2\n - The \""idle-delay\"" option is set to \""$l_idv\"" seconds (greater than $l_idmv) in \""$l_kfile\""""
 else
 l_output2=""$l_output2\n - The \""idle-delay\"" option is not set in \""$l_kfile\""""
 fi
 # Confirm that lock-delay exists, includes unit32, and value is between 0 and max value for lock-delay
 l_ldv=""$(awk -F 'uint32' '/lock-delay/{print $2}' ""$l_kfile"" | xargs)""
 if [ -n ""$l_ldv"" ]; then
 [ ""$l_ldv"" -ge ""0"" -a ""$l_ldv"" -le ""$l_ldmv"" ] && l_output=""$l_output\n - The \""lock-delay\"" option is set to \""$l_ldv\"" seconds in \""$l_kfile\""""
 [ ""$l_ldv"" -gt ""$l_ldmv"" ] && l_output2=""$l_output2\n - The \""lock-delay\"" option is set to \""$l_ldv\"" seconds (greater than $l_ldmv) in \""$l_kfile\""""
 else
 l_output2=""$l_output2\n - The \""lock-delay\"" option is not set in \""$l_kfile\""""
 fi
 # Confirm that dconf profile exists
 if grep -Psq ""^\h*system-db:$l_profile"" /etc/dconf/profile/*; then
 l_output=""$l_output\n - The \""$l_profile\"" profile exists""
 else
 l_output2=""$l_output2\n - The \""$l_profile\"" doesn't exist""
 fi
 # Confirm that dconf profile database file exists
 if [ -f ""/etc/dconf/db/$l_profile"" ]; then
 l_output=""$l_output\n - The \""$l_profile\"" profile exists in the dconf database""
 else
 l_output2=""$l_output2\n - The \""$l_profile\"" profile doesn't exist in the dconf database""
 fi
 else
 l_output2=""$l_output2\n - The \""idle-delay\"" option doesn't exist, remaining tests skipped""
 fi
 else
 l_output=""$l_output\n - GNOME Desktop Manager package is not installed on the system\n - Recommendation is not applicable""
 fi
 # Report results. If no failures output in l_output2, we pass
 [ -n ""$l_pkgoutput"" ] && echo -e ""\n$l_pkgoutput""
 if [ -z ""$l_output2"" ]; then
 echo -e ""\n- Audit Result:\n ** PASS **\n$l_output\n""
 else
 echo -e ""\n- Audit Result:\n ** FAIL **\n - Reason(s) for audit failure:\n$l_output2\n""
 [ -n ""$l_output"" ] && echo -e ""\n- Correctly set:\n$l_output\n""
 fi
}
```

**Note:**
- `idle-delay=uint32` Should be 900 seconds (15 minutes) or less, not `0` (disabled) and follow local site policy
- `lock-delay=uint32` should be 5 seconds or less and follow local site policy","Create or edit a file in the `/etc/dconf/profile/` and verify it includes the following:

```
user-db:user
system-db:{NAME_OF_DCONF_DATABASE}
```

**Note:** `local` is the name of a dconf database used in the examples.

_Example:_

```
# echo -e '\nuser-db:user\nsystem-db:local' >> /etc/dconf/profile/user
```

Create the directory `/etc/dconf/db/{NAME_OF_DCONF_DATABASE}.d/` if it doesn't already exist:

_Example:_

```
# mkdir /etc/dconf/db/local.d
```

Create the key file `/etc/dconf/db/{NAME_OF_DCONF_DATABASE}.d/{FILE_NAME} to provide information for the {NAME_OF_DCONF_DATABASE} database:

_Example script:_

```
#!/usr/bin/env bash

{
 l_key_file=""/etc/dconf/db/local.d/00-screensaver""
 l_idmv=""900"" # Set max value for idle-delay in seconds (between 1 and 900)
 l_ldmv=""5"" # Set max value for lock-delay in seconds (between 0 and 5)
 {
 echo '# Specify the dconf path'
 echo '[org/gnome/desktop/session]'
 echo ''
 echo '# Number of seconds of inactivity before the screen goes blank'
 echo '# Set to 0 seconds if you want to deactivate the screensaver.'
 echo ""idle-delay=uint32 $l_idmv""
 echo ''
 echo '# Specify the dconf path'
 echo '[org/gnome/desktop/screensaver]'
 echo ''
 echo '# Number of seconds after the screen is blank before locking the screen'
 echo ""lock-delay=uint32 $l_ldmv""
 } > ""$l_key_file""
}
```
**Note:** You must include the uint32 along with the integer key values as shown.

Run the following command to update the system databases:

```
# dconf update
```
**Note:** Users must log out and back in again before the system-wide settings take effect.","# [SABC] Red Hat family guidance — authored from the CIS AlmaLinux 8 Benchmark.
# (CIS AlmaLinux 8 §1.8.3 — Ensure GDM screen lock is configured)
```
# gsettings writable org.gnome.desktop.session idle-delay
# gsettings writable org.gnome.desktop.screensaver lock-delay
# gsettings get org.gnome.desktop.screensaver lock-delay
# gsettings get org.gnome.desktop.session idle-delay
```","# [SABC] Red Hat family guidance — authored from the CIS AlmaLinux 8 Benchmark.
# (CIS AlmaLinux 8 §1.8.3 — Ensure GDM screen lock is configured)
```
#!/usr/bin/env bash

{
    l_dir=""/etc/dconf/profile/""
    [ ! -d ""$l_dir"" ] && mkdir /etc/dconf/profile/
    ! grep -Psq '^\h*user-db:user\b' ""$l_dir/user"" && \
    printf '%s\n' """" ""user-db:user"" >> ""$l_dir/user""
    ! grep -Psq '^\h*system-db:local\b' ""$l_dir/user"" && \
    sed -ri '/^\s*user-db:user/a system-db:local' ""$l_dir/user""
}

    2. Run the following command to create the /etc/dconf/db/local.d/ and
       /etc/dconf/db/local.d/locks/ directories if either does not exist:

# [ ! -d ""/etc/dconf/db/local.d/locks/"" ] && mkdir -p
/etc/dconf/db/local.d/locks/

    3. Create or edit a file in /etc/dconf/db/local.d/locks/ and add the following
       lines to lock the login banner configuration:

/org/gnome/desktop/session/idle-delay
/org/gnome/desktop/screensaver/lock-delay
Example:
# printf '%s\n' """" ""/org/gnome/desktop/session/idle-delay"" \
""/org/gnome/desktop/screensaver/lock-delay"" >>
/etc/dconf/db/local.d/locks/60-screensaver
    4. Run the following script to comment out any incorrect settings in a local system-
       wide database keyfile:

#!/usr/bin/env bash

{
   f_key_file_fix()
   {
      while IFS= read -r -d $'\0' l_file; do
         grep -Psiq -- ""^\h*$l_parameter\h+$l_value(\b|\h*$)"" ""$l_file"" && \
         sed -ri '/^\s*'""$l_parameter""'/s/^/# /g' ""$l_file""
      done < <(find /etc/dconf/db -mindepth 2 -maxdepth 2 -type f -print0)
   }
   l_parameter=""idle-delay=uint32"" l_value=""(0|90[1-9]|9[1-9][0-9]|1[0-
9]{3,})""; f_key_file_fix
   l_parameter=""lock-delay=uint32"" l_value=""([6-9]|[1-9][0-9]+)"";
f_key_file_fix
}

    5. Create or edit a local keyfile for machine-wide settings in '/etc/dconf/db/local.d/`
       with the following lines:

[org/gnome/desktop/session]
idle-delay=uint32 900

[org/gnome/desktop/screensaver]
lock-delay=uint32 5

    •   idle-delay=uint32 {n} - Number of seconds of inactivity before the screen goes
        blank. Should be '900' (15 minutes) or less, and not 0 (disabled)
    •   lock-delay=uint32 {n} - Number of seconds after the screen is blank before
        locking the screen. Should be 5 or less
Example script:
#!/usr/bin/env bash

{
   l_file=""/etc/dconf/db/local.d/60-screensaver""
   a_keyfile1=(""[org/gnome/desktop/session]"" ""idle-delay=uint32 900"")
   a_keyfile2=(""[org/gnome/desktop/screensaver]"" ""lock-delay=uint32 5"")
   if grep -Psq -- '^\h*\[org\/gnome\/desktop\/session\]' ""$l_file""; then
      ! grep -Psiq -- '^\h*idle-delay=' ""$l_file"" && \
      sed -ri '/^\s*\[org\/gnome\/desktop\/session\]/a idle-delay=uint32 900'
""$l_file""
      grep -Psiq -- '^\h*idle-delay=uint32\h+(0|90[1-9]|9[1-9][0-9]|[1-9][0-
9]{3,})\b' \
      ""$l_file"" && sed -ri 's/^\s*(idle-delay=uint32)\s+([0-9]|[1-9][0-
9]+).*$/\1 900/' ""$l_file""
   else
      printf '%s\n' """" ""${a_keyfile1[@]}"" >> ""$l_file""
   fi
   if grep -Psq -- '^\h*\[org\/gnome\/desktop\/screensaver\]' ""$l_file""; then
      ! grep -Psiq -- '^\h*lock-delay=' ""$l_file"" && \
      sed -ri '/^\s*\[org\/gnome\/desktop\/screensaver\]/a lock-delay=uint32
5' ""$l_file""
      grep -Psiq -- '^\h*lock-delay=uint32\h+([6-9]|[1-9][0-9]+)\b' ""$l_file""
&& \
      sed -ri 's/^\s*(lock-delay=uint32)\s+([6-9]|[1-9][0-9]+).*$/\1 5/'
""$l_file""
   else
      printf '%s\n' """" ""${a_keyfile2[@]}"" >> ""$l_file""
   fi
}

    6. Run the following command to update the dconf database:

# dconf update
Note: Users must log out and back in again before the system-wide settings take effect.
```"
JR2.C.1.7.4,jr2_c_1_7_4,control,GNOME Display Manager,Ensure GDM screen locks cannot be overridden.,debian;redhat,1,CIS-U22:1.8.5,"If GDM is installed:
Create files to prevent screen lock override.","GNOME Desktop Manager can make the screen lock automatically whenever the user is idle for some amount of time.

By using the lockdown mode in dconf, you can prevent users from changing specific settings.

To lock down a dconf key or subpath, create a locks subdirectory in the keyfile directory. The files inside this directory contain a list of keys or subpaths to lock. Just as with the keyfiles, you may add any number of files to this directory.

_Example Lock File:_

```
# Lock desktop screensaver settings
/org/gnome/desktop/session/idle-delay
/org/gnome/desktop/screensaver/lock-delay
```","Setting a lock-out value reduces the window of opportunity for unauthorized user access to another user's session that has been left unattended.

Without locking down the system settings, user settings take precedence over the system settings.","Run the following script to verify that the screen lock cannot be overridden:

```
#!/usr/bin/env bash

{
 # Check if GNOME Desktop Manager is installed. If package isn't installed, recommendation is Not Applicable\n
 # determine system's package manager
 l_pkgoutput=""""
 if command -v dpkg-query > /dev/null 2> then
 l_pq=""dpkg-query -W""
 elif command -v rpm > /dev/null 2> then
 l_pq=""rpm -q""
 fi
 # Check if GDM is installed
 l_pcl=""gdm gdm3"" # Space separated list of packages to check
 for l_pn in $l_pcl; do
 $l_pq ""$l_pn"" > /dev/null 2>&1 && l_pkgoutput=""$l_pkgoutput\n - Package: \""$l_pn\"" exists on the system\n - checking configuration""
 done
 # Check configuration (If applicable)
 if [ -n ""$l_pkgoutput"" ]; then
 l_output="""" l_output2=""""
 # Look for idle-delay to determine profile in use, needed for remaining tests
 l_kfd=""/etc/dconf/db/$(grep -Psril '^\h*idle-delay\h*=\h*uint32\h+\d+\b' /etc/dconf/db/*/ | awk -F'/' '{split($(NF-1),a,""."");print a[1]}').d"" #set directory of key file to be locked
 l_kfd2=""/etc/dconf/db/$(grep -Psril '^\h*lock-delay\h*=\h*uint32\h+\d+\b' /etc/dconf/db/*/ | awk -F'/' '{split($(NF-1),a,""."");print a[1]}').d"" #set directory of key file to be locked
 if [ -d ""$l_kfd"" ]; then # If key file directory doesn't exist, options can't be locked
 if grep -Prilq '\/org\/gnome\/desktop\/session\/idle-delay\b' ""$l_kfd""; then
 l_output=""$l_output\n - \""idle-delay\"" is locked in \""$(grep -Pril '\/org\/gnome\/desktop\/session\/idle-delay\b' ""$l_kfd"")\""""
 else
 l_output2=""$l_output2\n - \""idle-delay\"" is not locked""
 fi
 else
 l_output2=""$l_output2\n - \""idle-delay\"" is not set so it can not be locked""
 fi
 if [ -d ""$l_kfd2"" ]; then # If key file directory doesn't exist, options can't be locked
 if grep -Prilq '\/org\/gnome\/desktop\/screensaver\/lock-delay\b' ""$l_kfd2""; then
 l_output=""$l_output\n - \""lock-delay\"" is locked in \""$(grep -Pril '\/org\/gnome\/desktop\/screensaver\/lock-delay\b' ""$l_kfd2"")\""""
 else
 l_output2=""$l_output2\n - \""lock-delay\"" is not locked""
 fi
 else
 l_output2=""$l_output2\n - \""lock-delay\"" is not set so it can not be locked""
 fi
 else
 l_output=""$l_output\n - GNOME Desktop Manager package is not installed on the system\n - Recommendation is not applicable""
 fi
 # Report results. If no failures output in l_output2, we pass
 [ -n ""$l_pkgoutput"" ] && echo -e ""\n$l_pkgoutput""
 if [ -z ""$l_output2"" ]; then
 echo -e ""\n- Audit Result:\n ** PASS **\n$l_output\n""
 else
 echo -e ""\n- Audit Result:\n ** FAIL **\n - Reason(s) for audit failure:\n$l_output2\n""
 [ -n ""$l_output"" ] && echo -e ""\n- Correctly set:\n$l_output\n""
 fi
}
```","Run the following script to ensure screen locks can not be overridden:

```
#!/usr/bin/env bash

{
 # Check if GNMOE Desktop Manager is installed. If package isn't installed, recommendation is Not Applicable\n
 # determine system's package manager
 l_pkgoutput=""""
 if command -v dpkg-query > /dev/null 2> then
 l_pq=""dpkg-query -W""
 elif command -v rpm > /dev/null 2> then
 l_pq=""rpm -q""
 fi
 # Check if GDM is installed
 l_pcl=""gdm gdm3"" # Space separated list of packages to check
 for l_pn in $l_pcl; do
 $l_pq ""$l_pn"" > /dev/null 2>&1 && l_pkgoutput=""y"" && echo -e ""\n - Package: \""$l_pn\"" exists on the system\n - remediating configuration if needed""
 done
 # Check configuration (If applicable)
 if [ -n ""$l_pkgoutput"" ]; then
 # Look for idle-delay to determine profile in use, needed for remaining tests
 l_kfd=""/etc/dconf/db/$(grep -Psril '^\h*idle-delay\h*=\h*uint32\h+\d+\b' /etc/dconf/db/*/ | awk -F'/' '{split($(NF-1),a,""."");print a[1]}').d"" #set directory of key file to be locked
 # Look for lock-delay to determine profile in use, needed for remaining tests
 l_kfd2=""/etc/dconf/db/$(grep -Psril '^\h*lock-delay\h*=\h*uint32\h+\d+\b' /etc/dconf/db/*/ | awk -F'/' '{split($(NF-1),a,""."");print a[1]}').d"" #set directory of key file to be locked
 if [ -d ""$l_kfd"" ]; then # If key file directory doesn't exist, options can't be locked
 if grep -Prilq '^\h*\/org\/gnome\/desktop\/session\/idle-delay\b' ""$l_kfd""; then
 echo "" - \""idle-delay\"" is locked in \""$(grep -Pril '^\h*\/org\/gnome\/desktop\/session\/idle-delay\b' ""$l_kfd"")\""""
 else
 echo ""creating entry to lock \""idle-delay\""""
 [ ! -d ""$l_kfd""/locks ] && echo ""creating directory $l_kfd/locks"" && mkdir ""$l_kfd""/locks
 {
 echo -e '\n# Lock desktop screensaver idle-delay setting'
 echo '/org/gnome/desktop/session/idle-delay'
 } >> ""$l_kfd""/locks/00-screensaver 
 fi
 else
 echo -e "" - \""idle-delay\"" is not set so it can not be locked\n - Please follow Recommendation \""Ensure GDM screen locks when the user is idle\"" and follow this Recommendation again""
 fi
 if [ -d ""$l_kfd2"" ]; then # If key file directory doesn't exist, options can't be locked
 if grep -Prilq '^\h*\/org\/gnome\/desktop\/screensaver\/lock-delay\b' ""$l_kfd2""; then
 echo "" - \""lock-delay\"" is locked in \""$(grep -Pril '^\h*\/org\/gnome\/desktop\/screensaver\/lock-delay\b' ""$l_kfd2"")\""""
 else
 echo ""creating entry to lock \""lock-delay\""""
 [ ! -d ""$l_kfd2""/locks ] && echo ""creating directory $l_kfd2/locks"" && mkdir ""$l_kfd2""/locks
 {
 echo -e '\n# Lock desktop screensaver lock-delay setting'
 echo '/org/gnome/desktop/screensaver/lock-delay'
 } >> ""$l_kfd2""/locks/00-screensaver 
 fi
 else
 echo -e "" - \""lock-delay\"" is not set so it can not be locked\n - Please follow Recommendation \""Ensure GDM screen locks when the user is idle\"" and follow this Recommendation again""
 fi
 else
 echo -e "" - GNOME Desktop Manager package is not installed on the system\n - Recommendation is not applicable""
 fi
}
```

Run the following command to update the system databases:

```
# dconf update
```
**Note:** Users must log out and back in again before the system-wide settings take effect.","# [SABC] Red Hat family guidance — authored from the CIS AlmaLinux 8 Benchmark.
# (CIS AlmaLinux 8 §1.8.3 — Ensure GDM screen lock is configured)
```
# gsettings writable org.gnome.desktop.session idle-delay
# gsettings writable org.gnome.desktop.screensaver lock-delay
# gsettings get org.gnome.desktop.screensaver lock-delay
# gsettings get org.gnome.desktop.session idle-delay
```","# [SABC] Red Hat family guidance — authored from the CIS AlmaLinux 8 Benchmark.
# (CIS AlmaLinux 8 §1.8.3 — Ensure GDM screen lock is configured)
```
#!/usr/bin/env bash

{
    l_dir=""/etc/dconf/profile/""
    [ ! -d ""$l_dir"" ] && mkdir /etc/dconf/profile/
    ! grep -Psq '^\h*user-db:user\b' ""$l_dir/user"" && \
    printf '%s\n' """" ""user-db:user"" >> ""$l_dir/user""
    ! grep -Psq '^\h*system-db:local\b' ""$l_dir/user"" && \
    sed -ri '/^\s*user-db:user/a system-db:local' ""$l_dir/user""
}

    2. Run the following command to create the /etc/dconf/db/local.d/ and
       /etc/dconf/db/local.d/locks/ directories if either does not exist:

# [ ! -d ""/etc/dconf/db/local.d/locks/"" ] && mkdir -p
/etc/dconf/db/local.d/locks/

    3. Create or edit a file in /etc/dconf/db/local.d/locks/ and add the following
       lines to lock the login banner configuration:

/org/gnome/desktop/session/idle-delay
/org/gnome/desktop/screensaver/lock-delay
Example:
# printf '%s\n' """" ""/org/gnome/desktop/session/idle-delay"" \
""/org/gnome/desktop/screensaver/lock-delay"" >>
/etc/dconf/db/local.d/locks/60-screensaver
    4. Run the following script to comment out any incorrect settings in a local system-
       wide database keyfile:

#!/usr/bin/env bash

{
   f_key_file_fix()
   {
      while IFS= read -r -d $'\0' l_file; do
         grep -Psiq -- ""^\h*$l_parameter\h+$l_value(\b|\h*$)"" ""$l_file"" && \
         sed -ri '/^\s*'""$l_parameter""'/s/^/# /g' ""$l_file""
      done < <(find /etc/dconf/db -mindepth 2 -maxdepth 2 -type f -print0)
   }
   l_parameter=""idle-delay=uint32"" l_value=""(0|90[1-9]|9[1-9][0-9]|1[0-
9]{3,})""; f_key_file_fix
   l_parameter=""lock-delay=uint32"" l_value=""([6-9]|[1-9][0-9]+)"";
f_key_file_fix
}

    5. Create or edit a local keyfile for machine-wide settings in '/etc/dconf/db/local.d/`
       with the following lines:

[org/gnome/desktop/session]
idle-delay=uint32 900

[org/gnome/desktop/screensaver]
lock-delay=uint32 5

    •   idle-delay=uint32 {n} - Number of seconds of inactivity before the screen goes
        blank. Should be '900' (15 minutes) or less, and not 0 (disabled)
    •   lock-delay=uint32 {n} - Number of seconds after the screen is blank before
        locking the screen. Should be 5 or less
Example script:
#!/usr/bin/env bash

{
   l_file=""/etc/dconf/db/local.d/60-screensaver""
   a_keyfile1=(""[org/gnome/desktop/session]"" ""idle-delay=uint32 900"")
   a_keyfile2=(""[org/gnome/desktop/screensaver]"" ""lock-delay=uint32 5"")
   if grep -Psq -- '^\h*\[org\/gnome\/desktop\/session\]' ""$l_file""; then
      ! grep -Psiq -- '^\h*idle-delay=' ""$l_file"" && \
      sed -ri '/^\s*\[org\/gnome\/desktop\/session\]/a idle-delay=uint32 900'
""$l_file""
      grep -Psiq -- '^\h*idle-delay=uint32\h+(0|90[1-9]|9[1-9][0-9]|[1-9][0-
9]{3,})\b' \
      ""$l_file"" && sed -ri 's/^\s*(idle-delay=uint32)\s+([0-9]|[1-9][0-
9]+).*$/\1 900/' ""$l_file""
   else
      printf '%s\n' """" ""${a_keyfile1[@]}"" >> ""$l_file""
   fi
   if grep -Psq -- '^\h*\[org\/gnome\/desktop\/screensaver\]' ""$l_file""; then
      ! grep -Psiq -- '^\h*lock-delay=' ""$l_file"" && \
      sed -ri '/^\s*\[org\/gnome\/desktop\/screensaver\]/a lock-delay=uint32
5' ""$l_file""
      grep -Psiq -- '^\h*lock-delay=uint32\h+([6-9]|[1-9][0-9]+)\b' ""$l_file""
&& \
      sed -ri 's/^\s*(lock-delay=uint32)\s+([6-9]|[1-9][0-9]+).*$/\1 5/'
""$l_file""
   else
      printf '%s\n' """" ""${a_keyfile2[@]}"" >> ""$l_file""
   fi
}

    6. Run the following command to update the dconf database:

# dconf update
Note: Users must log out and back in again before the system-wide settings take effect.
```"
JR2.C.1.7.5,jr2_c_1_7_5,control,GNOME Display Manager,Ensure GDM automatic mounting of removable media is disabled.,debian;redhat,1,CIS-U22:1.8.6,"If GDM is installed:
Disable automatic mount of removable media in GDM/GNOME.",By default GNOME automatically mounts removable media when inserted as a convenience to the user.,With automounting enabled anyone with physical access could attach a USB drive or disc and have its contents available in system even if they lacked permissions to mount it themselves.,"Run the following script to verify automatic mounting is disabled:

```
#!/usr/bin/env bash

{
 l_pkgoutput="""" l_output="""" l_output2=""""
 # Check if GNOME Desktop Manager is installed. If package isn't installed, recommendation is Not Applicable\n
 # determine system's package manager
 if command -v dpkg-query > /dev/null 2> then
 l_pq=""dpkg-query -W""
 elif command -v rpm > /dev/null 2> then
 l_pq=""rpm -q""
 fi
 # Check if GDM is installed
 l_pcl=""gdm gdm3"" # Space separated list of packages to check
 for l_pn in $l_pcl; do
 $l_pq ""$l_pn"" > /dev/null 2>&1 && l_pkgoutput=""$l_pkgoutput\n - Package: \""$l_pn\"" exists on the system\n - checking configuration""
 done
 # Check configuration (If applicable)
 if [ -n ""$l_pkgoutput"" ]; then
 echo -e ""$l_pkgoutput""
 # Look for existing settings and set variables if they exist
 l_kfile=""$(grep -Prils -- '^\h*automount\b' /etc/dconf/db/*.d)""
 l_kfile2=""$(grep -Prils -- '^\h*automount-open\b' /etc/dconf/db/*.d)""
 # Set profile name based on dconf db directory ({PROFILE_NAME}.d)
 if [ -f ""$l_kfile"" ]; then
 l_gpname=""$(awk -F\/ '{split($(NF-1),a,""."");print a[1]}' <<< ""$l_kfile"")""
 elif [ -f ""$l_kfile2"" ]; then
 l_gpname=""$(awk -F\/ '{split($(NF-1),a,""."");print a[1]}' <<< ""$l_kfile2"")""
 fi
 # If the profile name exist, continue checks
 if [ -n ""$l_gpname"" ]; then
 l_gpdir=""/etc/dconf/db/$l_gpname.d""
 # Check if profile file exists
 if grep -Pq -- ""^\h*system-db:$l_gpname\b"" /etc/dconf/profile/*; then
 l_output=""$l_output\n - dconf database profile file \""$(grep -Pl -- ""^\h*system-db:$l_gpname\b"" /etc/dconf/profile/*)\"" exists""
 else
 l_output2=""$l_output2\n - dconf database profile isn't set""
 fi
 # Check if the dconf database file exists
 if [ -f ""/etc/dconf/db/$l_gpname"" ]; then
 l_output=""$l_output\n - The dconf database \""$l_gpname\"" exists""
 else
 l_output2=""$l_output2\n - The dconf database \""$l_gpname\"" doesn't exist""
 fi
 # check if the dconf database directory exists
 if [ -d ""$l_gpdir"" ]; then
 l_output=""$l_output\n - The dconf directory \""$l_gpdir\"" exitst""
 else
 l_output2=""$l_output2\n - The dconf directory \""$l_gpdir\"" doesn't exist""
 fi
 # check automount setting
 if grep -Pqrs -- '^\h*automount\h*=\h*false\b' ""$l_kfile""; then
 l_output=""$l_output\n - \""automount\"" is set to false in: \""$l_kfile\""""
 else
 l_output2=""$l_output2\n - \""automount\"" is not set correctly""
 fi
 # check automount-open setting
 if grep -Pqs -- '^\h*automount-open\h*=\h*false\b' ""$l_kfile2""; then
 l_output=""$l_output\n - \""automount-open\"" is set to false in: \""$l_kfile2\""""
 else
 l_output2=""$l_output2\n - \""automount-open\"" is not set correctly""
 fi
 else
 # Setings don't exist. Nothing further to check
 l_output2=""$l_output2\n - neither \""automount\"" or \""automount-open\"" is set""
 fi
 else
 l_output=""$l_output\n - GNOME Desktop Manager package is not installed on the system\n - Recommendation is not applicable""
 fi
 # Report results. If no failures output in l_output2, we pass
 if [ -z ""$l_output2"" ]; then
 echo -e ""\n- Audit Result:\n ** PASS **\n$l_output\n""
 else
 echo -e ""\n- Audit Result:\n ** FAIL **\n - Reason(s) for audit failure:\n$l_output2\n""
 [ -n ""$l_output"" ] && echo -e ""\n- Correctly set:\n$l_output\n""
 fi
}
```","Run the following script to disable automatic mounting of media for all GNOME users:

```
#!/usr/bin/env bash

{
 l_pkgoutput="""" l_output="""" l_output2=""""
 l_gpname=""local"" # Set to desired dconf profile name (default is local)
 # Check if GNOME Desktop Manager is installed. If package isn't installed, recommendation is Not Applicable\n
 # determine system's package manager
 if command -v dpkg-query > /dev/null 2> then
 l_pq=""dpkg-query -W""
 elif command -v rpm > /dev/null 2> then
 l_pq=""rpm -q""
 fi
 # Check if GDM is installed
 l_pcl=""gdm gdm3"" # Space separated list of packages to check
 for l_pn in $l_pcl; do
 $l_pq ""$l_pn"" > /dev/null 2>&1 && l_pkgoutput=""$l_pkgoutput\n - Package: \""$l_pn\"" exists on the system\n - checking configuration""
 done
 echo -e ""$l_packageout""
 # Check configuration (If applicable)
 if [ -n ""$l_pkgoutput"" ]; then
 echo -e ""$l_pkgoutput""
 # Look for existing settings and set variables if they exist
 l_kfile=""$(grep -Prils -- '^\h*automount\b' /etc/dconf/db/*.d)""
 l_kfile2=""$(grep -Prils -- '^\h*automount-open\b' /etc/dconf/db/*.d)""
 # Set profile name based on dconf db directory ({PROFILE_NAME}.d)
 if [ -f ""$l_kfile"" ]; then
 l_gpname=""$(awk -F\/ '{split($(NF-1),a,""."");print a[1]}' <<< ""$l_kfile"")""
 echo "" - updating dconf profile name to \""$l_gpname\""""
 elif [ -f ""$l_kfile2"" ]; then
 l_gpname=""$(awk -F\/ '{split($(NF-1),a,""."");print a[1]}' <<< ""$l_kfile2"")""
 echo "" - updating dconf profile name to \""$l_gpname\""""
 fi
 # check for consistency (Clean up configuration if needed)
 if [ -f ""$l_kfile"" ] && [ ""$(awk -F\/ '{split($(NF-1),a,""."");print a[1]}' <<< ""$l_kfile"")"" != ""$l_gpname"" ]; then
 sed -ri ""/^\s*automount\s*=/s/^/# /"" ""$l_kfile""
 l_kfile=""/etc/dconf/db/$l_gpname.d/00-media-automount""
 fi
 if [ -f ""$l_kfile2"" ] && [ ""$(awk -F\/ '{split($(NF-1),a,""."");print a[1]}' <<< ""$l_kfile2"")"" != ""$l_gpname"" ]; then
 sed -ri ""/^\s*automount-open\s*=/s/^/# /"" ""$l_kfile2""
 fi
 [ -z ""$l_kfile"" ] && l_kfile=""/etc/dconf/db/$l_gpname.d/00-media-automount""
 # Check if profile file exists
 if grep -Pq -- ""^\h*system-db:$l_gpname\b"" /etc/dconf/profile/*; then
 echo -e ""\n - dconf database profile exists in: \""$(grep -Pl -- ""^\h*system-db:$l_gpname\b"" /etc/dconf/profile/*)\""""
 else
 [ ! -f ""/etc/dconf/profile/user"" ] && l_gpfile=""/etc/dconf/profile/user"" || l_gpfile=""/etc/dconf/profile/user2""
 echo -e "" - creating dconf database profile""
 {
 echo -e ""\nuser-db:user""
 echo ""system-db:$l_gpname""
 } >> ""$l_gpfile""
 fi
 # create dconf directory if it doesn't exists
 l_gpdir=""/etc/dconf/db/$l_gpname.d""
 if [ -d ""$l_gpdir"" ]; then
 echo "" - The dconf database directory \""$l_gpdir\"" exists""
 else
 echo "" - creating dconf database directory \""$l_gpdir\""""
 mkdir ""$l_gpdir""
 fi
 # check automount-open setting
 if grep -Pqs -- '^\h*automount-open\h*=\h*false\b' ""$l_kfile""; then
 echo "" - \""automount-open\"" is set to false in: \""$l_kfile\""""
 else
 echo "" - creating \""automount-open\"" entry in \""$l_kfile\""""
 ! grep -Psq -- '\^\h*\[org\/gnome\/desktop\/media-handling\]\b' ""$l_kfile"" && echo '[org/gnome/desktop/media-handling]' >> ""$l_kfile""
 sed -ri '/^\s*\[org\/gnome\/desktop\/media-handling\]/a \\nautomount-open=false' ""$l_kfile""
 fi
 # check automount setting
 if grep -Pqs -- '^\h*automount\h*=\h*false\b' ""$l_kfile""; then
 echo "" - \""automount\"" is set to false in: \""$l_kfile\""""
 else
 echo "" - creating \""automount\"" entry in \""$l_kfile\""""
 ! grep -Psq -- '\^\h*\[org\/gnome\/desktop\/media-handling\]\b' ""$l_kfile"" && echo '[org/gnome/desktop/media-handling]' >> ""$l_kfile""
 sed -ri '/^\s*\[org\/gnome\/desktop\/media-handling\]/a \\nautomount=false' ""$l_kfile""
 fi
 else
 echo -e ""\n - GNOME Desktop Manager package is not installed on the system\n - Recommendation is not applicable""
 fi
 # update dconf database
 dconf update
}
```

**OR**

Run the following command to uninstall the GNOME desktop Manager package:

```
# apt purge gdm3
```","# [SABC] Red Hat family guidance — authored from the CIS AlmaLinux 8 Benchmark.
# (CIS AlmaLinux 8 §1.8.4 — Ensure GDM automount is configured)
```
# gsettings writable org.gnome.desktop.media-handling automount
# gsettings writable org.gnome.desktop.media-handling automount-open
# gsettings get org.gnome.desktop.media-handling automount
# gsettings get org.gnome.desktop.media-handling automount-open
```","# [SABC] Red Hat family guidance — authored from the CIS AlmaLinux 8 Benchmark.
# (CIS AlmaLinux 8 §1.8.4 — Ensure GDM automount is configured)
```
#!/usr/bin/env bash

{
    l_dir=""/etc/dconf/profile/""
    [ ! -d ""$l_dir"" ] && mkdir /etc/dconf/profile/
    ! grep -Psq '^\h*user-db:user\b' ""$l_dir/user"" && \
    printf '%s\n' """" ""user-db:user"" >> ""$l_dir/user""
    ! grep -Psq '^\h*system-db:local\b' ""$l_dir/user"" && \
    sed -ri '/^\s*user-db:user/a system-db:local' ""$l_dir/user""
}

    2. Run the following command to create the /etc/dconf/db/local.d/ and
       /etc/dconf/db/local.d/locks/ directories if either does not exist:

# [ ! -d ""/etc/dconf/db/local.d/locks/"" ] && mkdir -p
/etc/dconf/db/local.d/locks/

    3. Create or edit a file in /etc/dconf/db/local.d/locks/ and add the following
       lines:

/org/gnome/desktop/media-handling/automount
/org/gnome/desktop/media-handling/automount-open
Example:
# printf '%s\n' """" ""/org/gnome/desktop/media-handling/automount"" \
""/org/gnome/desktop/media-handling/automount-open"" >> \
/etc/dconf/db/local.d/locks/60-media-automount
    4. Run the following script to comment out any incorrect settings in a local system-
       wide database keyfile:

#!/usr/bin/env bash

{
    f_key_file_fix()
    {
       while IFS= read -r -d $'\0' l_file; do
          grep -Psiq -- ""^\h*$l_parameter$l_value(\b|\h*$)"" ""$l_file"" && \
          sed -ri '/^\s*'""$l_parameter""'/s/^/# /g' ""$l_file""
       done < <(find /etc/dconf/db -mindepth 2 -maxdepth 2 -type f -print0)
    }
    l_parameter=""automount="" l_value=""true""; f_key_file_fix
    l_parameter=""automount-open="" l_value=""true""; f_key_file_fix
}

    5. Create or edit a local keyfile for machine-wide settings in '/etc/dconf/db/local.d/`
       with the following lines:

[org/gnome/desktop/media-handling]
automount=false
automount-open=false
Example script:
#!/usr/bin/env bash

{
   l_file=""/etc/dconf/db/local.d/60-media-automount""
   a_keyfile=(""[org/gnome/desktop/media-handling]"" ""automount=false""
""automount-open=false"")
   if grep -Psq -- '^\h*\[org\/gnome\/desktop\/media-handling\]' ""$l_file"";
then
      ! grep -Psiq -- '^\h*automount-open=false\b' ""$l_file"" && \
      sed -ri '/^\s*\[org\/gnome\/desktop\/media-handling\]/a automount-
open=false' ""$l_file""
      ! grep -Psiq -- '^\h*automount=false\b' ""$l_file"" && \
      sed -ri '/^\s*\[org\/gnome\/desktop\/media-handling\]/a
automount=false' ""$l_file""
      grep -Psiq -- '^\h*automount=true\b' ""$l_file"" && \
      sed -ri 's/^\s*(automount=)(true).*$/\1fales/' ""$l_file""
      grep -Psiq -- '^\h*automount-open=true\b' ""$l_file"" && \
      sed -ri 's/^\s*(automount-open=)(true).*$/\1fales/' ""$l_file""
   else
      printf '%s\n' """" ""${a_keyfile[@]}"" >> ""$l_file""
   fi
}

    6. Run the following command to update the dconf databases:

# dconf update
Note: Users must log out and back in again before the system-wide settings take effect.
```"
JR2.C.1.7.6,jr2_c_1_7_6,control,GNOME Display Manager,Ensure GDM disabling automatic mounting of removable media is not overridden.,debian;redhat,1,CIS-U22:1.8.7,"If GDM is installed:
Lock the desktop screensaver settings.","By default GNOME automatically mounts removable media when inserted as a convenience to the user

By using the lockdown mode in dconf, you can prevent users from changing specific settings.

To lock down a dconf key or subpath, create a locks subdirectory in the keyfile directory. The files inside this directory contain a list of keys or subpaths to lock. Just as with the keyfiles, you may add any number of files to this directory.

_Example Lock File:_
```
# Lock desktop screensaver settings
/org/gnome/desktop/media-handling/automount
/org/gnome/desktop/media-handling/automount-open
```",With automounting enabled anyone with physical access could attach a USB drive or disc and have its contents available in system even if they lacked permissions to mount it themselves.,"Run the following script to verify disable automatic mounting is locked:

```
#!/usr/bin/env bash

{
 # Check if GNOME Desktop Manager is installed. If package isn't installed, recommendation is Not Applicable\n
 # determine system's package manager
 l_pkgoutput=""""
 if command -v dpkg-query > /dev/null 2> then
 l_pq=""dpkg-query -W""
 elif command -v rpm > /dev/null 2> then
 l_pq=""rpm -q""
 fi
 # Check if GDM is installed
 l_pcl=""gdm gdm3"" # Space separated list of packages to check
 for l_pn in $l_pcl; do
 $l_pq ""$l_pn"" > /dev/null 2>&1 && l_pkgoutput=""$l_pkgoutput\n - Package: \""$l_pn\"" exists on the system\n - checking configuration""
 done
 # Check configuration (If applicable)
 if [ -n ""$l_pkgoutput"" ]; then
 l_output="""" l_output2=""""
 # Look for idle-delay to determine profile in use, needed for remaining tests
 l_kfd=""/etc/dconf/db/$(grep -Psril '^\h*automount\b' /etc/dconf/db/*/ | awk -F'/' '{split($(NF-1),a,""."");print a[1]}').d"" #set directory of key file to be locked
 l_kfd2=""/etc/dconf/db/$(grep -Psril '^\h*automount-open\b' /etc/dconf/db/*/ | awk -F'/' '{split($(NF-1),a,""."");print a[1]}').d"" #set directory of key file to be locked
 if [ -d ""$l_kfd"" ]; then # If key file directory doesn't exist, options can't be locked
 if grep -Piq '^\h*\/org/gnome\/desktop\/media-handling\/automount\b' ""$l_kfd""; then
 l_output=""$l_output\n - \""automount\"" is locked in \""$(grep -Pil '^\h*\/org/gnome\/desktop\/media-handling\/automount\b' ""$l_kfd"")\""""
 else
 l_output2=""$l_output2\n - \""automount\"" is not locked""
 fi
 else
 l_output2=""$l_output2\n - \""automount\"" is not set so it can not be locked""
 fi
 if [ -d ""$l_kfd2"" ]; then # If key file directory doesn't exist, options can't be locked
 if grep -Piq '^\h*\/org/gnome\/desktop\/media-handling\/automount-open\b' ""$l_kfd2""; then
 l_output=""$l_output\n - \""lautomount-open\"" is locked in \""$(grep -Pril '^\h*\/org/gnome\/desktop\/media-handling\/automount-open\b' ""$l_kfd2"")\""""
 else
 l_output2=""$l_output2\n - \""automount-open\"" is not locked""
 fi
 else
 l_output2=""$l_output2\n - \""automount-open\"" is not set so it can not be locked""
 fi
 else
 l_output=""$l_output\n - GNOME Desktop Manager package is not installed on the system\n - Recommendation is not applicable""
 fi
 # Report results. If no failures output in l_output2, we pass
 [ -n ""$l_pkgoutput"" ] && echo -e ""\n$l_pkgoutput""
 if [ -z ""$l_output2"" ]; then
 echo -e ""\n- Audit Result:\n ** PASS **\n$l_output\n""
 else
 echo -e ""\n- Audit Result:\n ** FAIL **\n - Reason(s) for audit failure:\n$l_output2\n""
 [ -n ""$l_output"" ] && echo -e ""\n- Correctly set:\n$l_output\n""
 fi
}
```","Run the following script to lock disable automatic mounting of media for all GNOME users:

```
#!/usr/bin/env bash

{
 # Check if GNMOE Desktop Manager is installed. If package isn't installed, recommendation is Not Applicable\n
 # determine system's package manager
 l_pkgoutput=""""
 if command -v dpkg-query > /dev/null 2> then
 l_pq=""dpkg-query -W""
 elif command -v rpm > /dev/null 2> then
 l_pq=""rpm -q""
 fi
 # Check if GDM is installed
 l_pcl=""gdm gdm3"" # Space separated list of packages to check
 for l_pn in $l_pcl; do
 $l_pq ""$l_pn"" > /dev/null 2>&1 && l_pkgoutput=""y"" && echo -e ""\n - Package: \""$l_pn\"" exists on the system\n - remediating configuration if needed""
 done
 # Check configuration (If applicable)
 if [ -n ""$l_pkgoutput"" ]; then
 # Look for automount to determine profile in use, needed for remaining tests
 l_kfd=""/etc/dconf/db/$(grep -Psril '^\h*automount\b' /etc/dconf/db/*/ | awk -F'/' '{split($(NF-1),a,""."");print a[1]}').d"" #set directory of key file to be locked
 # Look for automount-open to determine profile in use, needed for remaining tests
 l_kfd2=""/etc/dconf/db/$(grep -Psril '^\h*automount-open\b' /etc/dconf/db/*/ | awk -F'/' '{split($(NF-1),a,""."");print a[1]}').d"" #set directory of key file to be locked
 if [ -d ""$l_kfd"" ]; then # If key file directory doesn't exist, options can't be locked
 if grep -Priq '^\h*\/org/gnome\/desktop\/media-handling\/automount\b' ""$l_kfd""; then
 echo "" - \""automount\"" is locked in \""$(grep -Pril '^\h*\/org/gnome\/desktop\/media-handling\/automount\b' ""$l_kfd"")\""""
 else
 echo "" - creating entry to lock \""automount\""""
 [ ! -d ""$l_kfd""/locks ] && echo ""creating directory $l_kfd/locks"" && mkdir ""$l_kfd""/locks
 {
 echo -e '\n# Lock desktop media-handling automount setting'
 echo '/org/gnome/desktop/media-handling/automount'
 } >> ""$l_kfd""/locks/00-media-automount 
 fi
 else
 echo -e "" - \""automount\"" is not set so it can not be locked\n - Please follow Recommendation \""Ensure GDM automatic mounting of removable media is disabled\"" and follow this Recommendation again""
 fi
 if [ -d ""$l_kfd2"" ]; then # If key file directory doesn't exist, options can't be locked
 if grep -Priq '^\h*\/org/gnome\/desktop\/media-handling\/automount-open\b' ""$l_kfd2""; then
 echo "" - \""automount-open\"" is locked in \""$(grep -Pril '^\h*\/org/gnome\/desktop\/media-handling\/automount-open\b' ""$l_kfd2"")\""""
 else
 echo "" - creating entry to lock \""automount-open\""""
 [ ! -d ""$l_kfd2""/locks ] && echo ""creating directory $l_kfd2/locks"" && mkdir ""$l_kfd2""/locks
 {
 echo -e '\n# Lock desktop media-handling automount-open setting'
 echo '/org/gnome/desktop/media-handling/automount-open'
 } >> ""$l_kfd2""/locks/00-media-automount
 fi
 else
 echo -e "" - \""automount-open\"" is not set so it can not be locked\n - Please follow Recommendation \""Ensure GDM automatic mounting of removable media is disabled\"" and follow this Recommendation again""
 fi
 # update dconf database
 dconf update
 else
 echo -e "" - GNOME Desktop Manager package is not installed on the system\n - Recommendation is not applicable""
 fi
}
```","# [SABC] Red Hat family guidance — authored from the CIS AlmaLinux 8 Benchmark.
# (CIS AlmaLinux 8 §1.8.4 — Ensure GDM automount is configured)
```
# gsettings writable org.gnome.desktop.media-handling automount
# gsettings writable org.gnome.desktop.media-handling automount-open
# gsettings get org.gnome.desktop.media-handling automount
# gsettings get org.gnome.desktop.media-handling automount-open
```","# [SABC] Red Hat family guidance — authored from the CIS AlmaLinux 8 Benchmark.
# (CIS AlmaLinux 8 §1.8.4 — Ensure GDM automount is configured)
```
#!/usr/bin/env bash

{
    l_dir=""/etc/dconf/profile/""
    [ ! -d ""$l_dir"" ] && mkdir /etc/dconf/profile/
    ! grep -Psq '^\h*user-db:user\b' ""$l_dir/user"" && \
    printf '%s\n' """" ""user-db:user"" >> ""$l_dir/user""
    ! grep -Psq '^\h*system-db:local\b' ""$l_dir/user"" && \
    sed -ri '/^\s*user-db:user/a system-db:local' ""$l_dir/user""
}

    2. Run the following command to create the /etc/dconf/db/local.d/ and
       /etc/dconf/db/local.d/locks/ directories if either does not exist:

# [ ! -d ""/etc/dconf/db/local.d/locks/"" ] && mkdir -p
/etc/dconf/db/local.d/locks/

    3. Create or edit a file in /etc/dconf/db/local.d/locks/ and add the following
       lines:

/org/gnome/desktop/media-handling/automount
/org/gnome/desktop/media-handling/automount-open
Example:
# printf '%s\n' """" ""/org/gnome/desktop/media-handling/automount"" \
""/org/gnome/desktop/media-handling/automount-open"" >> \
/etc/dconf/db/local.d/locks/60-media-automount
    4. Run the following script to comment out any incorrect settings in a local system-
       wide database keyfile:

#!/usr/bin/env bash

{
    f_key_file_fix()
    {
       while IFS= read -r -d $'\0' l_file; do
          grep -Psiq -- ""^\h*$l_parameter$l_value(\b|\h*$)"" ""$l_file"" && \
          sed -ri '/^\s*'""$l_parameter""'/s/^/# /g' ""$l_file""
       done < <(find /etc/dconf/db -mindepth 2 -maxdepth 2 -type f -print0)
    }
    l_parameter=""automount="" l_value=""true""; f_key_file_fix
    l_parameter=""automount-open="" l_value=""true""; f_key_file_fix
}

    5. Create or edit a local keyfile for machine-wide settings in '/etc/dconf/db/local.d/`
       with the following lines:

[org/gnome/desktop/media-handling]
automount=false
automount-open=false
Example script:
#!/usr/bin/env bash

{
   l_file=""/etc/dconf/db/local.d/60-media-automount""
   a_keyfile=(""[org/gnome/desktop/media-handling]"" ""automount=false""
""automount-open=false"")
   if grep -Psq -- '^\h*\[org\/gnome\/desktop\/media-handling\]' ""$l_file"";
then
      ! grep -Psiq -- '^\h*automount-open=false\b' ""$l_file"" && \
      sed -ri '/^\s*\[org\/gnome\/desktop\/media-handling\]/a automount-
open=false' ""$l_file""
      ! grep -Psiq -- '^\h*automount=false\b' ""$l_file"" && \
      sed -ri '/^\s*\[org\/gnome\/desktop\/media-handling\]/a
automount=false' ""$l_file""
      grep -Psiq -- '^\h*automount=true\b' ""$l_file"" && \
      sed -ri 's/^\s*(automount=)(true).*$/\1fales/' ""$l_file""
      grep -Psiq -- '^\h*automount-open=true\b' ""$l_file"" && \
      sed -ri 's/^\s*(automount-open=)(true).*$/\1fales/' ""$l_file""
   else
      printf '%s\n' """" ""${a_keyfile[@]}"" >> ""$l_file""
   fi
}

    6. Run the following command to update the dconf databases:

# dconf update
Note: Users must log out and back in again before the system-wide settings take effect.
```"
JR2.C.1.7.7,jr2_c_1_7_7,control,GNOME Display Manager,Ensure GDM autorun-never is enabled.,debian;redhat,1,CIS-U22:1.8.8,"if GDM is installed:
autorun-never must be set.",The `autorun-never` setting allows the GNOME Desktop Display Manager to disable autorun through GDM.,Malware on removable media may taking advantage of Autorun features when the media is inserted into a system and execute.,"Run the following script to verify that `autorun-never` is set to `true` for GDM:

```
#!/usr/bin/env bash

{
 l_pkgoutput="""" l_output="""" l_output2=""""
 # Check if GNOME Desktop Manager is installed. If package isn't installed, recommendation is Not Applicable\n
 # determine system's package manager
 if command -v dpkg-query > /dev/null 2> then
 l_pq=""dpkg-query -W""
 elif command -v rpm > /dev/null 2> then
 l_pq=""rpm -q""
 fi
 # Check if GDM is installed
 l_pcl=""gdm gdm3"" # Space separated list of packages to check
 for l_pn in $l_pcl; do
 $l_pq ""$l_pn"" > /dev/null 2>&1 && l_pkgoutput=""$l_pkgoutput\n - Package: \""$l_pn\"" exists on the system\n - checking configuration""
 echo -e ""$l_pkgoutput""
 done
 # Check configuration (If applicable)
 if [ -n ""$l_pkgoutput"" ]; then
 echo -e ""$l_pkgoutput""
 # Look for existing settings and set variables if they exist
 l_kfile=""$(grep -Prils -- '^\h*autorun-never\b' /etc/dconf/db/*.d)""
 # Set profile name based on dconf db directory ({PROFILE_NAME}.d)
 if [ -f ""$l_kfile"" ]; then
 l_gpname=""$(awk -F\/ '{split($(NF-1),a,""."");print a[1]}' <<< ""$l_kfile"")""
 fi
 # If the profile name exist, continue checks
 if [ -n ""$l_gpname"" ]; then
 l_gpdir=""/etc/dconf/db/$l_gpname.d""
 # Check if profile file exists
 if grep -Pq -- ""^\h*system-db:$l_gpname\b"" /etc/dconf/profile/*; then
 l_output=""$l_output\n - dconf database profile file \""$(grep -Pl -- ""^\h*system-db:$l_gpname\b"" /etc/dconf/profile/*)\"" exists""
 else
 l_output2=""$l_output2\n - dconf database profile isn't set""
 fi
 # Check if the dconf database file exists
 if [ -f ""/etc/dconf/db/$l_gpname"" ]; then
 l_output=""$l_output\n - The dconf database \""$l_gpname\"" exists""
 else
 l_output2=""$l_output2\n - The dconf database \""$l_gpname\"" doesn't exist""
 fi
 # check if the dconf database directory exists
 if [ -d ""$l_gpdir"" ]; then
 l_output=""$l_output\n - The dconf directory \""$l_gpdir\"" exitst""
 else
 l_output2=""$l_output2\n - The dconf directory \""$l_gpdir\"" doesn't exist""
 fi
 # check autorun-never setting
 if grep -Pqrs -- '^\h*autorun-never\h*=\h*true\b' ""$l_kfile""; then
 l_output=""$l_output\n - \""autorun-never\"" is set to true in: \""$l_kfile\""""
 else
 l_output2=""$l_output2\n - \""autorun-never\"" is not set correctly""
 fi
 else
 # Settings don't exist. Nothing further to check
 l_output2=""$l_output2\n - \""autorun-never\"" is not set""
 fi
 else
 l_output=""$l_output\n - GNOME Desktop Manager package is not installed on the system\n - Recommendation is not applicable""
 fi
 # Report results. If no failures output in l_output2, we pass
 if [ -z ""$l_output2"" ]; then
 echo -e ""\n- Audit Result:\n ** PASS **\n$l_output\n""
 else
 echo -e ""\n- Audit Result:\n ** FAIL **\n - Reason(s) for audit failure:\n$l_output2\n""
 [ -n ""$l_output"" ] && echo -e ""\n- Correctly set:\n$l_output\n""
 fi
}
```","Run the following script to set `autorun-never` to `true` for GDM users:

```
#!/usr/bin/env bash

{
 l_pkgoutput="""" l_output="""" l_output2=""""
 l_gpname=""local"" # Set to desired dconf profile name (default is local)
 # Check if GNOME Desktop Manager is installed. If package isn't installed, recommendation is Not Applicable\n
 # determine system's package manager
 if command -v dpkg-query > /dev/null 2> then
 l_pq=""dpkg-query -W""
 elif command -v rpm > /dev/null 2> then
 l_pq=""rpm -q""
 fi
 # Check if GDM is installed
 l_pcl=""gdm gdm3"" # Space separated list of packages to check
 for l_pn in $l_pcl; do
 $l_pq ""$l_pn"" > /dev/null 2>&1 && l_pkgoutput=""$l_pkgoutput\n - Package: \""$l_pn\"" exists on the system\n - checking configuration""
 done
 echo -e ""$l_pkgoutput""
 # Check configuration (If applicable)
 if [ -n ""$l_pkgoutput"" ]; then
 echo -e ""$l_pkgoutput""
 # Look for existing settings and set variables if they exist
 l_kfile=""$(grep -Prils -- '^\h*autorun-never\b' /etc/dconf/db/*.d)""
 # Set profile name based on dconf db directory ({PROFILE_NAME}.d)
 if [ -f ""$l_kfile"" ]; then
 l_gpname=""$(awk -F\/ '{split($(NF-1),a,""."");print a[1]}' <<< ""$l_kfile"")""
 echo "" - updating dconf profile name to \""$l_gpname\""""
 fi
 [ ! -f ""$l_kfile"" ] && l_kfile=""/etc/dconf/db/$l_gpname.d/00-media-autorun""
 # Check if profile file exists
 if grep -Pq -- ""^\h*system-db:$l_gpname\b"" /etc/dconf/profile/*; then
 echo -e ""\n - dconf database profile exists in: \""$(grep -Pl -- ""^\h*system-db:$l_gpname\b"" /etc/dconf/profile/*)\""""
 else
 [ ! -f ""/etc/dconf/profile/user"" ] && l_gpfile=""/etc/dconf/profile/user"" || l_gpfile=""/etc/dconf/profile/user2""
 echo -e "" - creating dconf database profile""
 {
 echo -e ""\nuser-db:user""
 echo ""system-db:$l_gpname""
 } >> ""$l_gpfile""
 fi
 # create dconf directory if it doesn't exists
 l_gpdir=""/etc/dconf/db/$l_gpname.d""
 if [ -d ""$l_gpdir"" ]; then
 echo "" - The dconf database directory \""$l_gpdir\"" exists""
 else
 echo "" - creating dconf database directory \""$l_gpdir\""""
 mkdir ""$l_gpdir""
 fi
 # check autorun-never setting
 if grep -Pqs -- '^\h*autorun-never\h*=\h*true\b' ""$l_kfile""; then
 echo "" - \""autorun-never\"" is set to true in: \""$l_kfile\""""
 else
 echo "" - creating or updating \""autorun-never\"" entry in \""$l_kfile\""""
 if grep -Psq -- '^\h*autorun-never' ""$l_kfile""; then
 sed -ri 's/(^\s*autorun-never\s*=\s*)(\S+)(\s*.*)$/\1true \3/' ""$l_kfile""
 else
 ! grep -Psq -- '\^\h*\[org\/gnome\/desktop\/media-handling\]\b' ""$l_kfile"" && echo '[org/gnome/desktop/media-handling]' >> ""$l_kfile""
 sed -ri '/^\s*\[org\/gnome\/desktop\/media-handling\]/a \\nautorun-never=true' ""$l_kfile""
 fi
 fi
 else
 echo -e ""\n - GNOME Desktop Manager package is not installed on the system\n - Recommendation is not applicable""
 fi
 # update dconf database
 dconf update
}
```","# [SABC] Red Hat family guidance — authored from the CIS AlmaLinux 8 Benchmark.
# (CIS AlmaLinux 8 §1.8.5 — Ensure GDM autorun-never is configured)
```
# gsettings writable org.gnome.desktop.media-handling autorun-never
# gsettings get org.gnome.desktop.media-handling autorun-never
```","# [SABC] Red Hat family guidance — authored from the CIS AlmaLinux 8 Benchmark.
# (CIS AlmaLinux 8 §1.8.5 — Ensure GDM autorun-never is configured)
```
#!/usr/bin/env bash

{
    l_dir=""/etc/dconf/profile/""
    [ ! -d ""$l_dir"" ] && mkdir /etc/dconf/profile/
    ! grep -Psq '^\h*user-db:user\b' ""$l_dir/user"" && \
    printf '%s\n' """" ""user-db:user"" >> ""$l_dir/user""
    ! grep -Psq '^\h*system-db:local\b' ""$l_dir/user"" && \
    sed -ri '/^\s*user-db:user/a system-db:local' ""$l_dir/user""
}

    2. Run the following command to create the /etc/dconf/db/local.d/ and
       /etc/dconf/db/local.d/locks/ directories if either does not exist:

# [ ! -d ""/etc/dconf/db/local.d/locks/"" ] && mkdir -p
/etc/dconf/db/local.d/locks/

    3. Create or edit a file in /etc/dconf/db/local.d/locks/ and add the following
       lines:
/org/gnome/desktop/media-handling/autorun-never
Example:
# printf '%s\n' """" ""/org/gnome/desktop/media-handling/autorun-never"" >> \
/etc/dconf/db/local.d/locks/60-media-autorun

    4. Run the following script to comment out any incorrect settings in a local system-
       wide database keyfile:

#!/usr/bin/env bash

{
    l_parameter=""autorun-never="" l_value=""false""
    while IFS= read -r -d $'\0' l_file; do
       grep -Psiq -- ""^\h*$l_parameter$l_value(\b|\h*$)"" ""$l_file"" && \
       sed -ri '/^\s*'""$l_parameter""'/s/^/# /g' ""$l_file""
    done < <(find /etc/dconf/db -mindepth 2 -maxdepth 2 -type f -print0)
}

    5. Create or edit a local keyfile for machine-wide settings in '/etc/dconf/db/local.d/`
       with the following lines:

[org/gnome/desktop/media-handling]
autorun-never=true
Example script:
#!/usr/bin/env bash

{
   l_file=""/etc/dconf/db/local.d/60-media-autorun""
   a_keyfile=(""[org/gnome/desktop/media-handling]"" ""autorun-never=true"")
   if grep -Psq -- '^\h*\[org\/gnome\/desktop\/media-handling\]' ""$l_file"";
then
      ! grep -Psiq -- '^\h*autorun-never=true\b' ""$l_file"" && \
      sed -ri '/^\s*\[org\/gnome\/desktop\/media-handling\]/a autorun-
never=true' ""$l_file""
      grep -Psiq -- '^\h*autorun-never=false\b' ""$l_file"" && \
      sed -ri 's/^\s*(autorun-never=)(false).*$/\1true/' ""$l_file""
   else
      printf '%s\n' """" ""${a_keyfile[@]}"" >> ""$l_file""
   fi
}

    6. Run the following command to update the dconf databases:

# dconf update
Note: Users must log out and back in again before the system-wide settings take effect.
```"
JR2.C.1.7.8,jr2_c_1_7_8,control,GNOME Display Manager,Ensure GDM autorun-never is not overridden.,debian;redhat,1,CIS-U22:1.8.9,"If GDM is installed:
Lock the desktop media-handling settings to prevent override of autorun-never.","The autorun-never setting allows the GNOME Desktop Display Manager to disable autorun through GDM.

By using the lockdown mode in dconf, you can prevent users from changing specific settings.

To lock down a dconf key or subpath, create a locks subdirectory in the keyfile directory. The files inside this directory contain a list of keys or subpaths to lock. Just as with the keyfiles, you may add any number of files to this directory.

Example Lock File:
```
# Lock desktop media-handling settings
/org/gnome/desktop/media-handling/autorun-never
```",Malware on removable media may taking advantage of Autorun features when the media is inserted into a system and execute.,"Run the following script to verify that `autorun-never=true` cannot be overridden:

```
#!/usr/bin/env bash

{
 # Check if GNOME Desktop Manager is installed. If package isn't installed, recommendation is Not Applicable\n
 # determine system's package manager
 l_pkgoutput=""""
 if command -v dpkg-query > /dev/null 2> then
 l_pq=""dpkg-query -W""
 elif command -v rpm > /dev/null 2> then
 l_pq=""rpm -q""
 fi
 # Check if GDM is installed
 l_pcl=""gdm gdm3"" # Space separated list of packages to check
 for l_pn in $l_pcl; do
 $l_pq ""$l_pn"" > /dev/null 2>&1 && l_pkgoutput=""$l_pkgoutput\n - Package: \""$l_pn\"" exists on the system\n - checking configuration""
 done
 # Check configuration (If applicable)
 if [ -n ""$l_pkgoutput"" ]; then
 l_output="""" l_output2=""""
 # Look for idle-delay to determine profile in use, needed for remaining tests
 l_kfd=""/etc/dconf/db/$(grep -Psril '^\h*autorun-never\b' /etc/dconf/db/*/ | awk -F'/' '{split($(NF-1),a,""."");print a[1]}').d"" #set directory of key file to be locked
 if [ -d ""$l_kfd"" ]; then # If key file directory doesn't exist, options can't be locked
 if grep -Prisq '^\h*\/org/gnome\/desktop\/media-handling\/autorun-never\b' ""$l_kfd""; then
 l_output=""$l_output\n - \""autorun-never\"" is locked in \""$(grep -Pril '^\h*\/org/gnome\/desktop\/media-handling\/autorun-never\b' ""$l_kfd"")\""""
 else
 l_output2=""$l_output2\n - \""autorun-never\"" is not locked""
 fi
 else
 l_output2=""$l_output2\n - \""autorun-never\"" is not set so it can not be locked""
 fi
 else
 l_output=""$l_output\n - GNOME Desktop Manager package is not installed on the system\n - Recommendation is not applicable""
 fi
 # Report results. If no failures output in l_output2, we pass
 [ -n ""$l_pkgoutput"" ] && echo -e ""\n$l_pkgoutput""
 if [ -z ""$l_output2"" ]; then
 echo -e ""\n- Audit Result:\n ** PASS **\n$l_output\n""
 else
 echo -e ""\n- Audit Result:\n ** FAIL **\n - Reason(s) for audit failure:\n$l_output2\n""
 [ -n ""$l_output"" ] && echo -e ""\n- Correctly set:\n$l_output\n""
 fi
}
```","Run the following script to ensure that `autorun-never=true` cannot be overridden:

```
#!/usr/bin/env bash

{
 # Check if GNOME Desktop Manager is installed. If package isn't installed, recommendation is Not Applicable\n
 # determine system's package manager
 l_pkgoutput=""""
 if command -v dpkg-query > /dev/null 2> then
 l_pq=""dpkg-query -W""
 elif command -v rpm > /dev/null 2> then
 l_pq=""rpm -q""
 fi
 # Check if GDM is installed
 l_pcl=""gdm gdm3"" # Space separated list of packages to check
 for l_pn in $l_pcl; do
 $l_pq ""$l_pn"" > /dev/null 2>&1 && l_pkgoutput=""y"" && echo -e ""\n - Package: \""$l_pn\"" exists on the system\n - remediating configuration if needed""
 done
 # Check configuration (If applicable)
 if [ -n ""$l_pkgoutput"" ]; then
 # Look for autorun to determine profile in use, needed for remaining tests
 l_kfd=""/etc/dconf/db/$(grep -Psril '^\h*autorun-never\b' /etc/dconf/db/*/ | awk -F'/' '{split($(NF-1),a,""."");print a[1]}').d"" #set directory of key file to be locked
 if [ -d ""$l_kfd"" ]; then # If key file directory doesn't exist, options can't be locked
 if grep -Prisq '^\h*\/org/gnome\/desktop\/media-handling\/autorun-never\b' ""$l_kfd""; then
 echo "" - \""autorun-never\"" is locked in \""$(grep -Pril '^\h*\/org/gnome\/desktop\/media-handling\/autorun-never\b' ""$l_kfd"")\""""
 else
 echo "" - creating entry to lock \""autorun-never\""""
 [ ! -d ""$l_kfd""/locks ] && echo ""creating directory $l_kfd/locks"" && mkdir ""$l_kfd""/locks
 {
 echo -e '\n# Lock desktop media-handling autorun-never setting'
 echo '/org/gnome/desktop/media-handling/autorun-never'
 } >> ""$l_kfd""/locks/00-media-autorun 
 fi
 else
 echo -e "" - \""autorun-never\"" is not set so it can not be locked\n - Please follow Recommendation \""Ensure GDM autorun-never is enabled\"" and follow this Recommendation again""
 fi
 # update dconf database
 dconf update
 else
 echo -e "" - GNOME Desktop Manager package is not installed on the system\n - Recommendation is not applicable""
 fi
}
```","# [SABC] Red Hat family guidance — authored from the CIS AlmaLinux 8 Benchmark.
# (CIS AlmaLinux 8 §1.8.5 — Ensure GDM autorun-never is configured)
```
# gsettings writable org.gnome.desktop.media-handling autorun-never
# gsettings get org.gnome.desktop.media-handling autorun-never
```","# [SABC] Red Hat family guidance — authored from the CIS AlmaLinux 8 Benchmark.
# (CIS AlmaLinux 8 §1.8.5 — Ensure GDM autorun-never is configured)
```
#!/usr/bin/env bash

{
    l_dir=""/etc/dconf/profile/""
    [ ! -d ""$l_dir"" ] && mkdir /etc/dconf/profile/
    ! grep -Psq '^\h*user-db:user\b' ""$l_dir/user"" && \
    printf '%s\n' """" ""user-db:user"" >> ""$l_dir/user""
    ! grep -Psq '^\h*system-db:local\b' ""$l_dir/user"" && \
    sed -ri '/^\s*user-db:user/a system-db:local' ""$l_dir/user""
}

    2. Run the following command to create the /etc/dconf/db/local.d/ and
       /etc/dconf/db/local.d/locks/ directories if either does not exist:

# [ ! -d ""/etc/dconf/db/local.d/locks/"" ] && mkdir -p
/etc/dconf/db/local.d/locks/

    3. Create or edit a file in /etc/dconf/db/local.d/locks/ and add the following
       lines:
/org/gnome/desktop/media-handling/autorun-never
Example:
# printf '%s\n' """" ""/org/gnome/desktop/media-handling/autorun-never"" >> \
/etc/dconf/db/local.d/locks/60-media-autorun

    4. Run the following script to comment out any incorrect settings in a local system-
       wide database keyfile:

#!/usr/bin/env bash

{
    l_parameter=""autorun-never="" l_value=""false""
    while IFS= read -r -d $'\0' l_file; do
       grep -Psiq -- ""^\h*$l_parameter$l_value(\b|\h*$)"" ""$l_file"" && \
       sed -ri '/^\s*'""$l_parameter""'/s/^/# /g' ""$l_file""
    done < <(find /etc/dconf/db -mindepth 2 -maxdepth 2 -type f -print0)
}

    5. Create or edit a local keyfile for machine-wide settings in '/etc/dconf/db/local.d/`
       with the following lines:

[org/gnome/desktop/media-handling]
autorun-never=true
Example script:
#!/usr/bin/env bash

{
   l_file=""/etc/dconf/db/local.d/60-media-autorun""
   a_keyfile=(""[org/gnome/desktop/media-handling]"" ""autorun-never=true"")
   if grep -Psq -- '^\h*\[org\/gnome\/desktop\/media-handling\]' ""$l_file"";
then
      ! grep -Psiq -- '^\h*autorun-never=true\b' ""$l_file"" && \
      sed -ri '/^\s*\[org\/gnome\/desktop\/media-handling\]/a autorun-
never=true' ""$l_file""
      grep -Psiq -- '^\h*autorun-never=false\b' ""$l_file"" && \
      sed -ri 's/^\s*(autorun-never=)(false).*$/\1true/' ""$l_file""
   else
      printf '%s\n' """" ""${a_keyfile[@]}"" >> ""$l_file""
   fi
}

    6. Run the following command to update the dconf databases:

# dconf update
Note: Users must log out and back in again before the system-wide settings take effect.
```"
JR2.C.1.7.9,jr2_c_1_7_9,control,GNOME Display Manager,Ensure XDCMP is not enabled.,debian;redhat,1,CIS-U22:1.8.10,XDCMP must not be enabled.,X Display Manager Control Protocol (XDMCP) is designed to provide authenticated access to display management services for remote displays.,"XDMCP is inherently insecure.
- XDMCP is not a ciphered protocol. This may allow an attacker to capture keystrokes entered by a user
- XDMCP is vulnerable to man-in-the-middle attacks. This may allow an attacker to steal the credentials of legitimate users by impersonating the XDMCP server.","Verify XDMCP is not enabled in GDM (not applicable when GDM is not installed).

```bash
#!/bin/bash
dpkg-query -W gdm3 >/dev/null 2>&1 || exit 101
grep -Eqsi '^[[:space:]]*Enable[[:space:]]*=[[:space:]]*true' /etc/gdm3/custom.conf /etc/gdm/custom.conf 2>/dev/null && exit 1
exit 0
```","Disable XDMCP in the GDM configuration when GDM is installed.

```bash
#!/bin/bash
dpkg-query -W gdm3 >/dev/null 2>&1 || exit 0
for f in /etc/gdm3/custom.conf /etc/gdm/custom.conf; do
  [ -e ""$f"" ] && sed -ri 's/^[[:space:]]*Enable[[:space:]]*=[[:space:]]*true/Enable=false/I' ""$f""
done
exit 0
```","# [SABC] Not applicable on the Red Hat family — no CIS AlmaLinux 8 equivalent for this Debian-specific control.
```
#!/usr/bin/env bash
exit 101
```","# [SABC] Not applicable on the Red Hat family — no CIS AlmaLinux 8 equivalent for this Debian-specific control.
"
JR2.C.2.1.0,jr2_c_2_1_0,section,Configure Time Synchronization,Configure Time Synchronization.,debian;redhat,,,,"It is recommended that physical systems and virtual guests lacking direct access to the physical host's clock be configured to synchronize their time using a service such as systemd-timesyncd, chrony, or ntp.

**Note:**
- If access to a physical host's clock is available and configured according to site policy, this section can be skipped
- **Only one time synchronization method should be in use on the system**
- Only the section related to the time synchronization method in use on the system should be followed, all other time synchronization recommendations should be skipped
- If access to a physical host's clock is available and configured according to site policy:
 - `systemd-timesyncd` should be stopped and masked
 - `chrony` should be removed from the system
 - `ntp` should be removed from the system.",,,,,
JR2.C.2.1.1.0,jr2_c_2_1_1_0,section,Configure Time Synchronization,Ensure time synchronization is in use.,debian;redhat,,,,"It is recommended that physical systems and virtual guests lacking direct access to the physical host's clock be configured to synchronize their time using a service such as systemd-timesyncd, chrony, or ntp.",,,,,
JR2.C.2.1.1.1,jr2_c_2_1_1_1,control,Ensure time synchronization is in use,Ensure a single time synchronization daemon is in use.,debian;redhat,1,CIS-U22:2.1.1.1,"chrony, systemd-timesyncd, or ntp must be running.","System time should be synchronized between all systems in an environment. This is typically done by establishing an authoritative time server or set of servers and having all systems synchronize their clocks to them.

**Note:**
- **On virtual systems where host based time synchronization is available consult your virtualization software documentation and verify that host based synchronization is in use and follows local site policy. In this scenario, this section should be skipped**
- Only **one** time synchronization method should be in use on the system. Configuring multiple time synchronization methods could lead to unexpected or unreliable results.","Time synchronization is important to support time sensitive security mechanisms and ensures log files have consistent time records across the enterprise, which aids in forensic investigations.","On physical systems, and virtual systems where host based time synchronization is not available.

**One** of the three time synchronization daemons should be available; **`chrony`**, **`systemd-timesyncd`**, or **`ntp`**

Run the following script to verify that a single time synchronization daemon is available on the system:

```
#!/usr/bin/env bash

{
 output="""" l_tsd="""" l_sdtd="""" chrony="""" l_ntp=""""
 dpkg-query -W chrony > /dev/null 2>&1 && l_chrony=""y""
 dpkg-query -W ntp > /dev/null 2>&1 && l_ntp=""y"" || l_ntp=""""
 systemctl list-units --all --type=service | grep -q 'systemd-timesyncd.service' && systemctl is-enabled systemd-timesyncd.service | grep -q 'enabled' && l_sdtd=""y""
 if [[ ""$l_chrony"" = ""y"" && ""$l_ntp"" != ""y"" && ""$l_sdtd"" != ""y"" ]]; then
 l_tsd=""chrony""
 output=""$output\n- chrony is in use on the system""
 elif [[ ""$l_chrony"" != ""y"" && ""$l_ntp"" = ""y"" && ""$l_sdtd"" != ""y"" ]]; then
 l_tsd=""ntp""
 output=""$output\n- ntp is in use on the system""
 elif [[ ""$l_chrony"" != ""y"" && ""$l_ntp"" != ""y"" ]]; then
 if systemctl list-units --all --type=service | grep -q 'systemd-timesyncd.service' && systemctl is-enabled systemd-timesyncd.service | grep -Eq '(enabled|disabled|masked)'; then
 l_tsd=""sdtd""
 output=""$output\n- systemd-timesyncd is in use on the system""
 fi
 else
 [[ ""$l_chrony"" = ""y"" && ""$l_ntp"" = ""y"" ]] && output=""$output\n- both chrony and ntp are in use on the system""
 [[ ""$l_chrony"" = ""y"" && ""$l_sdtd"" = ""y"" ]] && output=""$output\n- both chrony and systemd-timesyncd are in use on the system""
 [[ ""$l_ntp"" = ""y"" && ""$l_sdtd"" = ""y"" ]] && output=""$output\n- both ntp and systemd-timesyncd are in use on the system""
 fi
 if [ -n ""$l_tsd"" ]; then
 echo -e ""\n- PASS:\n$output\n""
 else
 echo -e ""\n- FAIL:\n$output\n""
 fi
}
```

**NOTE:** Follow the guidance in the subsection for the time synchronization daemon available on the system and skip the other two time synchronization daemon subsections.","On physical systems, and virtual systems where host based time synchronization is not available.

Select **one** of the three time synchronization daemons; **`chrony (1)`**, **`systemd-timesyncd (2)`**, or **`ntp (3)`**, and following the remediation procedure for the selected daemon.

**Note:** enabling more than one synchronization daemon could lead to unexpected or unreliable results:

1. **`chrony`**

Run the following command to install `chrony`:

```
# apt install chrony
```

Run the following commands to stop and mask the `systemd-timesyncd` daemon:

```
# systemctl stop systemd-timesyncd.service

# systemctl --now mask systemd-timesyncd.service
```

Run the following command to remove the ntp package:

```
# apt purge ntp
```

**NOTE:** 
- Subsection: **_Configure chrony_** should be followed
- Subsections: **_Configure systemd-timesyncd_** and **_Configure ntp_** should be skipped

2. **`systemd-timesyncd`**

Run the following command to remove the chrony package:

```
# apt purge chrony
```

Run the following command to remove the ntp package:

```
# apt purge ntp
```

**NOTE:** 
- Subsection: **_Configure systemd-timesyncd_** should be followed
- Subsections: **_Configure chrony_** and **_Configure ntp_** should be skipped

3. **`ntp`**

Run the following command to install `ntp`:

```
# apt install ntp
```

Run the following commands to stop and mask the `systemd-timesyncd` daemon:

```
# systemctl stop systemd-timesyncd.service

# systemctl --now mask systemd-timesyncd.service
```

Run the following command to remove the chrony package:

```
# apt purge chrony
```

**NOTE:** 
- Subsection: **_Configure ntp_** should be followed
- Subsections: **_Configure chrony_** and **_Configure systemd-timesyncd_** should be skipped","# [SABC] Red Hat family guidance — authored from the CIS AlmaLinux 8 Benchmark.
# (CIS AlmaLinux 8 §2.3.1 — Ensure time synchronization is in use)
```
# rpm -q chrony
```","# [SABC] Red Hat family guidance — authored from the CIS AlmaLinux 8 Benchmark.
# (CIS AlmaLinux 8 §2.3.1 — Ensure time synchronization is in use)
```
# dnf install chrony
```"
JR2.C.2.1.2.0,jr2_c_2_1_2_0,section,Configure Time Synchronization,Configure chrony.,debian;redhat,,,,"chrony is a daemon which implements the Network Time Protocol (NTP) and is designed to synchronize system clocks across a variety of systems and use a source that is highly accurate.

chrony can be configured to be a client and/or a server.

More information on chrony can be found at: [http://chrony.tuxfamily.org/](http://chrony.tuxfamily.org/). 

**Note:**
- If ntp or systemd-timesyncd are used, chrony should be removed and this section skipped
- Only one time synchronization method should be in use on the system.",,,,,
JR2.C.2.1.2.1,jr2_c_2_1_2_1,control,Configure chrony,Ensure chrony is running as user _chrony.,debian;redhat,1,CIS-U22:2.1.2.2,Chrony must be running as user _chrony.,The `chrony` package is installed with a dedicated user account `_chrony`. This account is granted the access required by the `chronyd` service.,The `chronyd` service should run with only the required privileges.,"**IF** `chrony` is in use on the system, run the following command to verify the `chronyd` service is being run as the `_chrony` user:

```
# ps -ef | awk '(/[c]hronyd/ && $1!=""_chrony"") { print $1 }'
```

Nothing should be returned.","Add or edit the `user` line to `/etc/chrony/chrony.conf` or a file ending in `.conf` in `/etc/chrony/conf.d/`:

```
user _chrony
```

**OR**

If another time synchronization service is in use on the system, run the following command to remove `chrony` from the system:

```
# apt purge chrony
```","# [SABC] Red Hat family guidance — authored from the CIS AlmaLinux 8 Benchmark.
# (CIS AlmaLinux 8 §2.3.3 — Ensure chrony is not run as the root user)
```
# grep -Psi -- '^\h*OPTIONS=\""?\h*([^#\n\r]+\h+)?-u\h+root\b'
```","# [SABC] Red Hat family guidance — authored from the CIS AlmaLinux 8 Benchmark.
# (CIS AlmaLinux 8 §2.3.3 — Ensure chrony is not run as the root user)
```
# systemctl reload-or-restart chronyd.service
```"
JR2.C.2.1.2.2,jr2_c_2_1_2_2,control,Configure chrony,Ensure chrony is enabled and running.,debian;redhat,1,CIS-U22:2.1.2.3,"Chrony must be enabled, running and configured to synchronize with timeservers, if none of the other 2 timesync methods are in use.",chrony is a daemon for synchronizing the system clock across the network.,"chrony needs to be enabled and running in order to synchronize the system to a timeserver.

Time synchronization is important to support time sensitive security mechanisms and to ensure log files have consistent time records across the enterprise to aid in forensic investigations.","**IF** chrony is in use on the system, run the following commands:

Run the following command to verify that the `chrony` service is enabled:

```
# systemctl is-enabled chrony.service

enabled
```

Run the following command to verify that the `chrony` service is active:

```
# systemctl is-active chrony.service

active
```","**IF** `chrony` is in use on the system, run the following commands:

Run the following command to unmask `chrony.service`:

```
# systemctl unmask chrony.service
```

Run the following command to enable and start `chrony.service`:

```
# systemctl --now enable chrony.service
```

**OR** 

If another time synchronization service is in use on the system, run the following command to remove `chrony`:

```
# apt purge chrony
```","# [SABC] Red Hat family guidance — authored from the CIS AlmaLinux 8 Benchmark.
# (CIS AlmaLinux 8 §2.3.2 — Ensure chrony is configured)
```
#!/usr/bin/env bash

{
   a_output=() a_output2=() a_config_files=(""/etc/chrony.conf"")
   l_include='(confdir|sourcedir)' l_parameter_name='(server|pool)'
l_parameter_value='.+'
   while IFS= read -r l_conf_loc; do
      l_dir="""" l_ext=""""
      if [ -d ""$l_conf_loc"" ]; then
          l_dir=""$l_conf_loc"" l_ext=""*""
      elif grep -Psq '\/\*\.([^#/\n\r]+)?\h*$' <<< ""$l_conf_loc"" || [ -f
""$(readlink -f ""$l_conf_loc"")"" ]; then
          l_dir=""$(dirname ""$l_conf_loc"")"" l_ext=""$(basename ""$l_conf_loc"")""
      fi
      if [[ -n ""$l_dir"" && -n ""$l_ext"" ]]; then
          while IFS= read -r -d $'\0' l_file_name; do
             [ -f ""$(readlink -f ""$l_file_name"")"" ] &&
a_config_files+=(""$(readlink -f ""$l_file_name"")"")
          done < <(find -L ""$l_dir"" -type f -name ""$l_ext"" -print0
2>/dev/null)
      fi
   done < <(awk '$1~/^\s*'""$l_include""'$/{print $2}' ""${a_config_files[*]}""
2>/dev/null)
   for l_file in ""${a_config_files[@]}""; do
      l_parameter_line=""$(grep -Psi
'^\h*'""$l_parameter_name""'(\h+|\h*:\h*)'""$l_parameter_value""'\b' ""$l_file"")""
      [ -n ""$l_parameter_line"" ] && a_output+=("" - Parameter: \""$(tr -d '()'
<<< ${l_parameter_name//|/ or })\"""" \
      ""     Exists in the file: \""$l_file\"" as:"" ""$l_parameter_line"")
   done
   [ ""${#a_output[@]}"" -le ""0"" ] && a_output2+=("" - Parameter: \""$(tr -d
'()' <<< ${l_parameter_name//|/ or })\"""" \
   ""     Does not exist in the chrony configuration"")
   if [ ""${#a_output2[@]}"" -le 0 ]; then
      printf '%s\n' """" ""- Audit Result:"" "" ** PASS **"" ""${a_output[@]}"" """"
   else
      printf '%s\n' """" ""- Audit Result:"" "" ** FAIL **"" "" - Reason(s) for
audit failure:"" ""${a_output2[@]}""
   fi
}
```","# [SABC] Red Hat family guidance — authored from the CIS AlmaLinux 8 Benchmark.
# (CIS AlmaLinux 8 §2.3.2 — Ensure chrony is configured)
```
#!/usr/bin/env bash

{
    [ ! -d ""/etc/sources.d/"" ] && mkdir /etc/sources.d/
    printf '%s\n' """" ""#The maxsources option is unique to the pool directive""
\
   ""pool time.nist.gov iburst maxsources 4"" >> /etc/sources.d/60-
sources.sources
   chronyc reload sources &>/dev/null
}
Example script to add a drop-in configuration for the server directive:
#!/usr/bin/env bash

{
   [ ! -d ""/etc/sources.d/"" ] && mkdir /etc/sources.d/
   printf '%s\n' """" ""server time-a-g.nist.gov iburst"" ""server 132.163.97.3
iburst"" \
   ""server time-d-b.nist.gov iburst"" >> /etc/sources.d/60-sources.sources
   chronyc reload sources &>/dev/null
}
Run the following command to reload the chronyd config:
# systemctl reload-or-restart chronyd
```"
JR2.C.2.1.3.0,jr2_c_2_1_3_0,section,Configure Time Synchronization,Configure systemd-timesyncd.,debian;redhat,,,,"`systemd-timesyncd` is a daemon that has been added for synchronizing the system clock across the network. It implements an SNTP client. In contrast to NTP implementations such as chrony or the NTP reference server this only implements a client side, and does not bother with the full NTP complexity, focusing only on querying time from one remote server and synchronizing the local clock to it. The daemon runs with minimal privileges, and has been hooked up with networkd to only operate when network connectivity is available. The daemon saves the current clock to disk every time a new NTP sync has been acquired, and uses this to possibly correct the system clock early at bootup, in order to accommodate for systems that lack an RTC such as the Raspberry Pi and embedded devices, and make sure that time monotonically progresses on these systems, even if it is not always correct. To make use of this daemon a new system user and group ""systemd-timesync"" needs to be created on installation of systemd.

The default configuration is set during compilation, so configuration is only needed when it is necessary to deviate from those defaults. Initially, the main configuration file in /etc/systemd/ contains commented out entries showing the defaults as a guide to the administrator. Local overrides can be created by editing this file or by creating drop-ins, as described below. Using drop-ins for local configuration is recommended over modifications to the main configuration file.

In addition to the ""main"" configuration file, drop-in configuration snippets are read from `/usr/lib/systemd/*.conf.d/`, `/usr/local/lib/systemd/*.conf.d/`, and `/etc/systemd/*.conf.d/`. Those drop-ins have higher precedence and override the main configuration file. Files in the *.conf.d/ configuration subdirectories are sorted by their filename in lexicographic order, regardless of in which of the subdirectories they reside. When multiple files specify the same option, for options which accept just a single value, the entry in the file sorted last takes precedence, and for options which accept a list of values, entries are collected as they occur in the sorted files.

When packages need to customize the configuration, they can install drop-ins under /usr/. Files in /etc/ are reserved for the local administrator, who may use this logic to override the configuration files installed by vendor packages. Drop-ins have to be used to override package drop-ins, since the main configuration file has lower precedence. It is recommended to prefix all filenames in those subdirectories with a two-digit number and a dash, to simplify the ordering of the files.

To disable a configuration file supplied by the vendor, the recommended way is to place a symlink to /dev/null in the configuration directory in /etc/, with the same filename as the vendor configuration file.

**Note:**
- The recommendations in this section only apply if timesyncd is in use on the system
- The systemd-timesyncd service specifically implements only SNTP. 
 - This minimalistic service will set the system clock for large offsets or slowly adjust it for smaller deltas
 - More complex use cases are not covered by systemd-timesyncd
- **If chrony or ntp are used, systemd-timesyncd should be stopped and masked, and this section skipped**
- **One, and only one, time synchronization method should be in use on the system**.",,,,,
JR2.C.2.1.3.1,jr2_c_2_1_3_1,control,Configure systemd-timesyncd,Ensure systemd-timesyncd configured with authorized timeserver.,debian;redhat,1,CIS-U22:2.1.3.1,"ntp must be enabled, running and configured to synchronize with timeservers, if none of the other 2 timesync methods are in use.","`NTP=`
- A space-separated list of NTP server host names or IP addresses. During runtime this list is combined with any per-interface NTP servers acquired from systemd-networkd.service(8). systemd-timesyncd will contact all configured system or per-interface servers in turn, until one responds. When the empty string is assigned, the list of NTP servers is reset, and all prior assignments will have no effect. This setting defaults to an empty list.

`FallbackNTP=`
- A space-separated list of NTP server host names or IP addresses to be used as the fallback NTP servers. Any per-interface NTP servers obtained from systemd-networkd.service(8) take precedence over this setting, as do any servers set via NTP= above. This setting is hence only relevant if no other NTP server information is known. When the empty string is assigned, the list of NTP servers is reset, and all prior assignments will have no effect. If this option is not given, a compiled-in list of NTP servers is used.",Time synchronization is important to support time sensitive security mechanisms and to ensure log files have consistent time records across the enterprise to aid in forensic investigations.,"Verify systemd-timesyncd is configured with a timeserver — not applicable when timesyncd is not the enabled sync daemon (e.g. chrony hosts).

```bash
#!/bin/bash
systemctl is-enabled systemd-timesyncd 2>/dev/null | grep -q '^enabled' || exit 101
grep -Ersq '^[[:space:]]*(NTP|FallbackNTP)=[^[:space:]]' /etc/systemd/timesyncd.conf /etc/systemd/timesyncd.conf.d 2>/dev/null && exit 0
exit 1
```","Point systemd-timesyncd at authorized pool servers (drop-in).

```bash
#!/bin/bash
systemctl is-enabled systemd-timesyncd 2>/dev/null | grep -q '^enabled' || exit 0
mkdir -p /etc/systemd/timesyncd.conf.d
printf '[Time]\nNTP=0.pool.ntp.org 1.pool.ntp.org\nFallbackNTP=2.pool.ntp.org 3.pool.ntp.org\n' > /etc/systemd/timesyncd.conf.d/60-sabc.conf
systemctl try-restart systemd-timesyncd >/dev/null 2>&1
exit 0
```","# [SABC] Not applicable on the Red Hat family — no CIS AlmaLinux 8 equivalent for this Debian-specific control.
```
#!/usr/bin/env bash
exit 101
```","# [SABC] Not applicable on the Red Hat family — no CIS AlmaLinux 8 equivalent for this Debian-specific control.
"
JR2.C.2.1.4.0,jr2_c_2_1_4_0,section,Configure Time Synchronization,Configure ntp.,debian;redhat,,,,"`ntp` is a daemon which implements the Network Time Protocol (NTP). It is designed to synchronize system clocks across a variety of systems and use a source that is highly accurate. More information on NTP can be found at [http://www.ntp.org](http://www.ntp.org/). `ntp` can be configured to be a client and/or a server.

**Note:**
- If `chrony` or `systemd-timesyncd` are used, `ntp` should be removed and this section skipped
- This recommendation only applies if ntp is in use on the system
- **Only one time synchronization method should be in use on the system**.",,,,,
JR2.C.2.1.4.1,jr2_c_2_1_4_1,control,Configure ntp,Ensure ntp access control is configured.,debian;redhat,1,CIS-U22:2.1.4.1,"If in use, ntp must have access control configured.","`ntp` Access Control Commands:

`restrict address [mask mask] [ippeerlimit int] [flag ...]`

The `address` argument expressed in dotted-quad form is the address of a host or network. Alternatively, the address argument can be a valid host DNS name. 

The `mask` argument expressed in dotted-quad form defaults to 255.255.255.255, meaning that the address is treated as the address of an individual host. A default entry (address 0.0.0.0, mask 0.0.0.0) is always included and is always the first entry in the list. **Note:** the text string default, with no mask option, may be used to indicate the default entry. 

The `ippeerlimit` directive limits the number of peer requests for each IP to int, where a value of -1 means ""unlimited"", the current default. A value of 0 means ""none"". There would usually be at most 1 peering request per IP, but if the remote peering requests are behind a proxy there could well be more than 1 per IP. In the current implementation, flag always restricts access, i.e., an entry with no flags indicates that free access to the server is to be given. 

The flags are not orthogonal, in that more restrictive flags will often make less restrictive ones redundant. The flags can generally be classed into two categories, those which restrict time service and those which restrict informational queries and attempts to do run-time reconfiguration of the server. 

One or more of the following flags may be specified:
- `kod` - If this flag is set when an access violation occurs, a kiss-o'-death (KoD) packet is sent. KoD packets are rate limited to no more than one per second. If another KoD packet occurs within one second after the last one, the packet is dropped.
- `limited` - Deny service if the packet spacing violates the lower limits specified in the discard command. A history of clients is kept using the monitoring capability of `ntpd`. Thus, monitoring is always active as long as there is a restriction entry with the limited flag.
- `lowpriotrap` - Declare traps set by matching hosts to be low priority. The number of traps a server can maintain is limited (the current limit is 3). Traps are usually assigned on a first come, first served basis, with later trap requestors being denied service. This flag modifies the assignment algorithm by allowing low priority traps to be overridden by later requests for normal priority traps.
- `noepeer` - Deny ephemeral peer requests, even if they come from an authenticated source. Note that the ability to use a symmetric key for authentication may be restricted to one or more IPs or subnets via the third field of the ntp.keys file. This restriction is not enabled by default, to maintain backward compatibility. Expect noepeer to become the default in `ntp-4.4`.
- `nomodify` - Deny `ntpq` and `ntpdc` queries which attempt to modify the state of the server (i.e., run time reconfiguration). Queries which return information are permitted.
- `noquery` - Deny `ntpq` and `ntpdc` queries. Time service is not affected.
- `nopeer` - Deny unauthenticated packets which would result in mobilizing a new association. This includes broadcast and symmetric active packets when a configured association does not exist. It also includes pool associations, so if you want to use servers from a pool directive and also want to use `nopeer` by default, you'll want a restrict source ... line as well that does not include the `nopeer` directive.
- `noserve` - Deny all packets except `ntpq` and `ntpdc` queries.
- `notrap` - Decline to provide mode 6 control message trap service to matching hosts. The trap service is a subsystem of the `ntpq` control message protocol which is intended for use by remote event logging programs.
- `notrust` - Deny service unless the packet is cryptographically authenticated.
- `ntpport` - This is actually a match algorithm modifier, rather than a restriction flag. Its presence causes the restriction entry to be matched only if the source port in the packet is the standard NTP UDP port (123). Both `ntpport` and `non-ntpport` may be specified. The `ntpport` is considered more specific and is sorted later in the list.","If `ntp` is in use on the system, proper configuration is vital to ensuring time synchronization is accurate.","Verify ntp restricts the default association — not applicable when the ntp daemon is not installed (chrony/timesyncd hosts).

```bash
#!/bin/bash
dpkg-query -W ntp >/dev/null 2>&1 || dpkg-query -W ntpsec >/dev/null 2>&1 || exit 101
f=/etc/ntpsec/ntp.conf; [ -e ""$f"" ] || f=/etc/ntp.conf
[ -e ""$f"" ] || exit 1
for v in 4 6; do
  line=$(grep -Es ""^[[:space:]]*restrict[[:space:]]+(-$v[[:space:]]+)?default\b"" ""$f"" | head -1)
  [ -n ""$line"" ] || exit 1
  for opt in kod nomodify notrap nopeer noquery; do
    printf '%s' ""$line"" | grep -qw ""$opt"" || exit 1
  done
done
exit 0
```","Apply the CIS default restrictions to the ntp configuration.

```bash
#!/bin/bash
dpkg-query -W ntp >/dev/null 2>&1 || dpkg-query -W ntpsec >/dev/null 2>&1 || exit 0
f=/etc/ntpsec/ntp.conf; [ -e ""$f"" ] || f=/etc/ntp.conf
[ -e ""$f"" ] || exit 0
grep -Eq '^[[:space:]]*restrict[[:space:]]+(-4[[:space:]]+)?default' ""$f"" \
  && sed -ri 's|^[[:space:]]*restrict[[:space:]]+(-4[[:space:]]+)?default.*|restrict -4 default kod nomodify notrap nopeer noquery|' ""$f"" \
  || printf 'restrict -4 default kod nomodify notrap nopeer noquery\n' >> ""$f""
grep -Eq '^[[:space:]]*restrict[[:space:]]+-6[[:space:]]+default' ""$f"" \
  && sed -ri 's|^[[:space:]]*restrict[[:space:]]+-6[[:space:]]+default.*|restrict -6 default kod nomodify notrap nopeer noquery|' ""$f"" \
  || printf 'restrict -6 default kod nomodify notrap nopeer noquery\n' >> ""$f""
systemctl try-restart ntp >/dev/null 2>&1 || systemctl try-restart ntpsec >/dev/null 2>&1
exit 0
```","# [SABC] Not applicable on the Red Hat family — no CIS AlmaLinux 8 equivalent for this Debian-specific control.
```
#!/usr/bin/env bash
exit 101
```","# [SABC] Not applicable on the Red Hat family — no CIS AlmaLinux 8 equivalent for this Debian-specific control.
"
JR2.C.2.1.4.2,jr2_c_2_1_4_2,control,Configure ntp,Ensure ntp is running as user ntp.,debian;redhat,1,CIS-U22:2.1.4.3,"If used, ntp must be running as user ntp.","The `ntp` package is installed with a dedicated user account `ntp`. This account is granted the access required by the `ntpd` daemon

**Note:**
- If chrony or systemd-timesyncd are used, ntp should be removed and this section skipped
- This recommendation only applies if `ntp` is in use on the system
- **Only one time synchronization method should be in use on the system**.",The `ntpd` daemon should run with only the required privilege.,"**IF** `ntp` is in use on the system run the following command to verify the `ntpd` daemon is being run as the user `ntp`:

```
# ps -ef | awk '(/[n]tpd/ && $1!=""ntp"") { print $1 }'
```

Nothing should be returned

Run the following command to verify the `RUNASUSER=` is set to `ntp` in `/usr/lib/ntp/ntp-systemd-wrapper`:

```
# grep -P -- '^\h*RUNASUSER=' /usr/lib/ntp/ntp-systemd-wrapper

RUNASUSER=ntp
```","Add or edit the following line in `/usr/lib/ntp/ntp-systemd-wrapper`:

```
RUNASUSER=ntp
```

Run the following command to restart `ntp.servocee`:

```
# systemctl restart ntp.service
```

**OR**

If another time synchronization service is in use on the system, run the following command to remove `ntp` from the system:

```
# apt purge ntp
```","# [SABC] Not applicable on the Red Hat family — no CIS AlmaLinux 8 equivalent for this Debian-specific control.
```
#!/usr/bin/env bash
exit 101
```","# [SABC] Not applicable on the Red Hat family — no CIS AlmaLinux 8 equivalent for this Debian-specific control.
"
JR2.C.2.1.4.3,jr2_c_2_1_4_3,control,Configure ntp,Ensure ntp is enabled and running.,debian;redhat,1,CIS-U22:2.1.4.4,"If none of the other 2 timesync methods are in use, ntp must be enabled and running.",ntp is a daemon for synchronizing the system clock across the network.,"ntp needs to be enabled and running in order to synchronize the system to a timeserver.

Time synchronization is important to support time sensitive security mechanisms and to ensure log files have consistent time records across the enterprise to aid in forensic investigations.","Verify the ntp daemon is enabled and running — not applicable when ntp is not installed (chrony/timesyncd hosts).

```bash
#!/bin/bash
dpkg-query -W ntp >/dev/null 2>&1 || dpkg-query -W ntpsec >/dev/null 2>&1 || exit 101
for u in ntp ntpsec; do
  if systemctl is-enabled ""$u"" 2>/dev/null | grep -q '^enabled'; then
    systemctl is-active ""$u"" 2>/dev/null | grep -qx active && exit 0
  fi
done
exit 1
```","Enable and start the installed ntp daemon.

```bash
#!/bin/bash
if dpkg-query -W ntpsec >/dev/null 2>&1; then u=ntpsec
elif dpkg-query -W ntp >/dev/null 2>&1; then u=ntp
else exit 0; fi
systemctl unmask ""$u"" >/dev/null 2>&1
systemctl enable --now ""$u"" >/dev/null 2>&1
exit 0
```","# [SABC] Not applicable on the Red Hat family — no CIS AlmaLinux 8 equivalent for this Debian-specific control.
```
#!/usr/bin/env bash
exit 101
```","# [SABC] Not applicable on the Red Hat family — no CIS AlmaLinux 8 equivalent for this Debian-specific control.
"
JR2.C.2.2.0,jr2_c_2_2_0,section,Special Purpose Services,Special Purpose Services,debian;redhat,,,,"This section describes services that are installed on systems that specifically need to run these services. If any of these services are not required, it is recommended that they be deleted from the system to reduce the potential attack surface. If a package is required as a dependency, and the service is not required, the service should be stopped and masked.

The following command can be used to stop and mask the service:
```
# systemctl --now mask <service_name>
```",,,,,
JR2.C.2.2.1,jr2_c_2_2_1,control,Special Purpose Services,Ensure Avahi Server is not installed.,debian;redhat,1,CIS-U22:2.2.2,Ensure Avahi Server is not installed.,"Avahi is a free zeroconf implementation, including a system for multicast DNS/DNS-SD service discovery. Avahi allows programs to publish and discover services and hosts running on a local network with no specific configuration. For example, a user can plug a computer into a network and Avahi automatically finds printers to print to, files to look at and people to talk to, as well as network services running on the machine.",Automatic discovery of network services is not normally required for system functionality. It is recommended to remove this package to reduce the potential attack surface.,"Run the following command to verify `avahi-daemon` is not installed:
```
# dpkg-query -W -f='${binary:Package}\t${Status}\t${db:Status-Status}\n' avahi-daemon

avahi-daemon unknown ok not-installed not-installed
```","Run the following commands to remove `avahi-daemon`:

```
# systemctl stop avahi-daaemon.service
# systemctl stop avahi-daemon.socket
# apt purge avahi-daemon
```","# [SABC] Red Hat family guidance — authored from the CIS AlmaLinux 8 Benchmark.
# (CIS AlmaLinux 8 §2.1.2 — Ensure avahi daemon services are not in use)
```
# rpm -q avahi
# systemctl is-enabled avahi-daemon.socket avahi-daemon.service 2>/dev/null |
# systemctl is-active avahi-daemon.socket avahi-daemon.service 2>/dev/null |
```","# [SABC] Red Hat family guidance — authored from the CIS AlmaLinux 8 Benchmark.
# (CIS AlmaLinux 8 §2.1.2 — Ensure avahi daemon services are not in use)
```
# systemctl stop avahi-daemon.socket avahi-daemon.service
# dnf remove avahi
# systemctl stop avahi-daemon.socket avahi-daemon.service
# systemctl mask avahi-daemon.socket avahi-daemon.service
```"
JR2.C.2.2.2,jr2_c_2_2_2,control,Special Purpose Services,Ensure CUPS is not installed.,debian;redhat,1,CIS-U22:2.2.3,CUPS must not be installed.,The Common Unix Print System (CUPS) provides the ability to print to both local and network printers. A system running CUPS can also accept print jobs from remote systems and print them to local printers. It also provides a web based remote administration capability.,"If the system does not need to print jobs or accept print jobs from other systems, it is recommended that CUPS be removed to reduce the potential attack surface.","Run the following command to verify `cups` is not Installed:
```
# dpkg-query -W -f='${binary:Package}\t${Status}\t${db:Status-Status}\n' cups

cups unknown ok not-installed not-installed
```","Run one of the following commands to remove `cups` :
```
# apt purge cups
```","# [SABC] Red Hat family guidance — authored from the CIS AlmaLinux 8 Benchmark.
# (CIS AlmaLinux 8 §2.1.11 — Ensure print server services are not in use)
```
# rpm -q cups
# systemctl is-enabled cups.socket cups.service 2>/dev/null | grep 'enabled'
# systemctl is-active cups.socket cups.service 2>/dev/null | grep '^active'
```","# [SABC] Red Hat family guidance — authored from the CIS AlmaLinux 8 Benchmark.
# (CIS AlmaLinux 8 §2.1.11 — Ensure print server services are not in use)
```
# systemctl stop cups.socket cups.service
# dnf remove cups
# systemctl stop cups.socket cups.service
# systemctl mask cups.socket cups.service
```"
JR2.C.2.2.3,jr2_c_2_2_3,control,Special Purpose Services,Ensure DHCP Server is not installed.,debian;redhat,1,CIS-U22:2.2.4,DHCP Server must not be installed.,The Dynamic Host Configuration Protocol (DHCP) is a service that allows machines to be dynamically assigned IP addresses.,"Unless a system is specifically set up to act as a DHCP server, it is recommended that this package be removed to reduce the potential attack surface.","Run the following commands to verify `isc-dhcp-server` is not installed:
```
# dpkg-query -W -f='${binary:Package}\t${Status}\t${db:Status-Status}\n' isc-dhcp-server

isc-dhcp-server unknown ok not-installed not-installed
```","Run the following command to remove `isc-dhcp-server`:
```
# apt purge isc-dhcp-server
```","# [SABC] Red Hat family guidance — authored from the CIS AlmaLinux 8 Benchmark.
# (CIS AlmaLinux 8 §2.1.4 — Ensure dhcp server services are not in use)
```
# rpm -q dhcp-server
# systemctl is-enabled dhcpd.service dhcpd6.service 2>/dev/null | grep
# systemctl is-active dhcpd.service dhcpd6.service 2>/dev/null | grep
```","# [SABC] Red Hat family guidance — authored from the CIS AlmaLinux 8 Benchmark.
# (CIS AlmaLinux 8 §2.1.4 — Ensure dhcp server services are not in use)
```
# systemctl stop dhcpd.service dhcpd6.service
# dnf remove dhcp-server
# systemctl stop dhcpd.service dhcpd6.service
# systemctl mask dhcpd.service dhcpd6.service
```"
JR2.C.2.2.4,jr2_c_2_2_4,control,Special Purpose Services,Ensure LDAP server is not installed.,debian;redhat,1,CIS-U22:2.2.5,LDAP Server must not be installed.,The Lightweight Directory Access Protocol (LDAP) was introduced as a replacement for NIS/YP. It is a service that provides a method for looking up information from a central database.,"If the system will not need to act as an LDAP server, it is recommended that the software be removed to reduce the potential attack surface.","Run the following command to verify `slapd` is not installed:
```
# dpkg-query -W -f='${binary:Package}\t${Status}\t${db:Status-Status}\n' slapd

slapd unknown ok not-installed not-installed
```","Run one of the following commands to remove `slapd`:

```
# apt purge slapd
```","# [SABC] Not applicable on the Red Hat family — no CIS AlmaLinux 8 equivalent for this Debian-specific control.
```
#!/usr/bin/env bash
exit 101
```","# [SABC] Not applicable on the Red Hat family — no CIS AlmaLinux 8 equivalent for this Debian-specific control.
"
JR2.C.2.2.5,jr2_c_2_2_5,control,Special Purpose Services,Ensure NFS is not installed.,debian;redhat,1,CIS-U22:2.2.6,NFS must not be installed.,The Network File System (NFS) is one of the first and most widely distributed file systems in the UNIX environment. It provides the ability for systems to mount file systems of other servers through the network.,"If the system does not export NFS shares, it is recommended that the `nfs-kernel-server` package be removed to reduce the remote attack surface.","Run the following command to verify `nfs` is not installed:

```
# dpkg-query -W -f='${binary:Package}\t${Status}\t${db:Status-Status}\n' nfs-kernel-server

nfs-kernel-server unknown ok not-installed not-installed
```","Run the following command to remove `nfs`:

```
# apt purge nfs-kernel-server
```","# [SABC] Red Hat family guidance — authored from the CIS AlmaLinux 8 Benchmark.
# (CIS AlmaLinux 8 §2.1.9 — Ensure network file system services are not in use)
```
# rpm -q nfs-utils
# systemctl is-enabled nfs-server.service 2>/dev/null | grep 'enabled'
# systemctl is-active nfs-server.service 2>/dev/null | grep '^active'
```","# [SABC] Red Hat family guidance — authored from the CIS AlmaLinux 8 Benchmark.
# (CIS AlmaLinux 8 §2.1.9 — Ensure network file system services are not in use)
```
# systemctl stop nfs-server.service
# dnf remove nfs-utils
# systemctl stop nfs-server.service
# systemctl mask nfs-server.service
```"
JR2.C.2.2.6,jr2_c_2_2_6,control,Special Purpose Services,Ensure DNS Server is not installed.,debian;redhat,1,CIS-U22:2.2.7,DNS Server must not be installed.,"The Domain Name System (DNS) is a hierarchical naming system that maps names to IP addresses for computers, services and other resources connected to a network.","Unless a system is specifically designated to act as a DNS server, it is recommended that the package be deleted to reduce the potential attack surface.","Run the following command to verify `DNS server` is not installed:
```
# dpkg-query -W -f='${binary:Package}\t${Status}\t${db:Status-Status}\n' bind9

bind9 unknown ok not-installed not-installed
```","Run the following commands to disable `DNS server`:

```
# apt purge bind9
```","# [SABC] Red Hat family guidance — authored from the CIS AlmaLinux 8 Benchmark.
# (CIS AlmaLinux 8 §2.1.5 — Ensure dns server services are not in use)
```
# rpm -q bind
# systemctl is-enabled named.service 2>/dev/null | grep 'enabled'
# systemctl is-active named.service 2>/dev/null | grep '^active'
```","# [SABC] Red Hat family guidance — authored from the CIS AlmaLinux 8 Benchmark.
# (CIS AlmaLinux 8 §2.1.5 — Ensure dns server services are not in use)
```
# systemctl stop named.service
# dnf remove bind
# systemctl stop named.service
# systemctl mask named.service
```"
JR2.C.2.2.7,jr2_c_2_2_7,control,Special Purpose Services,Ensure FTP Server is not installed.,debian;redhat,1,CIS-U22:2.2.8,FTP Server must not be installed.,The File Transfer Protocol (FTP) provides networked computers with the ability to transfer files.,"FTP does not protect the confidentiality of data or authentication credentials. It is recommended SFTP be used if file transfer is required. Unless there is a need to run the system as a FTP server (for example, to allow anonymous downloads), it is recommended that the package be deleted to reduce the potential attack surface.","Run the following command to verify `vsftpd` is not installed:
```
# dpkg-query -W -f='${binary:Package}\t${Status}\t${db:Status-Status}\n' vsftpd

vsftpd unknown ok not-installed not-installed
```","Run the following command to remove `vsftpd`:

```
# apt purge vsftpd
```","# [SABC] Red Hat family guidance — authored from the CIS AlmaLinux 8 Benchmark.
# (CIS AlmaLinux 8 §2.1.7 — Ensure ftp server services are not in use)
```
# rpm -q vsftpd
# systemctl is-enabled vsftpd.service 2>/dev/null | grep 'enabled'
# systemctl is-active vsftpd.service 2>/dev/null | grep '^active'
```","# [SABC] Red Hat family guidance — authored from the CIS AlmaLinux 8 Benchmark.
# (CIS AlmaLinux 8 §2.1.7 — Ensure ftp server services are not in use)
```
# systemctl stop vsftpd.service
# dnf remove vsftpd
# systemctl stop vsftpd.service
# systemctl mask vsftpd.service
```"
JR2.C.2.2.8,jr2_c_2_2_8,control,Special Purpose Services,Ensure HTTP server is not installed.,debian;redhat,1,CIS-U22:2.2.9,HTTP server must not be installed.,HTTP or web servers provide the ability to host web site content.,"Unless there is a need to run the system as a web server, it is recommended that the package be deleted to reduce the potential attack surface.","Run the following command to verify `apache2` is not installed:

```
# dpkg-query -W -f='${binary:Package}\t${Status}\t${db:Status-Status}\n' apache2

apache2 unknown ok not-installed not-installed
```","Run the following command to remove `apache2`:

```
# apt purge apache2
```","# [SABC] Red Hat family guidance — authored from the CIS AlmaLinux 8 Benchmark.
# (CIS AlmaLinux 8 §2.1.19 — Ensure web server services are not in use)
```
# rpm -q httpd nginx
# systemctl show httpd.socket httpd.service -p UnitFileState,ActiveState |
# systemctl show nginx.service -p UnitFileState,ActiveState | grep -Pi
```","# [SABC] Red Hat family guidance — authored from the CIS AlmaLinux 8 Benchmark.
# (CIS AlmaLinux 8 §2.1.19 — Ensure web server services are not in use)
```
# systemctl stop httpd.socket httpd.service
# dnf remove httpd
# systemctl stop nginx.service
# dnf remove httpd nginx
# systemctl stop httpd.socket httpd.service
# systemctl mask httpd.socket httpd.service
# systemctl stop nginx.service
# systemctl mask nginx.service
```"
JR2.C.2.2.9,jr2_c_2_2_9,control,Special Purpose Services,Ensure IMAP and POP3 server are not installed.,debian;redhat,1,CIS-U22:2.2.10,IMAP and POP3 must not be installed.,`dovecot-imapd` and `dovecot-pop3d` are an open source IMAP and POP3 server for Linux based systems.,"Unless POP3 and/or IMAP servers are to be provided by this system, it is recommended that the package be removed to reduce the potential attack surface.","Run the following command to verify `dovecot-imapd` and `dovecot-pop3d` are not installed:

```
# dpkg-query -W -f='${binary:Package}\t${Status}\t${db:Status-Status}\n' dovecot-imapd dovecot-pop3d

dovecot-imapd unknown ok not-installed not-installed
dovecot-pop3d unknown ok not-installed not-installed
```","Run one of the following commands to remove `dovecot-imapd` and `dovecot-pop3d`:

```
# apt purge dovecot-imapd dovecot-pop3d
```","# [SABC] Red Hat family guidance — authored from the CIS AlmaLinux 8 Benchmark.
# (CIS AlmaLinux 8 §2.1.8 — Ensure message access server services are not in use)
```
# rpm -q dovecot cyrus-imapd
# systemctl is-enabled dovecot.socket dovecot.service cyrus-imapd.service
# systemctl is-active dovecot.socket dovecot.service cyrus-imapd.service
```","# [SABC] Red Hat family guidance — authored from the CIS AlmaLinux 8 Benchmark.
# (CIS AlmaLinux 8 §2.1.8 — Ensure message access server services are not in use)
```
# systemctl stop dovecot.socket dovecot.service cyrus-imapd.service
# dnf remove dovecot cyrus-imapd
# systemctl stop dovecot.socket dovecot.service cyrus-imapd.service
# systemctl mask dovecot.socket dovecot.service cyrus-imapd.service
```"
JR2.C.2.2.10,jr2_c_2_2_10,control,Special Purpose Services,Ensure Samba is not installed.,debian;redhat,1,CIS-U22:2.2.11,Samba must not be installed.,The Samba daemon allows system administrators to configure their Linux systems to share file systems and directories with Windows desktops. Samba will advertise the file systems and directories via the Server Message Block (SMB) protocol. Windows desktop users will be able to mount these directories and file systems as letter drives on their systems.,"If there is no need to mount directories and file systems to Windows systems, then this service should be deleted to reduce the potential attack surface.","Run the following command to verify `samba` is not installed:

```
# dpkg-query -W -f='${binary:Package}\t${Status}\t${db:Status-Status}\n' samba

samba unknown ok not-installed not-installed
```","Run the following command to remove `samba`:

```
# apt purge samba
```","# [SABC] Red Hat family guidance — authored from the CIS AlmaLinux 8 Benchmark.
# (CIS AlmaLinux 8 §2.1.14 — Ensure samba file server services are not in use)
```
# rpm -q samba
# systemctl is-enabled smb.service 2>/dev/null | grep 'enabled'
# systemctl is-active smb.service 2>/dev/null | grep '^active'
```","# [SABC] Red Hat family guidance — authored from the CIS AlmaLinux 8 Benchmark.
# (CIS AlmaLinux 8 §2.1.14 — Ensure samba file server services are not in use)
```
# systemctl stop smb.service
# dnf remove samba
# systemctl stop smb.service
# systemctl mask smb.service
```"
JR2.C.2.2.11,jr2_c_2_2_11,control,Special Purpose Services,Ensure HTTP Proxy Server is not installed.,debian;redhat,1,CIS-U22:2.2.12,HTTP Proxy Server must not be installed.,Squid is a standard proxy server used in many distributions and environments.,"If there is no need for a proxy server, it is recommended that the squid proxy be deleted to reduce the potential attack surface.","Run the following command to verify `squid` is not installed:
```
# dpkg-query -W -f='${binary:Package}\t${Status}\t${db:Status-Status}\n' squid

squid unknown ok not-installed not-installed
```","Run the following command to remove `squid`:

```
# apt purge squid
```","# [SABC] Red Hat family guidance — authored from the CIS AlmaLinux 8 Benchmark.
# (CIS AlmaLinux 8 §2.1.18 — Ensure web proxy server services are not in use)
```
# rpm -q squid
# systemctl is-enabled squid.service 2>/dev/null | grep 'enabled'
# systemctl is-active squid.service 2>/dev/null | grep '^active'
```","# [SABC] Red Hat family guidance — authored from the CIS AlmaLinux 8 Benchmark.
# (CIS AlmaLinux 8 §2.1.18 — Ensure web proxy server services are not in use)
```
# systemctl stop squid.service
# dnf remove squid
# systemctl stop squid.service
# systemctl mask squid.service
```"
JR2.C.2.2.12,jr2_c_2_2_12,control,Special Purpose Services,Ensure SNMP Server is not installed.,debian;redhat,1,CIS-U22:2.2.13,"Must not be installed.

**Note:** If SNMP is required:
- The server should be configured for `SNMP v3` only. `User Authentication` and `Message Encryption` should be configured.
- If `SNMP v2` is **absolutely** necessary, modify the community strings' values.","Simple Network Management Protocol (SNMP) is a widely used protocol for monitoring the health and welfare of network equipment, computer equipment and devices like UPSs. 

Net-SNMP is a suite of applications used to implement SNMPv1 (RFC 1157), SNMPv2 (RFCs 1901-1908), and SNMPv3 (RFCs 3411-3418) using both IPv4 and IPv6. 

Support for SNMPv2 classic (a.k.a. ""SNMPv2 historic"" - RFCs 1441-1452) was dropped with the 4.0 release of the UCD-snmp package.

The Simple Network Management Protocol (SNMP) server is used to listen for SNMP commands from an SNMP management system, execute the commands or collect the information and then send results back to the requesting system.","The SNMP server can communicate using `SNMPv1`, which transmits data in the clear and does not require authentication to execute commands. `SNMPv3` replaces the simple/clear text password sharing used in `SNMPv2` with more securely encoded parameters. If the SNMP service is not required, the `snmpd` package should be removed to reduce the attack surface of the system.

**Note:** If SNMP is required:
- The server should be configured for `SNMP v3` only. `User Authentication` and `Message Encryption` should be configured.
- If `SNMP v2` is **absolutely** necessary, modify the community strings' values.","Run the following command to verify `snmpd` is not installed:
```
# dpkg-query -W -f='${binary:Package}\t${Status}\t${db:Status-Status}\n' snmpd

snmpd unknown ok not-installed not-installed
```","Run the following command to remove `snmpd`:

```
# apt purge snmpd
```","# [SABC] Red Hat family guidance — authored from the CIS AlmaLinux 8 Benchmark.
# (CIS AlmaLinux 8 §2.1.15 — Ensure snmp services are not in use)
```
# rpm -q net-snmp
# systemctl is-enabled snmpd.service 2>/dev/null | grep 'enabled'
# systemctl is-active snmpd.service 2>/dev/null | grep '^active'
```","# [SABC] Red Hat family guidance — authored from the CIS AlmaLinux 8 Benchmark.
# (CIS AlmaLinux 8 §2.1.15 — Ensure snmp services are not in use)
```
# systemctl stop snmpd.service
# dnf remove net-snmp
# systemctl stop snmpd.service
# systemctl mask snmpd.service
```"
JR2.C.2.2.13,jr2_c_2_2_13,control,Special Purpose Services,Ensure NIS Server is not installed.,debian;redhat,1,CIS-U22:2.2.14,NIS server must not be installed.,The Network Information Service (NIS) (formally known as Yellow Pages) is a client-server directory service protocol for distributing system configuration files. The NIS server is a collection of programs that allow for the distribution of configuration files.,"The NIS service is inherently an insecure system that has been vulnerable to DOS attacks, buffer overflows and has poor authentication for querying NIS maps. NIS generally has been replaced by such protocols as Lightweight Directory Access Protocol (LDAP). It is recommended that the service be removed and other, more secure services be used.","Run the following command to verify `nis` is not installed:

```
# dpkg-query -W -f='${binary:Package}\t${Status}\t${db:Status-Status}\n' nis

nis unknown ok not-installed not-installed
```","Run the following command to remove `nis`:
```
# apt purge nis
```","# [SABC] Red Hat family guidance — authored from the CIS AlmaLinux 8 Benchmark.
# (CIS AlmaLinux 8 §2.1.10 — Ensure nis server services are not in use)
```
# rpm -q ypserv
# systemctl is-enabled ypserv.service 2>/dev/null | grep 'enabled'
# systemctl is-active ypserv.service 2>/dev/null | grep '^active'
```","# [SABC] Red Hat family guidance — authored from the CIS AlmaLinux 8 Benchmark.
# (CIS AlmaLinux 8 §2.1.10 — Ensure nis server services are not in use)
```
# systemctl stop ypserv.service
# dnf remove ypserv
# systemctl stop ypserv.service
# systemctl mask ypserv.service
```"
JR2.C.2.2.14,jr2_c_2_2_14,control,Special Purpose Services,Ensure dnsmasq is not installed.,debian;redhat,1,CIS-U22:2.2.15,dnsmasq must not be installed.,"`dnsmasq` is a lightweight tool that provides DNS caching, DNS forwarding and DHCP (Dynamic Host Configuration Protocol) services.","Unless a system is specifically designated to act as a DNS caching, DNS forwarding and/or DHCP server, it is recommended that the package be removed to reduce the potential attack surface.","Run one of the following commands to verify `dnsmasq` is not installed:

```
# dpkg-query -W -f='${binary:Package}\t${Status}\t${db:Status-Status}\n' dnsmasq

dnsmasq unknown ok not-installed not-installed
```","Run the following command to remove `dnsmasq`:

```
# apt purge dnsmasq
```","# [SABC] Red Hat family guidance — authored from the CIS AlmaLinux 8 Benchmark.
# (CIS AlmaLinux 8 §2.1.6 — Ensure dnsmasq services are not in use)
```
# rpm -q dnsmasq
# systemctl is-enabled dnsmasq.service 2>/dev/null | grep 'enabled'
# systemctl is-active dnsmasq.service 2>/dev/null | grep '^active'
```","# [SABC] Red Hat family guidance — authored from the CIS AlmaLinux 8 Benchmark.
# (CIS AlmaLinux 8 §2.1.6 — Ensure dnsmasq services are not in use)
```
# systemctl stop dnsmasq.service
# dnf remove dnsmasq
# systemctl stop dnsmasq.service
# systemctl mask dnsmasq.service
```"
JR2.C.2.2.15,jr2_c_2_2_15,control,Special Purpose Services,Ensure mail transfer agent is configured for local-only mode.,debian;redhat,1,CIS-U22:2.2.16,Ensure MTA is configured to only process local mail.,"Mail Transfer Agents (MTA), such as sendmail and Postfix, are used to listen for incoming mail and transfer the messages to the appropriate user or mail server. If the system is not intended to be a mail server, it is recommended that the MTA be configured to only process local mail.","The software for all Mail Transfer Agents is complex and most have a long history of security issues. While it is important to ensure that the system can process local mail messages, it is not necessary to have the MTA's daemon listening on a port unless the server is intended to be a mail server that receives and processes mail from other systems.

**Note:**
- This recommendation is designed around the postfix mail server.
- Depending on your environment you may have an alternative MTA installed such as exim4. If this is the case consult the documentation for your installed MTA to configure the recommended state.","Run the following command to verify that the MTA is not listening on any non-loopback address (`127.0.0.1` or`::1`). 

```
# ss -lntu | grep -P ':25\b' | grep -Pv '\h+(127\.0\.0\.1|\[?::1\]?):25\b'
```

Nothing should be returned.","Edit `/etc/postfix/main.cf` and add the following line to the RECEIVING MAIL section. If the line already exists, change it to look like the line below:

```
inet_interfaces = loopback-only
```

Run the following command to restart `postfix`:
```
# systemctl restart postfix
```","# [SABC] Red Hat family guidance — family-neutral procedure; the Debian commands (sysctl/systemctl/file/pam checks) run identically on the Red Hat family.
Run the following command to verify that the MTA is not listening on any non-loopback address (`127.0.0.1` or`::1`). 

```
# ss -lntu | grep -P ':25\b' | grep -Pv '\h+(127\.0\.0\.1|\[?::1\]?):25\b'
```

Nothing should be returned.","# [SABC] Red Hat family guidance — family-neutral procedure; the Debian commands (sysctl/systemctl/file/pam checks) run identically on the Red Hat family.
Edit `/etc/postfix/main.cf` and add the following line to the RECEIVING MAIL section. If the line already exists, change it to look like the line below:

```
inet_interfaces = loopback-only
```

Run the following command to restart `postfix`:
```
# systemctl restart postfix
```"
JR2.C.2.2.16,jr2_c_2_2_16,control,Special Purpose Services,Ensure rsync service is either not installed or is masked.,debian;redhat,1,CIS-U22:2.2.17,rsync must not be installed or should be masked.,The `rsync` service can be used to synchronize files between systems over network links.,"The `rsync` service presents a security risk as the `rsync protocol` is unencrypted. The `rsync` package should be removed or if required for dependencies, the `rsync` service should be stopped and masked to reduce the attack area of the system.","Verify the rsync service is absent or masked (an uninstalled rsync is compliant).

```bash
#!/bin/bash
dpkg-query -W rsync >/dev/null 2>&1 || exit 0
systemctl list-unit-files 2>/dev/null | grep -q '^rsync\.service' || exit 0
[ ""$(systemctl is-enabled rsync 2>/dev/null)"" = ""masked"" ] && exit 0
exit 1
```","Stop and mask the rsync service when it exists.

```bash
#!/bin/bash
systemctl list-unit-files 2>/dev/null | grep -q '^rsync\.service' || exit 0
systemctl stop rsync >/dev/null 2>&1
systemctl mask rsync >/dev/null 2>&1
exit 0
```","# [SABC] Red Hat family guidance — authored from the CIS AlmaLinux 8 Benchmark.
# (CIS AlmaLinux 8 §2.1.13 — Ensure rsync services are not in use)
```
# rpm -q rsync-daemon
# systemctl is-enabled rsyncd.socket rsyncd.service 2>/dev/null | grep
# systemctl is-active rsyncd.socket rsyncd.service 2>/dev/null | grep
```","# [SABC] Red Hat family guidance — authored from the CIS AlmaLinux 8 Benchmark.
# (CIS AlmaLinux 8 §2.1.13 — Ensure rsync services are not in use)
```
# systemctl stop rsyncd.socket rsyncd.service
# dnf remove rsync-daemon
# systemctl stop rsyncd.socket rsyncd.service
# systemctl mask rsyncd.socket rsyncd.service
```"
JR2.C.2.3.0,jr2_c_2_3_0,section,Service Clients,Service Clients,debian;redhat,,,,"A number of insecure services exist. While disabling the servers prevents a local attack against these services, it is advised to remove their clients unless they are required.

**Note:** This should not be considered a comprehensive list of insecure service clients. You may wish to consider additions to those listed here for your environment.",,,,,
JR2.C.2.3.1,jr2_c_2_3_1,control,Service Clients,Ensure NIS Client is not installed.,debian;redhat,1,CIS-U22:2.3.1,NIS client must not be installed.,"The Network Information Service (NIS), formerly known as Yellow Pages, is a client-server directory service protocol used to distribute system configuration files. The NIS client was used to bind a machine to an NIS server and receive the distributed configuration files.","The NIS service is inherently an insecure system that has been vulnerable to DOS attacks, buffer overflows and has poor authentication for querying NIS maps. NIS generally has been replaced by such protocols as Lightweight Directory Access Protocol (LDAP). It is recommended that the service be removed.","Verify `nis` is not installed. Use the following command to provide the needed information:

```
# dpkg-query -W -f='${binary:Package}\t${Status}\t${db:Status-Status}\n' nis

nis unknown ok not-installed not-installed
```","Uninstall `nis`:
```
# apt purge nis
```","# [SABC] Red Hat family guidance — authored from the CIS AlmaLinux 8 Benchmark.
# (CIS AlmaLinux 8 §2.2.3 — Ensure nis client is not installed)
```
# rpm -q ypbind
```","# [SABC] Red Hat family guidance — authored from the CIS AlmaLinux 8 Benchmark.
# (CIS AlmaLinux 8 §2.2.3 — Ensure nis client is not installed)
```
# dnf remove ypbind
```"
JR2.C.2.3.2,jr2_c_2_3_2,control,Service Clients,Ensure rsh client is not installed.,debian;redhat,1,CIS-U22:2.3.2,rsh-client must not be installed.,The `rsh-client` package contains the client commands for the rsh services.,"These legacy clients contain numerous security exposures and have been replaced with the more secure SSH package. Even if the server is removed, it is best to ensure the clients are also removed to prevent users from inadvertently attempting to use these commands and therefore exposing their credentials. Note that removing the `rsh-client` package removes the clients for `rsh` , `rcp` and `rlogin` .","Verify `rsh-client` is not installed. Use the following command to provide the needed information:
```
# dpkg-query -W -f='${binary:Package}\t${Status}\t${db:Status-Status}\n' rsh-client

rsh-client unknown ok not-installed not-installed
```","Uninstall `rsh`:
```
# apt purge rsh-client
```","# [SABC] Not applicable on the Red Hat family — no CIS AlmaLinux 8 equivalent for this Debian-specific control.
```
#!/usr/bin/env bash
exit 101
```","# [SABC] Not applicable on the Red Hat family — no CIS AlmaLinux 8 equivalent for this Debian-specific control.
"
JR2.C.2.3.3,jr2_c_2_3_3,control,Service Clients,Ensure talk client is not installed.,debian;redhat,1,CIS-U22:2.3.3,Talk client must not be installed.,"The `talk` software makes it possible for users to send and receive messages across systems through a terminal session. The `talk` client, which allows initialization of talk sessions, is installed by default.",The software presents a security risk as it uses unencrypted protocols for communication.,"Verify `talk` is not installed. The following command may provide the needed information:

```
# dpkg-query -W -f='${binary:Package}\t${Status}\t${db:Status-Status}\n' talk

talk unknown ok not-installed not-installed
```","Uninstall `talk`:

```
# apt purge talk
```","# [SABC] Not applicable on the Red Hat family — no CIS AlmaLinux 8 equivalent for this Debian-specific control.
```
#!/usr/bin/env bash
exit 101
```","# [SABC] Not applicable on the Red Hat family — no CIS AlmaLinux 8 equivalent for this Debian-specific control.
"
JR2.C.2.3.4,jr2_c_2_3_4,control,Service Clients,Ensure telnet client is not installed.,debian;redhat,1,CIS-U22:2.3.4,Telnet client must not be installed.,"The `telnet` package contains the `telnet` client, which allows users to start connections to other systems via the telnet protocol.",The `telnet` protocol is insecure and unencrypted. The use of an unencrypted transmission medium could allow an unauthorized user to steal credentials. The `ssh` package provides an encrypted session and stronger security and is included in most Linux distributions.,"Verify `telnet` is not installed. Use the following command to provide the needed information:

```
# dpkg-query -W -f='${binary:Package}\t${Status}\t${db:Status-Status}\n' telnet

telnet unknown ok not-installed not-installed
```","Purge the telnet client packages when installed.

```bash
#!/bin/bash
for p in telnet inetutils-telnet; do
  dpkg-query -W ""$p"" >/dev/null 2>&1 && DEBIAN_FRONTEND=noninteractive apt-get -y purge ""$p"" >/dev/null
done
exit 0
```","# [SABC] Red Hat family guidance — authored from the CIS AlmaLinux 8 Benchmark.
# (CIS AlmaLinux 8 §2.2.4 — Ensure telnet client is not installed)
```
# rpm -q telnet
```","# [SABC] Red Hat family guidance — authored from the CIS AlmaLinux 8 Benchmark.
# (CIS AlmaLinux 8 §2.2.4 — Ensure telnet client is not installed)
```
# dnf remove telnet
```"
JR2.C.2.3.5,jr2_c_2_3_5,control,Service Clients,Ensure LDAP client is not installed.,debian;redhat,1,CIS-U22:2.3.5,LDAP client must not be installed.,The Lightweight Directory Access Protocol (LDAP) was introduced as a replacement for NIS/YP. It is a service that provides a method for looking up information from a central database.,"If the system will not need to act as an LDAP client, it is recommended that the software be removed to reduce the potential attack surface.","Verify that `ldap-utils` is not installed. Use the following command to provide the needed information:

```
# dpkg-query -W -f='${binary:Package}\t${Status}\t${db:Status-Status}\n' ldap-utils

ldap-utils unknown ok not-installed not-installed
```","Uninstall `ldap-utils`:

```
# apt purge ldap-utils
```","# [SABC] Red Hat family guidance — authored from the CIS AlmaLinux 8 Benchmark.
# (CIS AlmaLinux 8 §2.2.2 — Ensure ldap client is not installed)
```
# rpm -q openldap-clients
```","# [SABC] Red Hat family guidance — authored from the CIS AlmaLinux 8 Benchmark.
# (CIS AlmaLinux 8 §2.2.2 — Ensure ldap client is not installed)
```
# dnf remove openldap-clients
```"
JR2.C.2.3.6,jr2_c_2_3_6,control,Service Clients,Ensure RPC is not installed.,debian;redhat,1,CIS-U22:2.3.6,rpcbind must not be installed.,"Remote Procedure Call (RPC) is a method for creating low level client server applications across different system architectures. It requires an RPC compliant client listening on a network port. The supporting package is rpcbind.""","If RPC is not required, it is recommended that this services be removed to reduce the remote attack surface.","Run the following command to verify `rpcbind` is not installed:
```
# dpkg-query -W -f='${binary:Package}\t${Status}\t${db:Status-Status}\n' rpcbind

rpcbind unknown ok not-installed not-installed
```","Run the following command to remove `rpcbind`:
```
# apt purge rpcbind
```","# [SABC] Not applicable on the Red Hat family — no CIS AlmaLinux 8 equivalent for this Debian-specific control.
```
#!/usr/bin/env bash
exit 101
```","# [SABC] Not applicable on the Red Hat family — no CIS AlmaLinux 8 equivalent for this Debian-specific control.
"
JR2.C.3.1.0,jr2_c_3_1_0,section,Disable unused network protocols and devices,Disable unused network protocols and devices.,debian;redhat,,,,"To reduce the attack surface of a system, unused network protocols and devices should be disabled.

The Linux kernel modules support several network protocols that are not commonly used. If these protocols are not needed, it is recommended that they be disabled in the kernel.

**Note:** This should not be considered a comprehensive list of uncommon network protocols, you may wish to consider additions to those listed here for your environment.",,,,,
JR2.C.3.1.1,jr2_c_3_1_1,control,Disable unused network protocols and devices,Ensure wireless interfaces are disabled.,debian;redhat,1,CIS-U22:3.1.2,Any wireless network interfaces must be disabled.,Wireless networking is used when wired networks are unavailable. Debian contains a wireless tool kit to allow system administrators to configure and use wireless networks.,"If wireless is not to be used, wireless devices can be disabled to reduce the potential attack surface.","Run the following script to verify no wireless interfaces are active on the system:

```
#!/usr/bin/env bash

{
 l_output="""" l_output2=""""
 module_chk()
 {
 # Check how module will be loaded
 l_loadable=""$(modprobe -n -v ""$l_mname"")""
 if grep -Pq -- '^\h*install \/bin\/(true|false)' <<< ""$l_loadable""; then
 l_output=""$l_output\n - module: \""$l_mname\"" is not loadable: \""$l_loadable\""""
 else
 l_output2=""$l_output2\n - module: \""$l_mname\"" is loadable: \""$l_loadable\""""
 fi
 # Check is the module currently loaded
 if ! lsmod | grep ""$l_mname"" > /dev/null 2> then
 l_output=""$l_output\n - module: \""$l_mname\"" is not loaded""
 else
 l_output2=""$l_output2\n - module: \""$l_mname\"" is loaded""
 fi
 # Check if the module is deny listed
 if modprobe --showconfig | grep -Pq -- ""^\h*blacklist\h+$l_mname\b""; then
 l_output=""$l_output\n - module: \""$l_mname\"" is deny listed in: \""$(grep -Pl -- ""^\h*blacklist\h+$l_mname\b"" /etc/modprobe.d/*)\""""
 else
 l_output2=""$l_output2\n - module: \""$l_mname\"" is not deny listed""
 fi
 }
 if [ -n ""$(find /sys/class/net/*/ -type d -name wireless)"" ]; then
 l_dname=$(for driverdir in $(find /sys/class/net/*/ -type d -name wireless | xargs -0 dirname); do basename ""$(readlink -f ""$driverdir""/device/driver/module)"";done | sort -u)
 for l_mname in $l_dname; do
 module_chk
 done
 fi
 # Report results. If no failures output in l_output2, we pass
 if [ -z ""$l_output2"" ]; then
 echo -e ""\n- Audit Result:\n ** PASS **""
 if [ -z ""$l_output"" ]; then
 echo -e ""\n - System has no wireless NICs installed""
 else
 echo -e ""\n$l_output\n""
 fi
 else
 echo -e ""\n- Audit Result:\n ** FAIL **\n - Reason(s) for audit failure:\n$l_output2\n""
 [ -n ""$l_output"" ] && echo -e ""\n- Correctly set:\n$l_output\n""
 fi
}
```","Run the following script to disable any wireless interfaces:

```
#!/usr/bin/env bash

{
 module_fix()
 {
 if ! modprobe -n -v ""$l_mname"" | grep -P -- '^\h*install \/bin\/(true|false)'; then
 echo -e "" - setting module: \""$l_mname\"" to be un-loadable""
 echo -e ""install $l_mname /bin/false"" >> /etc/modprobe.d/""$l_mname"".conf
 fi
 if lsmod | grep ""$l_mname"" > /dev/null 2> then
 echo -e "" - unloading module \""$l_mname\""""
 modprobe -r ""$l_mname""
 fi
 if ! grep -Pq -- ""^\h*blacklist\h+$l_mname\b"" /etc/modprobe.d/*; then
 echo -e "" - deny listing \""$l_mname\""""
 echo -e ""blacklist $l_mname"" >> /etc/modprobe.d/""$l_mname"".conf
 fi
 }
 if [ -n ""$(find /sys/class/net/*/ -type d -name wireless)"" ]; then
 l_dname=$(for driverdir in $(find /sys/class/net/*/ -type d -name wireless | xargs -0 dirname); do basename ""$(readlink -f ""$driverdir""/device/driver/module)"";done | sort -u)
 for l_mname in $l_dname; do
 module_fix
 done
 fi
}
```","# [SABC] Red Hat family guidance — family-neutral procedure; the Debian commands (sysctl/systemctl/file/pam checks) run identically on the Red Hat family.
Run the following script to verify no wireless interfaces are active on the system:

```
#!/usr/bin/env bash

{
 l_output="""" l_output2=""""
 module_chk()
 {
 # Check how module will be loaded
 l_loadable=""$(modprobe -n -v ""$l_mname"")""
 if grep -Pq -- '^\h*install \/bin\/(true|false)' <<< ""$l_loadable""; then
 l_output=""$l_output\n - module: \""$l_mname\"" is not loadable: \""$l_loadable\""""
 else
 l_output2=""$l_output2\n - module: \""$l_mname\"" is loadable: \""$l_loadable\""""
 fi
 # Check is the module currently loaded
 if ! lsmod | grep ""$l_mname"" > /dev/null 2> then
 l_output=""$l_output\n - module: \""$l_mname\"" is not loaded""
 else
 l_output2=""$l_output2\n - module: \""$l_mname\"" is loaded""
 fi
 # Check if the module is deny listed
 if modprobe --showconfig | grep -Pq -- ""^\h*blacklist\h+$l_mname\b""; then
 l_output=""$l_output\n - module: \""$l_mname\"" is deny listed in: \""$(grep -Pl -- ""^\h*blacklist\h+$l_mname\b"" /etc/modprobe.d/*)\""""
 else
 l_output2=""$l_output2\n - module: \""$l_mname\"" is not deny listed""
 fi
 }
 if [ -n ""$(find /sys/class/net/*/ -type d -name wireless)"" ]; then
 l_dname=$(for driverdir in $(find /sys/class/net/*/ -type d -name wireless | xargs -0 dirname); do basename ""$(readlink -f ""$driverdir""/device/driver/module)"";done | sort -u)
 for l_mname in $l_dname; do
 module_chk
 done
 fi
 # Report results. If no failures output in l_output2, we pass
 if [ -z ""$l_output2"" ]; then
 echo -e ""\n- Audit Result:\n ** PASS **""
 if [ -z ""$l_output"" ]; then
 echo -e ""\n - System has no wireless NICs installed""
 else
 echo -e ""\n$l_output\n""
 fi
 else
 echo -e ""\n- Audit Result:\n ** FAIL **\n - Reason(s) for audit failure:\n$l_output2\n""
 [ -n ""$l_output"" ] && echo -e ""\n- Correctly set:\n$l_output\n""
 fi
}
```","# [SABC] Red Hat family guidance — family-neutral procedure; the Debian commands (sysctl/systemctl/file/pam checks) run identically on the Red Hat family.
Run the following script to disable any wireless interfaces:

```
#!/usr/bin/env bash

{
 module_fix()
 {
 if ! modprobe -n -v ""$l_mname"" | grep -P -- '^\h*install \/bin\/(true|false)'; then
 echo -e "" - setting module: \""$l_mname\"" to be un-loadable""
 echo -e ""install $l_mname /bin/false"" >> /etc/modprobe.d/""$l_mname"".conf
 fi
 if lsmod | grep ""$l_mname"" > /dev/null 2> then
 echo -e "" - unloading module \""$l_mname\""""
 modprobe -r ""$l_mname""
 fi
 if ! grep -Pq -- ""^\h*blacklist\h+$l_mname\b"" /etc/modprobe.d/*; then
 echo -e "" - deny listing \""$l_mname\""""
 echo -e ""blacklist $l_mname"" >> /etc/modprobe.d/""$l_mname"".conf
 fi
 }
 if [ -n ""$(find /sys/class/net/*/ -type d -name wireless)"" ]; then
 l_dname=$(for driverdir in $(find /sys/class/net/*/ -type d -name wireless | xargs -0 dirname); do basename ""$(readlink -f ""$driverdir""/device/driver/module)"";done | sort -u)
 for l_mname in $l_dname; do
 module_fix
 done
 fi
}
```"
JR2.C.3.1.2,jr2_c_3_1_2,control,Disable unused network protocols and devices,Ensure bluetooth is disabled.,debian;redhat,2,CIS-U22:3.1.3,Bluetooth must be disabled.,"Bluetooth is a short-range wireless technology standard that is used for exchanging data between devices over short distances. It employs UHF radio waves in the ISM bands, from 2.402 GHz to 2.48 GHz. It is mainly used as an alternative to wire connections.","An attacker may be able to find a way to access or corrupt your data. One example of this type of activity is `bluesnarfing`, which refers to attackers using a Bluetooth connection to steal information off of your Bluetooth device. Also, viruses or other malicious code can take advantage of Bluetooth technology to infect other devices. If you are infected, your data may be corrupted, compromised, stolen, or lost.","Verify bluetooth is disabled: bluez absent, or the bluetooth service neither active nor enabled.

```bash
#!/bin/bash
dpkg-query -W bluez >/dev/null 2>&1 || exit 0
systemctl is-active bluetooth 2>/dev/null | grep -qx active && exit 1
systemctl is-enabled bluetooth 2>/dev/null | grep -q '^enabled' && exit 1
exit 0
```","Stop and mask the bluetooth service when the unit exists.

```bash
#!/bin/bash
systemctl list-unit-files 2>/dev/null | grep -q '^bluetooth\.service' || exit 0
systemctl stop bluetooth >/dev/null 2>&1
systemctl mask bluetooth >/dev/null 2>&1
exit 0
```","# [SABC] Red Hat family guidance — authored from the CIS AlmaLinux 8 Benchmark.
# (CIS AlmaLinux 8 §3.1.3 — Ensure bluetooth services are not in use)
```
# rpm -q bluez
# systemctl is-enabled bluetooth.service 2>/dev/null | grep 'enabled'
# systemctl is-active bluetooth.service 2>/dev/null | grep '^active'
```","# [SABC] Red Hat family guidance — authored from the CIS AlmaLinux 8 Benchmark.
# (CIS AlmaLinux 8 §3.1.3 — Ensure bluetooth services are not in use)
```
# systemctl stop bluetooth.service
# dnf remove bluez
# systemctl stop bluetooth.service
# systemctl mask bluetooth.service
```"
JR2.C.3.2.0,jr2_c_3_2_0,section,Network Parameters (Host Only),Network Parameters (Host Only),debian;redhat,,,,"The following network parameters are intended for use if the system is to act as a host only. A system is considered host only if the system has a single interface, or has multiple interfaces but will not be configured as a router.

**Note:**

Configuration files are read from directories in `/etc/`, `/run/`, `/usr/local/lib/`, and `/lib/`, in order of precedence. Files must have the `"".conf""` extension. extension. Files in `/etc/` override files with the same name in `/run/`, `/usr/local/lib/`, and `/lib/`. Files in `/run/` override files with the same name under `/usr/`.

All configuration files are sorted by their filename in lexicographic order, regardless of which of the directories they reside in. If multiple files specify the same option, the entry in the file with the lexicographically latest name will take precedence. Thus, the configuration in a certain file may either be replaced completely (by placing a file with the same name in a directory with higher priority), or individual settings might be changed (by specifying additional settings in a file with a different name that is ordered later).

Packages should install their configuration files in `/usr/lib/` (distribution packages) or `/usr/local/lib/` (local installs). Files in `/etc/` are reserved for the local administrator, who may use this logic to override the configuration files installed by vendor packages. It is recommended to prefix all filenames with a two-digit number and a dash, to simplify the ordering of the files.

If the administrator wants to disable a configuration file supplied by the vendor, the recommended way is to place a symlink to `/dev/null` in the configuration directory in `/etc/`, with the same filename as the vendor configuration file. If the vendor configuration file is included in the initrd image, the image has to be regenerated.",,,,,
JR2.C.3.2.1,jr2_c_3_2_1,control,Network Parameters (Host Only),Ensure packet redirect sending is disabled.,debian;redhat,1,CIS-U22:3.2.1,"Must be disabled.
net.ipv4.conf.all.send_redirects = 0
net.ipv4.conf.default.send_redirects = 0","ICMP Redirects are used to send routing information to other hosts. As a host itself does not act as a router (in a host only configuration), there is no need to send redirects.",An attacker could use a compromised host to send invalid ICMP redirects to other router devices in an attempt to corrupt routing and have users access a system set up by the attacker as opposed to a valid system.,"Run the following script to verify the following kernel parameters are set in the running configuration and correctly loaded from a kernel parameter configuration file:
- `net.ipv4.conf.all.send_redirects` is set to `0`
- `net.ipv4.conf.default.send_redirects` is set to `0`

**Note:** kernel parameters are loaded by file and parameter order precedence. The following script observes this precedence as part of the auditing procedure. The parameters being checked may be set correctly in a file. If that file is superseded, the parameter is overridden by an incorrect setting later in that file, or in a conically later file, that ""correct"" setting will be ignored both by the script and by the system during a normal kernel parameter load sequence. 

```
#!/usr/bin/env bash

{
 l_output="""" l_output2=""""
 a_parlist=(""net.ipv4.conf.all.send_redirects=0"" ""net.ipv4.conf.default.send_redirects=0"")
 l_ufwscf=""$([ -f /etc/default/ufw ] && awk -F= '/^\s*IPT_SYSCTL=/ {print $2}' /etc/default/ufw)""
 kernel_parameter_chk()
 { 
 l_krp=""$(sysctl ""$l_kpname"" | awk -F= '{print $2}' | xargs)"" # Check running configuration
 if [ ""$l_krp"" = ""$l_kpvalue"" ]; then
 l_output=""$l_output\n - \""$l_kpname\"" is correctly set to \""$l_krp\"" in the running configuration""
 else
 l_output2=""$l_output2\n - \""$l_kpname\"" is incorrectly set to \""$l_krp\"" in the running configuration and should have a value of: \""$l_kpvalue\""""
 fi
 unset A_out; declare -A A_out # Check durable setting (files)
 while read -r l_out; do
 if [ -n ""$l_out"" ]; then
 if [[ $l_out =~ ^\s*# ]]; then
 l_file=""${l_out//# /}""
 else
 l_kpar=""$(awk -F= '{print $1}' <<< ""$l_out"" | xargs)""
 [ ""$l_kpar"" = ""$l_kpname"" ] && A_out+=([""$l_kpar""]=""$l_file"")
 fi
 fi
 done < <(/usr/lib/systemd/systemd-sysctl --cat-config | grep -Po '^\h*([^#\n\r]+|#\h*\/[^#\n\r\h]+\.conf\b)')
 if [ -n ""$l_ufwscf"" ]; then # Account for systems with UFW (Not covered by systemd-sysctl --cat-config)
 l_kpar=""$(grep -Po ""^\h*$l_kpname\b"" ""$l_ufwscf"" | xargs)""
 l_kpar=""${l_kpar//\//.}""
 [ ""$l_kpar"" = ""$l_kpname"" ] && A_out+=([""$l_kpar""]=""$l_ufwscf"")
 fi
 if (( ${#A_out[@]} > 0 )); then # Assess output from files and generate output
 while IFS=""="" read -r l_fkpname l_fkpvalue; do
 l_fkpname=""${l_fkpname// /}""; l_fkpvalue=""${l_fkpvalue// /}""
 if [ ""$l_fkpvalue"" = ""$l_kpvalue"" ]; then
 l_output=""$l_output\n - \""$l_kpname\"" is correctly set to \""$l_fkpvalue\"" in \""$(printf '%s' ""${A_out[@]}"")\""\n""
 else
 l_output2=""$l_output2\n - \""$l_kpname\"" is incorrectly set to \""$l_fkpvalue\"" in \""$(printf '%s' ""${A_out[@]}"")\"" and should have a value of: \""$l_kpvalue\""\n""
 fi
 done < <(grep -Po -- ""^\h*$l_kpname\h*=\h*\H+"" ""${A_out[@]}"")
 else
 l_output2=""$l_output2\n - \""$l_kpname\"" is not set in an included file\n ** Note: \""$l_kpname\"" May be set in a file that's ignored by load procedure **\n""
 fi
 }
 while IFS=""="" read -r l_kpname l_kpvalue; do # Assess and check parameters
 l_kpname=""${l_kpname// /}""; l_kpvalue=""${l_kpvalue// /}""
 if ! grep -Pqs '^\h*0\b' /sys/module/ipv6/parameters/disable && grep -q '^net.ipv6.' <<< ""$l_kpname""; then
 l_output=""$l_output\n - IPv6 is disabled on the system, \""$l_kpname\"" is not applicable""
 else
 kernel_parameter_chk
 fi
 done < <(printf '%s\n' ""${a_parlist[@]}"")
 if [ -z ""$l_output2"" ]; then # Provide output from checks
 echo -e ""\n- Audit Result:\n ** PASS **\n$l_output\n""
 else
 echo -e ""\n- Audit Result:\n ** FAIL **\n - Reason(s) for audit failure:\n$l_output2\n""
 [ -n ""$l_output"" ] && echo -e ""\n- Correctly set:\n$l_output\n""
 fi
}
```","Set the following parameters in `/etc/sysctl.conf` or a file in `/etc/sysctl.d/` ending in `.conf`:
- `net.ipv4.conf.all.send_redirects = 0`
- `net.ipv4.conf.default.send_redirects = 0`

_Example:_
```
# printf ""
net.ipv4.conf.all.send_redirects = 0
net.ipv4.conf.default.send_redirects = 0
"" >> /etc/sysctl.d/60-netipv4_sysctl.conf
```

Run the following command to set the active kernel parameters:

```
# {
 sysctl -w net.ipv4.conf.all.send_redirects=0
 sysctl -w net.ipv4.conf.default.send_redirects=0
 sysctl -w net.ipv4.route.flush=1
}
```

**Note:** If these settings appear in a conically later file, or later in the same file, these settings will be overwritten","# [SABC] Red Hat family guidance — authored from the CIS AlmaLinux 8 Benchmark.
# (CIS AlmaLinux 8 §3.3.1.4 — Ensure net.ipv4.conf.all.send_redirects is configured)
```
#!/usr/bin/env bash

{
      l_parameter_name=""net.ipv4.conf.all.send_redirects""
      l_grep=""${l_parameter_name//./(\\.|\\/)}"" a_output=() a_files=()
      l_systemdsysctl=""$(readlink -e /lib/systemd/systemd-sysctl \
      || readlink -e /usr/lib/systemd/systemd-sysctl)""
      l_ufw_file=""$([ -f /etc/default/ufw ] && \
      awk -F= '/^\s*IPT_SYSCTL=/ {print $2}' /etc/default/ufw)""
      [ -f ""$(readlink -e ""$l_ufw_file"")"" ] && \
      a_files+=(""$l_ufw_file""); a_files+=(""/etc/sysctl.conf"")
      while IFS= read -r l_fname; do
         l_file=""$(readlink -e ""${l_fname//# /}"")""
         [ -n ""$l_file"" ] && ! grep -Psiq -- '(^|\h+)'""$l_file""'\b' \
         <<< ""${a_files[*]}"" && a_files+=(""$l_file"")
      done < <(""$l_systemdsysctl"" --cat-config | tac | \
      grep -Pio '^\h*#\h*\/[^#\n\r\h]+\.conf\b')
      for l_file in ""${a_files[@]}""; do
         l_opt=""$(grep -Poi '^\h*'""$l_grep""'\h*=\h*\H+\b' ""$l_file"" | tail -n
1)""
         l_option_value=""$(cut -d= -f2 <<< ""$l_opt"" | xargs)""
         [ -n ""$l_option_value"" ] && \
         a_output+=("" - \""$l_parameter_name = $l_option_value\"" is set in:"" \
         ""    \""$l_file\"""")
      done
      [ ""${#a_output[@]}"" -gt ""0"" ] && printf '%s\n' """" ""${a_output[@]}"" """"
}
Example output:
 - ""net.ipv4.conf.all.send_redirects = 0"" is set in: ""/etc/sysctl.d/60-
ipv4_sysctl.conf""
Note:

  •     This script looks at all files used by systemd sysctl.
  •     More information about these files and their location is available in the section
        overview.
  •     If multiple lines are returned:
            o The first line includes the value being used by systemd sysctl. If this is a
                correct value, this is considered a passing state. If the file listed is not in
                the /etc/sysctl.d/ directory, it is highly recommended to follow the
                remediation procedure to create a .conf file in the /etc/sysctl.d/
                directory with the correct setting to prevent a potential change due to an
                update to the system.
            o Any files in the /etc/sysctl.d/ directory that include an incorrect value
                should be modified to comment out or change the incorrect value to
                minimize the potential of the incorrect value being used by systemd
                sysctl due to system configuration changes.
  •     SYSTEM FILE PRECEDENCE
            o When using the --system option, sysctl will read files from directories in
                the following list in given order from top to bottom. Once a file of a given
                filename is loaded, any file of the same name in subsequent directories is
                ignored.
            o /etc/sysctl.d/*.conf /run/sysctl.d/*.conf
                /usr/local/lib/sysctl.d/*.conf /usr/lib/sysctl.d/*.conf
                /lib/sysctl.d/*.conf /etc/sysctl.conf
            o All configuration files are sorted in lexicographic order, regardless of the
                directory they reside in. Configuration files can either be completely
                replaced (by having a new configuration file with the same name in a
                directory of higher priority) or partially replaced (by having a configuration
                file that is ordered later)--
```","# [SABC] Red Hat family guidance — authored from the CIS AlmaLinux 8 Benchmark.
# (CIS AlmaLinux 8 §3.3.1.4 — Ensure net.ipv4.conf.all.send_redirects is configured)
```
#!/usr/bin/env bash

{
    l_option=""net.ipv4.conf.all.send_redirects"" l_value=""0""
    l_grep=""${l_option//./(\\.|\\/)}"" a_files=()
    l_systemdsysctl=""$(readlink -e /lib/systemd/systemd-sysctl \
    || readlink -e /usr/lib/systemd/systemd-sysctl)""
    l_ufw_file=""$([ -f /etc/default/ufw ] && \
    awk -F= '/^\s*IPT_SYSCTL=/ {print $2}' /etc/default/ufw)""
    [ -f ""$(readlink -e ""$l_ufw_file"")"" ] && \
    a_files+=(""$l_ufw_file""); a_files+=(""/etc/sysctl.conf"")
    while IFS= read -r l_fname; do
       l_file=""$(readlink -e ""${l_fname//# /}"")""
       [ -n ""$l_file"" ] && ! grep -Psiq -- '(^|\h+)'""$l_file""'\b' \
       <<< ""${a_files[*]}"" && a_files+=(""$l_file"")
    done < <(""$l_systemdsysctl"" --cat-config | tac | \
    grep -Pio -- '^\h*#\h*\/[^#\n\r\h]+\.conf\b')
    for l_file in ""${a_files[@]}""; do
       grep -Poi -- '\h*'""$l_grep""'\h*=\h*\H+\b' ""$l_file"" \
       | grep -Pivq -- '^\h*'""$l_grep""'\h*=\h*'""$l_value""'\b' && \
       sed -ri '/^\s*'""$l_grep""'\s*=\s*(1[0-9]*)/s/^/# /' ""$l_file""
    done
}

    2. Create or edit a file in the /etc/sysctl.d/ directory ending in .confand edit or
       add the following line:

net.ipv4.conf.all.send_redirects = 0
Example:
# [ ! -d ""/etc/sysctl.d/"" ] && mkdir -p /etc/sysctl.d/
# printf '%s\n' """" ""net.ipv4.conf.all.send_redirects = 0"" \
>> /etc/sysctl.d/60-ipv4_sysctl.conf
Note: If the UFW file was the first file listed in the audit, the entry will be commented out
as part of the first step, however updating Uncomplicated Firewall (UFW) may update
this change. In this case the updated entry will supersede the entry being created as
part of this step.

    3. Run the following command to load all sysctl configuration filles:

# sysctl --system
```"
JR2.C.3.2.2,jr2_c_3_2_2,control,Network Parameters (Host Only),Ensure IP forwarding is disabled.,debian;redhat,1,CIS-U22:3.2.2,"Must be disabled.
net.ipv4.ip_forward = 0
net.ipv6.conf.all.forwarding = 0",The `net.ipv4.ip_forward` and `net.ipv6.conf.all.forwarding` flags are used to tell the system whether it can forward packets or not.,"Setting `net.ipv4.ip_forward` and `net.ipv6.conf.all.forwarding` to `0` ensures that a system with multiple interfaces (for example, a hard proxy), will never be able to forward packets, and therefore, never serve as a router.","Run the following script to verify the following kernel parameters are set in the running configuration and correctly loaded from a kernel parameter configuration file:
- `net.ipv4.ip_forward` is set to `0`
- `net.ipv6.conf.all.forwarding` is set to `0`

**Note:**
- kernel parameters are loaded by file and parameter order precedence. The following script observes this precedence as part of the auditing procedure. The parameters being checked may be set correctly in a file. If that file is superseded, the parameter is overridden by an incorrect setting later in that file, or in a conically later file, that ""correct"" setting will be ignored both by the script and by the system during a normal kernel parameter load sequence.
- IPv6 kernel parameters only apply to systems where IPv6 is enabled

```
#!/usr/bin/env bash

{
 l_output="""" l_output2=""""
 a_parlist=(""net.ipv4.ip_forward=0"" ""net.ipv6.conf.all.forwarding=0"")
 l_ufwscf=""$([ -f /etc/default/ufw ] && awk -F= '/^\s*IPT_SYSCTL=/ {print $2}' /etc/default/ufw)""
 kernel_parameter_chk()
 { 
 l_krp=""$(sysctl ""$l_kpname"" | awk -F= '{print $2}' | xargs)"" # Check running configuration
 if [ ""$l_krp"" = ""$l_kpvalue"" ]; then
 l_output=""$l_output\n - \""$l_kpname\"" is correctly set to \""$l_krp\"" in the running configuration""
 else
 l_output2=""$l_output2\n - \""$l_kpname\"" is incorrectly set to \""$l_krp\"" in the running configuration and should have a value of: \""$l_kpvalue\""""
 fi
 unset A_out; declare -A A_out # Check durable setting (files)
 while read -r l_out; do
 if [ -n ""$l_out"" ]; then
 if [[ $l_out =~ ^\s*# ]]; then
 l_file=""${l_out//# /}""
 else
 l_kpar=""$(awk -F= '{print $1}' <<< ""$l_out"" | xargs)""
 [ ""$l_kpar"" = ""$l_kpname"" ] && A_out+=([""$l_kpar""]=""$l_file"")
 fi
 fi
 done < <(/usr/lib/systemd/systemd-sysctl --cat-config | grep -Po '^\h*([^#\n\r]+|#\h*\/[^#\n\r\h]+\.conf\b)')
 if [ -n ""$l_ufwscf"" ]; then # Account for systems with UFW (Not covered by systemd-sysctl --cat-config)
 l_kpar=""$(grep -Po ""^\h*$l_kpname\b"" ""$l_ufwscf"" | xargs)""
 l_kpar=""${l_kpar//\//.}""
 [ ""$l_kpar"" = ""$l_kpname"" ] && A_out+=([""$l_kpar""]=""$l_ufwscf"")
 fi
 if (( ${#A_out[@]} > 0 )); then # Assess output from files and generate output
 while IFS=""="" read -r l_fkpname l_fkpvalue; do
 l_fkpname=""${l_fkpname// /}""; l_fkpvalue=""${l_fkpvalue// /}""
 if [ ""$l_fkpvalue"" = ""$l_kpvalue"" ]; then
 l_output=""$l_output\n - \""$l_kpname\"" is correctly set to \""$l_fkpvalue\"" in \""$(printf '%s' ""${A_out[@]}"")\""\n""
 else
 l_output2=""$l_output2\n - \""$l_kpname\"" is incorrectly set to \""$l_fkpvalue\"" in \""$(printf '%s' ""${A_out[@]}"")\"" and should have a value of: \""$l_kpvalue\""\n""
 fi
 done < <(grep -Po -- ""^\h*$l_kpname\h*=\h*\H+"" ""${A_out[@]}"")
 else
 l_output2=""$l_output2\n - \""$l_kpname\"" is not set in an included file\n ** Note: \""$l_kpname\"" May be set in a file that's ignored by load procedure **\n""
 fi
 }
 while IFS=""="" read -r l_kpname l_kpvalue; do # Assess and check parameters
 l_kpname=""${l_kpname// /}""; l_kpvalue=""${l_kpvalue// /}""
 if ! grep -Pqs '^\h*0\b' /sys/module/ipv6/parameters/disable && grep -q '^net.ipv6.' <<< ""$l_kpname""; then
 l_output=""$l_output\n - IPv6 is disabled on the system, \""$l_kpname\"" is not applicable""
 else
 kernel_parameter_chk
 fi
 done < <(printf '%s\n' ""${a_parlist[@]}"")
 if [ -z ""$l_output2"" ]; then # Provide output from checks
 echo -e ""\n- Audit Result:\n ** PASS **\n$l_output\n""
 else
 echo -e ""\n- Audit Result:\n ** FAIL **\n - Reason(s) for audit failure:\n$l_output2\n""
 [ -n ""$l_output"" ] && echo -e ""\n- Correctly set:\n$l_output\n""
 fi
}
```","Set the following parameter in `/etc/sysctl.conf` or a file in `/etc/sysctl.d/` ending in `.conf`:
- `net.ipv4.ip_forward = 0`

_Example:_
```
# printf ""
net.ipv4.ip_forward = 0
"" >> /etc/sysctl.d/60-netipv4_sysctl.conf
```

Run the following command to set the active kernel parameters:

```
# {
 sysctl -w net.ipv4.ip_forward=0
 sysctl -w net.ipv4.route.flush=1
}
```

**-IF-** IPv6 is enabled on the system:

Set the following parameter in `/etc/sysctl.conf` or a file in `/etc/sysctl.d/` ending in `.conf`:
- `net.ipv6.conf.all.forwarding = 0`

_Example:_
```
# printf ""
net.ipv6.conf.all.forwarding = 0
"" >> /etc/sysctl.d/60-netipv6_sysctl.conf
```

Run the following command to set the active kernel parameters:
```
# {
 sysctl -w net.ipv6.conf.all.forwarding=0
 sysctl -w net.ipv6.route.flush=1
}
```

**Note:** If these settings appear in a conically later file, or later in the same file, these settings will be overwritten.","# [SABC] Red Hat family guidance — authored from the CIS AlmaLinux 8 Benchmark.
# (CIS AlmaLinux 8 §3.3.1.1 — Ensure net.ipv4.ip_forward is configured)
```
#!/usr/bin/env bash

{
      l_parameter_name=""net.ipv4.ip_forward""
      l_grep=""${l_parameter_name//./(\\.|\\/)}"" a_output=() a_files=()
      l_systemdsysctl=""$(readlink -e /lib/systemd/systemd-sysctl \
      || readlink -e /usr/lib/systemd/systemd-sysctl)""
      l_ufw_file=""$([ -f /etc/default/ufw ] && \
      awk -F= '/^\s*IPT_SYSCTL=/ {print $2}' /etc/default/ufw)""
      [ -f ""$(readlink -e ""$l_ufw_file"")"" ] && \
      a_files+=(""$l_ufw_file""); a_files+=(""/etc/sysctl.conf"")
      while IFS= read -r l_fname; do
         l_file=""$(readlink -e ""${l_fname//# /}"")""
         [ -n ""$l_file"" ] && ! grep -Psiq -- '(^|\h+)'""$l_file""'\b' \
         <<< ""${a_files[*]}"" && a_files+=(""$l_file"")
      done < <(""$l_systemdsysctl"" --cat-config | tac | \
      grep -Pio -- '^\h*#\h*\/[^#\n\r\h]+\.conf\b')
      for l_file in ""${a_files[@]}""; do
         l_opt=""$(grep -Poi '^\h*'""$l_grep""'\h*=\h*\H+\b' ""$l_file"" | tail -n
1)""
         l_option_value=""$(cut -d= -f2 <<< ""$l_opt"" | xargs)""
         [ -n ""$l_option_value"" ] && \
         a_output+=("" - \""$l_parameter_name = $l_option_value\"" is set in:"" \
         ""    \""$l_file\"""")
      done
      [ ""${#a_output[@]}"" -gt ""0"" ] && printf '%s\n' """" ""${a_output[@]}"" """"
}
Example output:
    - ""net.ipv4.ip_forward = 0"" is set in: ""/etc/sysctl.d/60-ipv4_sysctl.conf""
Note:

  •     This script looks at all files used by systemd sysctl.
  •     More information about these files and their location is available in the section
        overview.
  •     If multiple lines are returned:
            o The first line includes the value being used by systemd sysctl. If this is a
                correct value, this is considered a passing state. If the file listed is not in
                the /etc/sysctl.d/ directory, it is highly recommended to follow the
                remediation procedure to create a .conf file in the /etc/sysctl.d/
                directory with the correct setting to prevent a potential change due to an
                update to the system.
            o Any files in the /etc/sysctl.d/ directory that include an incorrect value
                should be modified to comment out or change the incorrect value to
                minimize the potential of the incorrect value being used by systemd
                sysctl due to system configuration changes.
  •     SYSTEM FILE PRECEDENCE
            o When using the --system option, sysctl will read files from directories in
                the following list in given order from top to bottom. Once a file of a given
                filename is loaded, any file of the same name in subsequent directories is
                ignored.
            o /etc/sysctl.d/*.conf /run/sysctl.d/*.conf
                /usr/local/lib/sysctl.d/*.conf /usr/lib/sysctl.d/*.conf
                /lib/sysctl.d/*.conf /etc/sysctl.conf
            o All configuration files are sorted in lexicographic order, regardless of the
                directory they reside in. Configuration files can either be completely
                replaced (by having a new configuration file with the same name in a
                directory of higher priority) or partially replaced (by having a configuration
                file that is ordered later)--
```","# [SABC] Red Hat family guidance — authored from the CIS AlmaLinux 8 Benchmark.
# (CIS AlmaLinux 8 §3.3.1.1 — Ensure net.ipv4.ip_forward is configured)
```
#!/usr/bin/env bash

{
    l_option=""net.ipv4.ip_forward"" l_value=""0""
    l_grep=""${l_option//./(\\.|\\/)}"" a_files=()
    l_systemdsysctl=""$(readlink -e /lib/systemd/systemd-sysctl \
    || readlink -e /usr/lib/systemd/systemd-sysctl)""
    l_ufw_file=""$([ -f /etc/default/ufw ] && \
    awk -F= '/^\s*IPT_SYSCTL=/ {print $2}' /etc/default/ufw)""
    [ -f ""$(readlink -e ""$l_ufw_file"")"" ] && \
    a_files+=(""$l_ufw_file""); a_files+=(""/etc/sysctl.conf"")
    while IFS= read -r l_fname; do
       l_file=""$(readlink -e ""${l_fname//# /}"")""
       [ -n ""$l_file"" ] && ! grep -Psiq -- '(^|\h+)'""$l_file""'\b' \
       <<< ""${a_files[*]}"" && a_files+=(""$l_file"")
    done < <(""$l_systemdsysctl"" --cat-config | tac | \
    grep -Pio -- '^\h*#\h*\/[^#\n\r\h]+\.conf\b')
    for l_file in ""${a_files[@]}""; do
       grep -Poi -- '\h*'""$l_grep""'\h*=\h*\H+\b' ""$l_file"" \
       | grep -Pivq -- '^\h*'""$l_grep""'\h*=\h*'""$l_value""'\b' && \
       sed -ri '/^\s*'""$l_grep""'\s*=\s*(1[0-9]*)/s/^/# /' ""$l_file""
    done
}

    2. Create or edit a file in the /etc/sysctl.d/ directory ending in .confand edit or
       add the following line:

net.ipv4.ip_forward = 0
Example:
# [ ! -d ""/etc/sysctl.d/"" ] && mkdir -p /etc/sysctl.d/
# printf '%s\n' """" ""net.ipv4.ip_forward = 0"" >> /etc/sysctl.d/60-
ipv4_sysctl.conf
Note: If the UFW file was the first file listed in the audit, the entry will be commented out
as part of the first step, however updating Uncomplicated Firewall (UFW) may update
this change. In this case the updated entry will supersede the entry being created as
part of this step.

    3. Run the following command to load all sysctl configuration filles:

# sysctl --system
```"
JR2.C.3.3.0,jr2_c_3_3_0,section,Network Parameters (Host and Router),Network Parameters (Host and Router),debian;redhat,,,,"The following network parameters are intended for use on both host only and router systems. A system acts as a router if it has at least two interfaces and is configured to perform routing functions.

**Note:**

Configuration files are read from directories in `/etc/`, `/run/`, `/usr/local/lib/`, and `/lib/`, in order of precedence. Files must have the `"".conf""` extension. extension. Files in `/etc/` override files with the same name in `/run/`, `/usr/local/lib/`, and `/lib/`. Files in `/run/` override files with the same name under `/usr/`.

All configuration files are sorted by their filename in lexicographic order, regardless of which of the directories they reside in. If multiple files specify the same option, the entry in the file with the lexicographically latest name will take precedence. Thus, the configuration in a certain file may either be replaced completely (by placing a file with the same name in a directory with higher priority), or individual settings might be changed (by specifying additional settings in a file with a different name that is ordered later).

Packages should install their configuration files in `/usr/lib/` (distribution packages) or `/usr/local/lib/` (local installs). Files in `/etc/` are reserved for the local administrator, who may use this logic to override the configuration files installed by vendor packages. It is recommended to prefix all filenames with a two-digit number and a dash, to simplify the ordering of the files.

If the administrator wants to disable a configuration file supplied by the vendor, the recommended way is to place a symlink to `/dev/null` in the configuration directory in `/etc/`, with the same filename as the vendor configuration file. If the vendor configuration file is included in the initrd image, the image has to be regenerated.",,,,,
JR2.C.3.3.1,jr2_c_3_3_1,control,Network Parameters (Host and Router),Ensure source routed packets are not accepted.,debian;redhat,1,CIS-U22:3.3.1,"net.ipv4.conf.all.accept_source_route = 0
net.ipv4.conf.default.accept_source_route = 0

If IPv6 is enabled:
net.ipv6.conf.all.accept_source_route = 0
net.ipv6.conf.default.accept_source_route = 0","In networking, source routing allows a sender to partially or fully specify the route packets take through a network. In contrast, non-source routed packets travel a path determined by routers in the network. In some cases, systems may not be routable or reachable from some locations (e.g. private addresses vs. Internet routable), and so source routed packets would need to be used.","Setting `net.ipv4.conf.all.accept_source_route`, `net.ipv4.conf.default.accept_source_route`, `net.ipv6.conf.all.accept_source_route` and `net.ipv6.conf.default.accept_source_route` to `0` disables the system from accepting source routed packets. Assume this system was capable of routing packets to Internet routable addresses on one interface and private addresses on another interface. Assume that the private addresses were not routable to the Internet routable addresses and vice versa. Under normal routing circumstances, an attacker from the Internet routable addresses could not use the system as a way to reach the private address systems. If, however, source routed packets were allowed, they could be used to gain access to the private address systems as the route could be specified, rather than rely on routing protocols that did not allow this routing.","Run the following script to verify the following kernel parameters are set in the running configuration and correctly loaded from a kernel parameter configuration file:
- `net.ipv4.conf.all.accept_source_route` is set to `0`
- `net.ipv4.conf.default.accept_source_route` is set to `0`
- `net.ipv6.conf.all.accept_source_route` is set to `0`
- `net.ipv6.conf.default.accept_source_route` is set to `0`

**Note:** 
- kernel parameters are loaded by file and parameter order precedence. The following script observes this precedence as part of the auditing procedure. The parameters being checked may be set correctly in a file. If that file is superseded, the parameter is overridden by an incorrect setting later in that file, or in a conically later file, that ""correct"" setting will be ignored both by the script and by the system during a normal kernel parameter load sequence.
- IPv6 kernel parameters only apply to systems where IPv6 is enabled 

```
#!/usr/bin/env bash

{
 l_output="""" l_output2=""""
 a_parlist=(""net.ipv4.conf.all.accept_source_route=0"" ""net.ipv4.conf.default.accept_source_route=0"" ""net.ipv6.conf.all.accept_source_route=0"" ""net.ipv6.conf.default.accept_source_route=0"")
 l_ufwscf=""$([ -f /etc/default/ufw ] && awk -F= '/^\s*IPT_SYSCTL=/ {print $2}' /etc/default/ufw)""
 kernel_parameter_chk()
 { 
 l_krp=""$(sysctl ""$l_kpname"" | awk -F= '{print $2}' | xargs)"" # Check running configuration
 if [ ""$l_krp"" = ""$l_kpvalue"" ]; then
 l_output=""$l_output\n - \""$l_kpname\"" is correctly set to \""$l_krp\"" in the running configuration""
 else
 l_output2=""$l_output2\n - \""$l_kpname\"" is incorrectly set to \""$l_krp\"" in the running configuration and should have a value of: \""$l_kpvalue\""""
 fi
 unset A_out; declare -A A_out # Check durable setting (files)
 while read -r l_out; do
 if [ -n ""$l_out"" ]; then
 if [[ $l_out =~ ^\s*# ]]; then
 l_file=""${l_out//# /}""
 else
 l_kpar=""$(awk -F= '{print $1}' <<< ""$l_out"" | xargs)""
 [ ""$l_kpar"" = ""$l_kpname"" ] && A_out+=([""$l_kpar""]=""$l_file"")
 fi
 fi
 done < <(/usr/lib/systemd/systemd-sysctl --cat-config | grep -Po '^\h*([^#\n\r]+|#\h*\/[^#\n\r\h]+\.conf\b)')
 if [ -n ""$l_ufwscf"" ]; then # Account for systems with UFW (Not covered by systemd-sysctl --cat-config)
 l_kpar=""$(grep -Po ""^\h*$l_kpname\b"" ""$l_ufwscf"" | xargs)""
 l_kpar=""${l_kpar//\//.}""
 [ ""$l_kpar"" = ""$l_kpname"" ] && A_out+=([""$l_kpar""]=""$l_ufwscf"")
 fi
 if (( ${#A_out[@]} > 0 )); then # Assess output from files and generate output
 while IFS=""="" read -r l_fkpname l_fkpvalue; do
 l_fkpname=""${l_fkpname// /}""; l_fkpvalue=""${l_fkpvalue// /}""
 if [ ""$l_fkpvalue"" = ""$l_kpvalue"" ]; then
 l_output=""$l_output\n - \""$l_kpname\"" is correctly set to \""$l_fkpvalue\"" in \""$(printf '%s' ""${A_out[@]}"")\""\n""
 else
 l_output2=""$l_output2\n - \""$l_kpname\"" is incorrectly set to \""$l_fkpvalue\"" in \""$(printf '%s' ""${A_out[@]}"")\"" and should have a value of: \""$l_kpvalue\""\n""
 fi
 done < <(grep -Po -- ""^\h*$l_kpname\h*=\h*\H+"" ""${A_out[@]}"")
 else
 l_output2=""$l_output2\n - \""$l_kpname\"" is not set in an included file\n ** Note: \""$l_kpname\"" May be set in a file that's ignored by load procedure **\n""
 fi
 }
 while IFS=""="" read -r l_kpname l_kpvalue; do # Assess and check parameters
 l_kpname=""${l_kpname// /}""; l_kpvalue=""${l_kpvalue// /}""
 if ! grep -Pqs '^\h*0\b' /sys/module/ipv6/parameters/disable && grep -q '^net.ipv6.' <<< ""$l_kpname""; then
 l_output=""$l_output\n - IPv6 is disabled on the system, \""$l_kpname\"" is not applicable""
 else
 kernel_parameter_chk
 fi
 done < <(printf '%s\n' ""${a_parlist[@]}"")
 if [ -z ""$l_output2"" ]; then # Provide output from checks
 echo -e ""\n- Audit Result:\n ** PASS **\n$l_output\n""
 else
 echo -e ""\n- Audit Result:\n ** FAIL **\n - Reason(s) for audit failure:\n$l_output2\n""
 [ -n ""$l_output"" ] && echo -e ""\n- Correctly set:\n$l_output\n""
 fi
}
```","Set the following parameters in `/etc/sysctl.conf` or a file in `/etc/sysctl.d/` ending in `.conf`:
- `net.ipv4.conf.all.accept_source_route = 0`
- `net.ipv4.conf.default.accept_source_route = 0`

_Example:_
```
# printf ""
net.ipv4.conf.all.accept_source_route = 0
net.ipv4.conf.default.accept_source_route = 0
"" >> /etc/sysctl.d/60-netipv4_sysctl.conf
```

Run the following command to set the active kernel parameters:
```
# {
 sysctl -w net.ipv4.conf.all.accept_source_route=0
 sysctl -w net.ipv4.conf.default.accept_source_route=0
 sysctl -w net.ipv4.route.flush=1
}
```

**-IF-** IPv6 is enabled on the system:

Set the following parameters in `/etc/sysctl.conf` or a file in `/etc/sysctl.d/` ending in `.conf`:
- `net.ipv6.conf.all.accept_source_route = 0`
- `net.ipv6.conf.default.accept_source_route = 0`

_Example:_
```
# printf ""
net.ipv6.conf.all.accept_source_route = 0
net.ipv6.conf.default.accept_source_route = 0
"" >> /etc/sysctl.d/60-netipv6_sysctl.conf
```

Run the following command to set the active kernel parameters:
```
# {
 sysctl -w net.ipv6.conf.all.accept_source_route=0
 sysctl -w net.ipv6.conf.default.accept_source_route=0
 sysctl -w net.ipv6.route.flush=1
}
```

**Note:** If these settings appear in a conically later file, or later in the same file, these settings will be overwritten.","# [SABC] Red Hat family guidance — authored from the CIS AlmaLinux 8 Benchmark.
# (CIS AlmaLinux 8 §3.3.1.14 — Ensure net.ipv4.conf.all.accept_source_route is configured)
```
#!/usr/bin/env bash

{
      l_parameter_name=""net.ipv4.conf.all.accept_source_route""
      l_grep=""${l_parameter_name//./(\\.|\\/)}"" a_output=() a_files=()
      l_systemdsysctl=""$(readlink -e /lib/systemd/systemd-sysctl \
      || readlink -e /usr/lib/systemd/systemd-sysctl)""
      l_ufw_file=""$([ -f /etc/default/ufw ] && \
      awk -F= '/^\s*IPT_SYSCTL=/ {print $2}' /etc/default/ufw)""
      [ -f ""$(readlink -e ""$l_ufw_file"")"" ] && \
      a_files+=(""$l_ufw_file""); a_files+=(""/etc/sysctl.conf"")
      while IFS= read -r l_fname; do
         l_file=""$(readlink -e ""${l_fname//# /}"")""
         [ -n ""$l_file"" ] && ! grep -Psiq -- '(^|\h+)'""$l_file""'\b' \
         <<< ""${a_files[*]}"" && a_files+=(""$l_file"")
      done < <(""$l_systemdsysctl"" --cat-config | tac | \
      grep -Pio '^\h*#\h*\/[^#\n\r\h]+\.conf\b')
      for l_file in ""${a_files[@]}""; do
         l_opt=""$(grep -Poi '^\h*'""$l_grep""'\h*=\h*\H+\b' ""$l_file"" | tail -n
1)""
         l_option_value=""$(cut -d= -f2 <<< ""$l_opt"" | xargs)""
         [ -n ""$l_option_value"" ] && \
         a_output+=("" - \""$l_parameter_name = $l_option_value\"" is set in:"" \
         ""    \""$l_file\"""")
      done
      [ ""${#a_output[@]}"" -gt ""0"" ] && printf '%s\n' """" ""${a_output[@]}"" """"
}
Example output:
 - ""net.ipv4.conf.all.accept_source_route = 0"" is set in: ""/etc/sysctl.d/60-
ipv4_sysctl.conf""
Note:

  •     This script looks at all files used by systemd sysctl.
  •     More information about these files and their location is available in the section
        overview.
  •     If multiple lines are returned:
            o The first line includes the value being used by systemd sysctl. If this is a
                correct value, this is considered a passing state. If the file listed is not in
                the /etc/sysctl.d/ directory, it is highly recommended to follow the
                remediation procedure to create a .conf file in the /etc/sysctl.d/
                directory with the correct setting to prevent a potential change due to an
                update to the system.
            o Any files in the /etc/sysctl.d/ directory that include an incorrect value
                should be modified to comment out or change the incorrect value to
                minimize the potential of the incorrect value being used by systemd
                sysctl due to system configuration changes.
  •     SYSTEM FILE PRECEDENCE
            o When using the --system option, sysctl will read files from directories in
                the following list in given order from top to bottom. Once a file of a given
                filename is loaded, any file of the same name in subsequent directories is
                ignored.
            o /etc/sysctl.d/*.conf /run/sysctl.d/*.conf
                /usr/local/lib/sysctl.d/*.conf /usr/lib/sysctl.d/*.conf
                /lib/sysctl.d/*.conf /etc/sysctl.conf
            o All configuration files are sorted in lexicographic order, regardless of the
                directory they reside in. Configuration files can either be completely
                replaced (by having a new configuration file with the same name in a
                directory of higher priority) or partially replaced (by having a configuration
                file that is ordered later)--
```","# [SABC] Red Hat family guidance — authored from the CIS AlmaLinux 8 Benchmark.
# (CIS AlmaLinux 8 §3.3.1.14 — Ensure net.ipv4.conf.all.accept_source_route is configured)
```
#!/usr/bin/env bash

{
    l_option=""net.ipv4.conf.all.accept_source_route"" l_value=""0""
    l_grep=""${l_option//./(\\.|\\/)}"" a_files=()
    l_systemdsysctl=""$(readlink -e /lib/systemd/systemd-sysctl \
    || readlink -e /usr/lib/systemd/systemd-sysctl)""
    l_ufw_file=""$([ -f /etc/default/ufw ] && \
    awk -F= '/^\s*IPT_SYSCTL=/ {print $2}' /etc/default/ufw)""
    [ -f ""$(readlink -e ""$l_ufw_file"")"" ] && \
    a_files+=(""$l_ufw_file""); a_files+=(""/etc/sysctl.conf"")
    while IFS= read -r l_fname; do
       l_file=""$(readlink -e ""${l_fname//# /}"")""
       [ -n ""$l_file"" ] && ! grep -Psiq -- '(^|\h+)'""$l_file""'\b' \
       <<< ""${a_files[*]}"" && a_files+=(""$l_file"")
    done < <(""$l_systemdsysctl"" --cat-config | tac | \
    grep -Pio -- '^\h*#\h*\/[^#\n\r\h]+\.conf\b')
    for l_file in ""${a_files[@]}""; do
       grep -Poi -- '\h*'""$l_grep""'\h*=\h*\H+\b' ""$l_file"" \
       | grep -Pivq -- '^\h*'""$l_grep""'\h*=\h*'""$l_value""'\b' && \
       sed -ri '/^\s*'""$l_grep""'\s*=\s*(1[0-9]*)/s/^/# /' ""$l_file""
    done
}

    2. Create or edit a file in the /etc/sysctl.d/ directory ending in .confand edit or
       add the following line:

net.ipv4.conf.all.accept_source_route = 0
Example:
# [ ! -d ""/etc/sysctl.d/"" ] && mkdir -p /etc/sysctl.d/
# printf '%s\n' """" ""net.ipv4.conf.all.accept_source_route = 0"" \
>> /etc/sysctl.d/60-ipv4_sysctl.conf
Note: If the UFW file was the first file listed in the audit, the entry will be commented out
as part of the first step, however updating Uncomplicated Firewall (UFW) may update
this change. In this case the updated entry will supersede the entry being created as
part of this step.

    3. Run the following command to load all sysctl configuration filles:

# sysctl --system
```"
JR2.C.3.3.2,jr2_c_3_3_2,control,Network Parameters (Host and Router),Ensure ICMP redirects are not accepted.,debian;redhat,1,CIS-U22:3.3.2,"net.ipv4.conf.all.accept_redirects = 0
net.ipv4.conf.default.accept_redirects = 0

If IPv6 is enabled:
net.ipv6.conf.all.accept_redirects = 0
net.ipv6.conf.default.accept_redirects = 0",ICMP redirect messages are packets that convey routing information and tell your host (acting as a router) to send packets via an alternate path. It is a way of allowing an outside routing device to update your system routing tables.,"ICMP redirect messages are packets that convey routing information and tell your host (acting as a router) to send packets via an alternate path. It is a way of allowing an outside routing device to update your system routing tables. By setting `net.ipv4.conf.all.accept_redirects`, `net.ipv4.conf.default.accept_redirects`, `net.ipv6.conf.all.accept_redirects`, and `net.ipv6.conf.default.accept_redirects` to `0`, the system will not accept any ICMP redirect messages, and therefore, won't allow outsiders to update the system's routing tables.","Run the following script to verify the following kernel parameters are set in the running configuration and correctly loaded from a kernel parameter configuration file:
- `net.ipv4.conf.all.accept_redirects` is set to `0`
- `net.ipv4.conf.default.accept_redirects` is set to `0`
- `net.ipv6.conf.all.accept_redirects` is set to `0`
- `net.ipv6.conf.default.accept_redirects` is set to `0`

**Note:** 
- kernel parameters are loaded by file and parameter order precedence. The following script observes this precedence as part of the auditing procedure. The parameters being checked may be set correctly in a file. If that file is superseded, the parameter is overridden by an incorrect setting later in that file, or in a conically later file, that ""correct"" setting will be ignored both by the script and by the system during a normal kernel parameter load sequence.
- IPv6 kernel parameters only apply to systems where IPv6 is enabled 

```
#!/usr/bin/env bash

{
 l_output="""" l_output2=""""
 a_parlist=(""net.ipv4.conf.all.accept_redirects=0"" ""net.ipv4.conf.default.accept_redirects=0"" ""net.ipv6.conf.all.accept_redirects=0"" ""net.ipv6.conf.default.accept_redirects=0"")
 l_ufwscf=""$([ -f /etc/default/ufw ] && awk -F= '/^\s*IPT_SYSCTL=/ {print $2}' /etc/default/ufw)""
 kernel_parameter_chk()
 { 
 l_krp=""$(sysctl ""$l_kpname"" | awk -F= '{print $2}' | xargs)"" # Check running configuration
 if [ ""$l_krp"" = ""$l_kpvalue"" ]; then
 l_output=""$l_output\n - \""$l_kpname\"" is correctly set to \""$l_krp\"" in the running configuration""
 else
 l_output2=""$l_output2\n - \""$l_kpname\"" is incorrectly set to \""$l_krp\"" in the running configuration and should have a value of: \""$l_kpvalue\""""
 fi
 unset A_out; declare -A A_out # Check durable setting (files)
 while read -r l_out; do
 if [ -n ""$l_out"" ]; then
 if [[ $l_out =~ ^\s*# ]]; then
 l_file=""${l_out//# /}""
 else
 l_kpar=""$(awk -F= '{print $1}' <<< ""$l_out"" | xargs)""
 [ ""$l_kpar"" = ""$l_kpname"" ] && A_out+=([""$l_kpar""]=""$l_file"")
 fi
 fi
 done < <(/usr/lib/systemd/systemd-sysctl --cat-config | grep -Po '^\h*([^#\n\r]+|#\h*\/[^#\n\r\h]+\.conf\b)')
 if [ -n ""$l_ufwscf"" ]; then # Account for systems with UFW (Not covered by systemd-sysctl --cat-config)
 l_kpar=""$(grep -Po ""^\h*$l_kpname\b"" ""$l_ufwscf"" | xargs)""
 l_kpar=""${l_kpar//\//.}""
 [ ""$l_kpar"" = ""$l_kpname"" ] && A_out+=([""$l_kpar""]=""$l_ufwscf"")
 fi
 if (( ${#A_out[@]} > 0 )); then # Assess output from files and generate output
 while IFS=""="" read -r l_fkpname l_fkpvalue; do
 l_fkpname=""${l_fkpname// /}""; l_fkpvalue=""${l_fkpvalue// /}""
 if [ ""$l_fkpvalue"" = ""$l_kpvalue"" ]; then
 l_output=""$l_output\n - \""$l_kpname\"" is correctly set to \""$l_fkpvalue\"" in \""$(printf '%s' ""${A_out[@]}"")\""\n""
 else
 l_output2=""$l_output2\n - \""$l_kpname\"" is incorrectly set to \""$l_fkpvalue\"" in \""$(printf '%s' ""${A_out[@]}"")\"" and should have a value of: \""$l_kpvalue\""\n""
 fi
 done < <(grep -Po -- ""^\h*$l_kpname\h*=\h*\H+"" ""${A_out[@]}"")
 else
 l_output2=""$l_output2\n - \""$l_kpname\"" is not set in an included file\n ** Note: \""$l_kpname\"" May be set in a file that's ignored by load procedure **\n""
 fi
 }
 while IFS=""="" read -r l_kpname l_kpvalue; do # Assess and check parameters
 l_kpname=""${l_kpname// /}""; l_kpvalue=""${l_kpvalue// /}""
 if ! grep -Pqs '^\h*0\b' /sys/module/ipv6/parameters/disable && grep -q '^net.ipv6.' <<< ""$l_kpname""; then
 l_output=""$l_output\n - IPv6 is disabled on the system, \""$l_kpname\"" is not applicable""
 else
 kernel_parameter_chk
 fi
 done < <(printf '%s\n' ""${a_parlist[@]}"")
 if [ -z ""$l_output2"" ]; then # Provide output from checks
 echo -e ""\n- Audit Result:\n ** PASS **\n$l_output\n""
 else
 echo -e ""\n- Audit Result:\n ** FAIL **\n - Reason(s) for audit failure:\n$l_output2\n""
 [ -n ""$l_output"" ] && echo -e ""\n- Correctly set:\n$l_output\n""
 fi
}
```","Set the following parameters in `/etc/sysctl.conf` or a file in `/etc/sysctl.d/` ending in `.conf`:
- `net.ipv4.conf.all.accept_redirects = 0`
- `net.ipv4.conf.default.accept_redirects = 0`

_Example:_
```
# printf ""
net.ipv4.conf.all.accept_redirects = 0
net.ipv4.conf.default.accept_redirects = 0
"" >> /etc/sysctl.d/60-netipv4_sysctl.conf
```

Run the following command to set the active kernel parameters:

```
# {
 sysctl -w net.ipv4.conf.all.accept_redirects=0
 sysctl -w net.ipv4.conf.default.accept_redirects=0
 sysctl -w net.ipv4.route.flush=1
}
```

**-IF-** IPv6 is enabled on the system:

Set the following parameters in `/etc/sysctl.conf` or a file in `/etc/sysctl.d/` ending in `.conf`:
- `net.ipv6.conf.all.accept_redirects = 0`
- `net.ipv6.conf.default.accept_redirects = 0`

_Example:_
```
# printf ""
net.ipv6.conf.all.accept_redirects = 0
net.ipv6.conf.default.accept_redirects = 0
"" >> /etc/sysctl.d/60-netipv6_sysctl.conf
```

Run the following command to set the active kernel parameters:
```
# {
 sysctl -w net.ipv6.conf.all.accept_redirects=0
 sysctl -w net.ipv6.conf.default.accept_redirects=0
 sysctl -w net.ipv6.route.flush=1
}
```

**Note:** If these settings appear in a conically later file, or later in the same file, these settings will be overwritten.","# [SABC] Red Hat family guidance — authored from the CIS AlmaLinux 8 Benchmark.
# (CIS AlmaLinux 8 §3.3.1.8 — Ensure net.ipv4.conf.all.accept_redirects is configured)
```
#!/usr/bin/env bash

{
      l_parameter_name=""net.ipv4.conf.all.accept_redirects""
      l_grep=""${l_parameter_name//./(\\.|\\/)}"" a_output=() a_files=()
      l_systemdsysctl=""$(readlink -e /lib/systemd/systemd-sysctl \
      || readlink -e /usr/lib/systemd/systemd-sysctl)""
      l_ufw_file=""$([ -f /etc/default/ufw ] && \
      awk -F= '/^\s*IPT_SYSCTL=/ {print $2}' /etc/default/ufw)""
      [ -f ""$(readlink -e ""$l_ufw_file"")"" ] && \
      a_files+=(""$l_ufw_file""); a_files+=(""/etc/sysctl.conf"")
      while IFS= read -r l_fname; do
         l_file=""$(readlink -e ""${l_fname//# /}"")""
         [ -n ""$l_file"" ] && ! grep -Psiq -- '(^|\h+)'""$l_file""'\b' \
         <<< ""${a_files[*]}"" && a_files+=(""$l_file"")
      done < <(""$l_systemdsysctl"" --cat-config | tac | \
      grep -Pio '^\h*#\h*\/[^#\n\r\h]+\.conf\b')
      for l_file in ""${a_files[@]}""; do
         l_opt=""$(grep -Poi '^\h*'""$l_grep""'\h*=\h*\H+\b' ""$l_file"" | tail -n
1)""
         l_option_value=""$(cut -d= -f2 <<< ""$l_opt"" | xargs)""
         [ -n ""$l_option_value"" ] && \
         a_output+=("" - \""$l_parameter_name = $l_option_value\"" is set in:"" \
         ""    \""$l_file\"""")
      done
      [ ""${#a_output[@]}"" -gt ""0"" ] && printf '%s\n' """" ""${a_output[@]}"" """"
}
Example output:
 - ""net.ipv4.conf.all.accept_redirects = 0"" is set in: ""/etc/sysctl.d/60-
ipv4_sysctl.conf""
Note:

  •     This script looks at all files used by systemd sysctl.
  •     More information about these files and their location is available in the section
        overview.
  •     If multiple lines are returned:
            o The first line includes the value being used by systemd sysctl. If this is a
                correct value, this is considered a passing state. If the file listed is not in
                the /etc/sysctl.d/ directory, it is highly recommended to follow the
                remediation procedure to create a .conf file in the /etc/sysctl.d/
                directory with the correct setting to prevent a potential change due to an
                update to the system.
            o Any files in the /etc/sysctl.d/ directory that include an incorrect value
                should be modified to comment out or change the incorrect value to
                minimize the potential of the incorrect value being used by systemd
                sysctl due to system configuration changes.
  •     SYSTEM FILE PRECEDENCE
            o When using the --system option, sysctl will read files from directories in
                the following list in given order from top to bottom. Once a file of a given
                filename is loaded, any file of the same name in subsequent directories is
                ignored.
            o /etc/sysctl.d/*.conf /run/sysctl.d/*.conf
                /usr/local/lib/sysctl.d/*.conf /usr/lib/sysctl.d/*.conf
                /lib/sysctl.d/*.conf /etc/sysctl.conf
            o All configuration files are sorted in lexicographic order, regardless of the
                directory they reside in. Configuration files can either be completely
                replaced (by having a new configuration file with the same name in a
                directory of higher priority) or partially replaced (by having a configuration
                file that is ordered later)--
```","# [SABC] Red Hat family guidance — authored from the CIS AlmaLinux 8 Benchmark.
# (CIS AlmaLinux 8 §3.3.1.8 — Ensure net.ipv4.conf.all.accept_redirects is configured)
```
#!/usr/bin/env bash

{
    l_option=""net.ipv4.conf.all.accept_redirects"" l_value=""0""
    l_grep=""${l_option//./(\\.|\\/)}"" a_files=()
    l_systemdsysctl=""$(readlink -e /lib/systemd/systemd-sysctl \
    || readlink -e /usr/lib/systemd/systemd-sysctl)""
    l_ufw_file=""$([ -f /etc/default/ufw ] && \
    awk -F= '/^\s*IPT_SYSCTL=/ {print $2}' /etc/default/ufw)""
    [ -f ""$(readlink -e ""$l_ufw_file"")"" ] && \
    a_files+=(""$l_ufw_file""); a_files+=(""/etc/sysctl.conf"")
    while IFS= read -r l_fname; do
       l_file=""$(readlink -e ""${l_fname//# /}"")""
       [ -n ""$l_file"" ] && ! grep -Psiq -- '(^|\h+)'""$l_file""'\b' \
       <<< ""${a_files[*]}"" && a_files+=(""$l_file"")
    done < <(""$l_systemdsysctl"" --cat-config | tac | \
    grep -Pio -- '^\h*#\h*\/[^#\n\r\h]+\.conf\b')
    for l_file in ""${a_files[@]}""; do
       grep -Poi -- '\h*'""$l_grep""'\h*=\h*\H+\b' ""$l_file"" \
       | grep -Pivq -- '^\h*'""$l_grep""'\h*=\h*'""$l_value""'\b' && \
       sed -ri '/^\s*'""$l_grep""'\s*=\s*(1[0-9]*)/s/^/# /' ""$l_file""
    done
}

    2. Create or edit a file in the /etc/sysctl.d/ directory ending in .confand edit or
       add the following line:

net.ipv4.conf.all.accept_redirects = 0
Example:
# [ ! -d ""/etc/sysctl.d/"" ] && mkdir -p /etc/sysctl.d/
# printf '%s\n' """" ""net.ipv4.conf.all.accept_redirects = 0"" \
>> /etc/sysctl.d/60-ipv4_sysctl.conf
Note: If the UFW file was the first file listed in the audit, the entry will be commented out
as part of the first step, however updating Uncomplicated Firewall (UFW) may update
this change. In this case the updated entry will supersede the entry being created as
part of this step.

    3. Run the following command to load all sysctl configuration filles:

# sysctl --system
```"
JR2.C.3.3.3,jr2_c_3_3_3,control,Network Parameters (Host and Router),Ensure secure ICMP redirects are not accepted.,debian;redhat,1,CIS-U22:3.3.3,"net.ipv4.conf.all.secure_redirects = 0
net.ipv4.conf.default.secure_redirects = 0","Secure ICMP redirects are the same as ICMP redirects, except they come from gateways listed on the default gateway list. It is assumed that these gateways are known to your system, and that they are likely to be secure.",It is still possible for even known gateways to be compromised. Setting `net.ipv4.conf.all.secure_redirects` and `net.ipv4.conf.default.secure_redirects` to `0` protects the system from routing table updates by possibly compromised known gateways.,"Run the following script to verify the following kernel parameters are set in the running configuration and correctly loaded from a kernel parameter configuration file:
- `net.ipv4.conf.all.secure_redirects` is set to `0`
- `net.ipv4.conf.default.secure_redirects` is set to `0`

**Note:** kernel parameters are loaded by file and parameter order precedence. The following script observes this precedence as part of the auditing procedure. The parameters being checked may be set correctly in a file. If that file is superseded, the parameter is overridden by an incorrect setting later in that file, or in a conically later file, that ""correct"" setting will be ignored both by the script and by the system during a normal kernel parameter load sequence.

```
#!/usr/bin/env bash

{
 l_output="""" l_output2=""""
 a_parlist=(""net.ipv4.conf.all.secure_redirects=0"" ""net.ipv4.conf.default.secure_redirects=0"")
 l_ufwscf=""$([ -f /etc/default/ufw ] && awk -F= '/^\s*IPT_SYSCTL=/ {print $2}' /etc/default/ufw)""
 kernel_parameter_chk()
 { 
 l_krp=""$(sysctl ""$l_kpname"" | awk -F= '{print $2}' | xargs)"" # Check running configuration
 if [ ""$l_krp"" = ""$l_kpvalue"" ]; then
 l_output=""$l_output\n - \""$l_kpname\"" is correctly set to \""$l_krp\"" in the running configuration""
 else
 l_output2=""$l_output2\n - \""$l_kpname\"" is incorrectly set to \""$l_krp\"" in the running configuration and should have a value of: \""$l_kpvalue\""""
 fi
 unset A_out; declare -A A_out # Check durable setting (files)
 while read -r l_out; do
 if [ -n ""$l_out"" ]; then
 if [[ $l_out =~ ^\s*# ]]; then
 l_file=""${l_out//# /}""
 else
 l_kpar=""$(awk -F= '{print $1}' <<< ""$l_out"" | xargs)""
 [ ""$l_kpar"" = ""$l_kpname"" ] && A_out+=([""$l_kpar""]=""$l_file"")
 fi
 fi
 done < <(/usr/lib/systemd/systemd-sysctl --cat-config | grep -Po '^\h*([^#\n\r]+|#\h*\/[^#\n\r\h]+\.conf\b)')
 if [ -n ""$l_ufwscf"" ]; then # Account for systems with UFW (Not covered by systemd-sysctl --cat-config)
 l_kpar=""$(grep -Po ""^\h*$l_kpname\b"" ""$l_ufwscf"" | xargs)""
 l_kpar=""${l_kpar//\//.}""
 [ ""$l_kpar"" = ""$l_kpname"" ] && A_out+=([""$l_kpar""]=""$l_ufwscf"")
 fi
 if (( ${#A_out[@]} > 0 )); then # Assess output from files and generate output
 while IFS=""="" read -r l_fkpname l_fkpvalue; do
 l_fkpname=""${l_fkpname// /}""; l_fkpvalue=""${l_fkpvalue// /}""
 if [ ""$l_fkpvalue"" = ""$l_kpvalue"" ]; then
 l_output=""$l_output\n - \""$l_kpname\"" is correctly set to \""$l_fkpvalue\"" in \""$(printf '%s' ""${A_out[@]}"")\""\n""
 else
 l_output2=""$l_output2\n - \""$l_kpname\"" is incorrectly set to \""$l_fkpvalue\"" in \""$(printf '%s' ""${A_out[@]}"")\"" and should have a value of: \""$l_kpvalue\""\n""
 fi
 done < <(grep -Po -- ""^\h*$l_kpname\h*=\h*\H+"" ""${A_out[@]}"")
 else
 l_output2=""$l_output2\n - \""$l_kpname\"" is not set in an included file\n ** Note: \""$l_kpname\"" May be set in a file that's ignored by load procedure **\n""
 fi
 }
 while IFS=""="" read -r l_kpname l_kpvalue; do # Assess and check parameters
 l_kpname=""${l_kpname// /}""; l_kpvalue=""${l_kpvalue// /}""
 if ! grep -Pqs '^\h*0\b' /sys/module/ipv6/parameters/disable && grep -q '^net.ipv6.' <<< ""$l_kpname""; then
 l_output=""$l_output\n - IPv6 is disabled on the system, \""$l_kpname\"" is not applicable""
 else
 kernel_parameter_chk
 fi
 done < <(printf '%s\n' ""${a_parlist[@]}"")
 if [ -z ""$l_output2"" ]; then # Provide output from checks
 echo -e ""\n- Audit Result:\n ** PASS **\n$l_output\n""
 else
 echo -e ""\n- Audit Result:\n ** FAIL **\n - Reason(s) for audit failure:\n$l_output2\n""
 [ -n ""$l_output"" ] && echo -e ""\n- Correctly set:\n$l_output\n""
 fi
}
```","Set the following parameters in `/etc/sysctl.conf` or a file in `/etc/sysctl.d/` ending in `.conf`:
- `net.ipv4.conf.all.secure_redirects = 0`
- `net.ipv4.conf.default.secure_redirects = 0`

_Example:_
```
# printf ""
net.ipv4.conf.all.secure_redirects = 0
net.ipv4.conf.default.secure_redirects = 0
"" >> /etc/sysctl.d/60-netipv4_sysctl.conf
```

Run the following commands to set the active kernel parameters:
```
# {
 sysctl -w net.ipv4.conf.all.secure_redirects=0
 sysctl -w net.ipv4.conf.default.secure_redirects=0
 sysctl -w net.ipv4.route.flush=1
}
```

**Note:** If these settings appear in a conically later file, or later in the same file, these settings will be overwritten.","# [SABC] Red Hat family guidance — authored from the CIS AlmaLinux 8 Benchmark.
# (CIS AlmaLinux 8 §3.3.1.10 — Ensure net.ipv4.conf.all.secure_redirects is configured)
```
#!/usr/bin/env bash

{
      l_parameter_name=""net.ipv4.conf.all.secure_redirects""
      l_grep=""${l_parameter_name//./(\\.|\\/)}"" a_output=() a_files=()
      l_systemdsysctl=""$(readlink -e /lib/systemd/systemd-sysctl \
      || readlink -e /usr/lib/systemd/systemd-sysctl)""
      l_ufw_file=""$([ -f /etc/default/ufw ] && \
      awk -F= '/^\s*IPT_SYSCTL=/ {print $2}' /etc/default/ufw)""
      [ -f ""$(readlink -e ""$l_ufw_file"")"" ] && \
      a_files+=(""$l_ufw_file""); a_files+=(""/etc/sysctl.conf"")
      while IFS= read -r l_fname; do
         l_file=""$(readlink -e ""${l_fname//# /}"")""
         [ -n ""$l_file"" ] && ! grep -Psiq -- '(^|\h+)'""$l_file""'\b' \
         <<< ""${a_files[*]}"" && a_files+=(""$l_file"")
      done < <(""$l_systemdsysctl"" --cat-config | tac | \
      grep -Pio '^\h*#\h*\/[^#\n\r\h]+\.conf\b')
      for l_file in ""${a_files[@]}""; do
         l_opt=""$(grep -Poi '^\h*'""$l_grep""'\h*=\h*\H+\b' ""$l_file"" | tail -n
1)""
         l_option_value=""$(cut -d= -f2 <<< ""$l_opt"" | xargs)""
         [ -n ""$l_option_value"" ] && \
         a_output+=("" - \""$l_parameter_name = $l_option_value\"" is set in:"" \
         ""    \""$l_file\"""")
      done
      [ ""${#a_output[@]}"" -gt ""0"" ] && printf '%s\n' """" ""${a_output[@]}"" """"
}
Example output:
 - ""net.ipv4.conf.all.secure_redirects = 0"" is set in: ""/etc/sysctl.d/60-
ipv4_sysctl.conf""
Note:

  •     This script looks at all files used by systemd sysctl.
  •     More information about these files and their location is available in the section
        overview.
  •     If multiple lines are returned:
            o The first line includes the value being used by systemd sysctl. If this is a
                correct value, this is considered a passing state. If the file listed is not in
                the /etc/sysctl.d/ directory, it is highly recommended to follow the
                remediation procedure to create a .conf file in the /etc/sysctl.d/
                directory with the correct setting to prevent a potential change due to an
                update to the system.
            o Any files in the /etc/sysctl.d/ directory that include an incorrect value
                should be modified to comment out or change the incorrect value to
                minimize the potential of the incorrect value being used by systemd
                sysctl due to system configuration changes.
  •     SYSTEM FILE PRECEDENCE
            o When using the --system option, sysctl will read files from directories in
                the following list in given order from top to bottom. Once a file of a given
                filename is loaded, any file of the same name in subsequent directories is
                ignored.
            o /etc/sysctl.d/*.conf /run/sysctl.d/*.conf
                /usr/local/lib/sysctl.d/*.conf /usr/lib/sysctl.d/*.conf
                /lib/sysctl.d/*.conf /etc/sysctl.conf
            o All configuration files are sorted in lexicographic order, regardless of the
                directory they reside in. Configuration files can either be completely
                replaced (by having a new configuration file with the same name in a
                directory of higher priority) or partially replaced (by having a configuration
                file that is ordered later)--
```","# [SABC] Red Hat family guidance — authored from the CIS AlmaLinux 8 Benchmark.
# (CIS AlmaLinux 8 §3.3.1.10 — Ensure net.ipv4.conf.all.secure_redirects is configured)
```
#!/usr/bin/env bash

{
    l_option=""net.ipv4.conf.all.secure_redirects"" l_value=""0""
    l_grep=""${l_option//./(\\.|\\/)}"" a_files=()
    l_systemdsysctl=""$(readlink -e /lib/systemd/systemd-sysctl \
    || readlink -e /usr/lib/systemd/systemd-sysctl)""
    l_ufw_file=""$([ -f /etc/default/ufw ] && \
    awk -F= '/^\s*IPT_SYSCTL=/ {print $2}' /etc/default/ufw)""
    [ -f ""$(readlink -e ""$l_ufw_file"")"" ] && \
    a_files+=(""$l_ufw_file""); a_files+=(""/etc/sysctl.conf"")
    while IFS= read -r l_fname; do
       l_file=""$(readlink -e ""${l_fname//# /}"")""
       [ -n ""$l_file"" ] && ! grep -Psiq -- '(^|\h+)'""$l_file""'\b' \
       <<< ""${a_files[*]}"" && a_files+=(""$l_file"")
    done < <(""$l_systemdsysctl"" --cat-config | tac | \
    grep -Pio -- '^\h*#\h*\/[^#\n\r\h]+\.conf\b')
    for l_file in ""${a_files[@]}""; do
       grep -Poi -- '\h*'""$l_grep""'\h*=\h*\H+\b' ""$l_file"" \
       | grep -Pivq -- '^\h*'""$l_grep""'\h*=\h*'""$l_value""'\b' && \
       sed -ri '/^\s*'""$l_grep""'\s*=\s*(1[0-9]*)/s/^/# /' ""$l_file""
    done
}

    2. Create or edit a file in the /etc/sysctl.d/ directory ending in .confand edit or
       add the following line:

net.ipv4.conf.all.secure_redirects = 0
Example:
# [ ! -d ""/etc/sysctl.d/"" ] && mkdir -p /etc/sysctl.d/
# printf '%s\n' """" ""net.ipv4.conf.all.secure_redirects = 0"" \
>> /etc/sysctl.d/60-ipv4_sysctl.conf
Note: If the UFW file was the first file listed in the audit, the entry will be commented out
as part of the first step, however updating Uncomplicated Firewall (UFW) may update
this change. In this case the updated entry will supersede the entry being created as
part of this step.

    3. Run the following command to load all sysctl configuration filles:

# sysctl --system
```"
JR2.C.3.3.4,jr2_c_3_3_4,control,Network Parameters (Host and Router),Ensure suspicious packets are logged.,debian;redhat,1,CIS-U22:3.3.4,"net.ipv4.conf.all.log_martians = 1
net.ipv4.conf.default.log_martians = 1","When enabled, this feature logs packets with un-routable source addresses to the kernel log.",Setting `net.ipv4.conf.all.log_martians` and `net.ipv4.conf.default.log_martians to `1` enables this feature. Logging these packets allows an administrator to investigate the possibility that an attacker is sending spoofed packets to their system.,"Verify log_martians is 1 live AND persisted for all/default.

```bash
#!/bin/bash
[ ""$(sysctl -n net.ipv4.conf.all.log_martians 2>/dev/null)"" = ""1"" ] || exit 1
[ ""$(sysctl -n net.ipv4.conf.default.log_martians 2>/dev/null)"" = ""1"" ] || exit 1
grep -Ersq '^[[:space:]]*net\.ipv4\.conf\.all\.log_martians[[:space:]]*=[[:space:]]*1' /etc/sysctl.conf /etc/sysctl.d 2>/dev/null || exit 1
grep -Ersq '^[[:space:]]*net\.ipv4\.conf\.default\.log_martians[[:space:]]*=[[:space:]]*1' /etc/sysctl.conf /etc/sysctl.d 2>/dev/null || exit 1
exit 0
```","Enable martian-packet logging live and persistently.

```bash
#!/bin/bash
printf 'net.ipv4.conf.all.log_martians = 1\nnet.ipv4.conf.default.log_martians = 1\n' > /etc/sysctl.d/60-sabc-netlog.conf
sysctl -w net.ipv4.conf.all.log_martians=1 >/dev/null
sysctl -w net.ipv4.conf.default.log_martians=1 >/dev/null
sysctl -w net.ipv4.route.flush=1 >/dev/null
exit 0
```","# [SABC] Red Hat family guidance — family-neutral procedure; the Debian commands (sysctl/systemctl/file/pam checks) run identically on the Red Hat family.
Verify log_martians is 1 live AND persisted for all/default.

```bash
#!/bin/bash
[ ""$(sysctl -n net.ipv4.conf.all.log_martians 2>/dev/null)"" = ""1"" ] || exit 1
[ ""$(sysctl -n net.ipv4.conf.default.log_martians 2>/dev/null)"" = ""1"" ] || exit 1
grep -Ersq '^[[:space:]]*net\.ipv4\.conf\.all\.log_martians[[:space:]]*=[[:space:]]*1' /etc/sysctl.conf /etc/sysctl.d 2>/dev/null || exit 1
grep -Ersq '^[[:space:]]*net\.ipv4\.conf\.default\.log_martians[[:space:]]*=[[:space:]]*1' /etc/sysctl.conf /etc/sysctl.d 2>/dev/null || exit 1
exit 0
```","# [SABC] Red Hat family guidance — family-neutral procedure; the Debian commands (sysctl/systemctl/file/pam checks) run identically on the Red Hat family.
Enable martian-packet logging live and persistently.

```bash
#!/bin/bash
printf 'net.ipv4.conf.all.log_martians = 1\nnet.ipv4.conf.default.log_martians = 1\n' > /etc/sysctl.d/60-sabc-netlog.conf
sysctl -w net.ipv4.conf.all.log_martians=1 >/dev/null
sysctl -w net.ipv4.conf.default.log_martians=1 >/dev/null
sysctl -w net.ipv4.route.flush=1 >/dev/null
exit 0
```"
JR2.C.3.3.5,jr2_c_3_3_5,control,Network Parameters (Host and Router),Ensure broadcast ICMP requests are ignored.,debian;redhat,1,CIS-U22:3.3.5,net.ipv4.icmp_echo_ignore_broadcasts = 1,Setting `net.ipv4.icmp_echo_ignore_broadcasts` to `1` will cause the system to ignore all ICMP echo and timestamp requests to broadcast and multicast addresses.,"Accepting ICMP echo and timestamp requests with broadcast or multicast destinations for your network could be used to trick your host into starting (or participating) in a Smurf attack. A Smurf attack relies on an attacker sending large amounts of ICMP broadcast messages with a spoofed source address. All hosts receiving this message and responding would send echo-reply messages back to the spoofed address, which is probably not routable. If many hosts respond to the packets, the amount of traffic on the network could be significantly multiplied.","Run the following script to verify the following kernel parameter is set in the running configuration and correctly loaded from a kernel parameter configuration file:
- `net.ipv4.icmp_echo_ignore_broadcasts` is set to `1`

**Note:** kernel parameters are loaded by file and parameter order precedence. The following script observes this precedence as part of the auditing procedure. The parameters being checked may be set correctly in a file. If that file is superseded, the parameter is overridden by an incorrect setting later in that file, or in a conically later file, that ""correct"" setting will be ignored both by the script and by the system during a normal kernel parameter load sequence.

```
#!/usr/bin/env bash

{
 l_output="""" l_output2=""""
 a_parlist=(""net.ipv4.icmp_echo_ignore_broadcasts=1"")
 l_ufwscf=""$([ -f /etc/default/ufw ] && awk -F= '/^\s*IPT_SYSCTL=/ {print $2}' /etc/default/ufw)""
 kernel_parameter_chk()
 { 
 l_krp=""$(sysctl ""$l_kpname"" | awk -F= '{print $2}' | xargs)"" # Check running configuration
 if [ ""$l_krp"" = ""$l_kpvalue"" ]; then
 l_output=""$l_output\n - \""$l_kpname\"" is correctly set to \""$l_krp\"" in the running configuration""
 else
 l_output2=""$l_output2\n - \""$l_kpname\"" is incorrectly set to \""$l_krp\"" in the running configuration and should have a value of: \""$l_kpvalue\""""
 fi
 unset A_out; declare -A A_out # Check durable setting (files)
 while read -r l_out; do
 if [ -n ""$l_out"" ]; then
 if [[ $l_out =~ ^\s*# ]]; then
 l_file=""${l_out//# /}""
 else
 l_kpar=""$(awk -F= '{print $1}' <<< ""$l_out"" | xargs)""
 [ ""$l_kpar"" = ""$l_kpname"" ] && A_out+=([""$l_kpar""]=""$l_file"")
 fi
 fi
 done < <(/usr/lib/systemd/systemd-sysctl --cat-config | grep -Po '^\h*([^#\n\r]+|#\h*\/[^#\n\r\h]+\.conf\b)')
 if [ -n ""$l_ufwscf"" ]; then # Account for systems with UFW (Not covered by systemd-sysctl --cat-config)
 l_kpar=""$(grep -Po ""^\h*$l_kpname\b"" ""$l_ufwscf"" | xargs)""
 l_kpar=""${l_kpar//\//.}""
 [ ""$l_kpar"" = ""$l_kpname"" ] && A_out+=([""$l_kpar""]=""$l_ufwscf"")
 fi
 if (( ${#A_out[@]} > 0 )); then # Assess output from files and generate output
 while IFS=""="" read -r l_fkpname l_fkpvalue; do
 l_fkpname=""${l_fkpname// /}""; l_fkpvalue=""${l_fkpvalue// /}""
 if [ ""$l_fkpvalue"" = ""$l_kpvalue"" ]; then
 l_output=""$l_output\n - \""$l_kpname\"" is correctly set to \""$l_fkpvalue\"" in \""$(printf '%s' ""${A_out[@]}"")\""\n""
 else
 l_output2=""$l_output2\n - \""$l_kpname\"" is incorrectly set to \""$l_fkpvalue\"" in \""$(printf '%s' ""${A_out[@]}"")\"" and should have a value of: \""$l_kpvalue\""\n""
 fi
 done < <(grep -Po -- ""^\h*$l_kpname\h*=\h*\H+"" ""${A_out[@]}"")
 else
 l_output2=""$l_output2\n - \""$l_kpname\"" is not set in an included file\n ** Note: \""$l_kpname\"" May be set in a file that's ignored by load procedure **\n""
 fi
 }
 while IFS=""="" read -r l_kpname l_kpvalue; do # Assess and check parameters
 l_kpname=""${l_kpname// /}""; l_kpvalue=""${l_kpvalue// /}""
 if ! grep -Pqs '^\h*0\b' /sys/module/ipv6/parameters/disable && grep -q '^net.ipv6.' <<< ""$l_kpname""; then
 l_output=""$l_output\n - IPv6 is disabled on the system, \""$l_kpname\"" is not applicable""
 else
 kernel_parameter_chk
 fi
 done < <(printf '%s\n' ""${a_parlist[@]}"")
 if [ -z ""$l_output2"" ]; then # Provide output from checks
 echo -e ""\n- Audit Result:\n ** PASS **\n$l_output\n""
 else
 echo -e ""\n- Audit Result:\n ** FAIL **\n - Reason(s) for audit failure:\n$l_output2\n""
 [ -n ""$l_output"" ] && echo -e ""\n- Correctly set:\n$l_output\n""
 fi
}
```","Set the following parameter in `/etc/sysctl.conf` or a file in `/etc/sysctl.d/` ending in `.conf`:
- `net.ipv4.icmp_echo_ignore_broadcasts = 1`

_Example:_
```
# printf ""
net.ipv4.icmp_echo_ignore_broadcasts = 1
"" >> /etc/sysctl.d/60-netipv4_sysctl.conf
```

Run the following command to set the active kernel parameters:

```
# {
 sysctl -w net.ipv4.icmp_echo_ignore_broadcasts=1
 sysctl -w net.ipv4.route.flush=1
}
```

**Note:** If these settings appear in a conically later file, or later in the same file, these settings will be overwritten.","# [SABC] Red Hat family guidance — authored from the CIS AlmaLinux 8 Benchmark.
# (CIS AlmaLinux 8 §3.3.1.7 — Ensure net.ipv4.icmp_echo_ignore_broadcasts is configured)
```
#!/usr/bin/env bash

{
      l_parameter_name=""net.ipv4.icmp_echo_ignore_broadcasts""
      l_grep=""${l_parameter_name//./(\\.|\\/)}"" a_output=() a_files=()
      l_systemdsysctl=""$(readlink -e /lib/systemd/systemd-sysctl \
      || readlink -e /usr/lib/systemd/systemd-sysctl)""
      l_ufw_file=""$([ -f /etc/default/ufw ] && \
      awk -F= '/^\s*IPT_SYSCTL=/ {print $2}' /etc/default/ufw)""
      [ -f ""$(readlink -e ""$l_ufw_file"")"" ] && \
      a_files+=(""$l_ufw_file""); a_files+=(""/etc/sysctl.conf"")
      while IFS= read -r l_fname; do
         l_file=""$(readlink -e ""${l_fname//# /}"")""
         [ -n ""$l_file"" ] && ! grep -Psiq -- '(^|\h+)'""$l_file""'\b' \
         <<< ""${a_files[*]}"" && a_files+=(""$l_file"")
      done < <(""$l_systemdsysctl"" --cat-config | tac | \
      grep -Pio '^\h*#\h*\/[^#\n\r\h]+\.conf\b')
      for l_file in ""${a_files[@]}""; do
         l_opt=""$(grep -Poi '^\h*'""$l_grep""'\h*=\h*\H+\b' ""$l_file"" | tail -n
1)""
         l_option_value=""$(cut -d= -f2 <<< ""$l_opt"" | xargs)""
         [ -n ""$l_option_value"" ] && \
         a_output+=("" - \""$l_parameter_name = $l_option_value\"" is set in:"" \
         ""    \""$l_file\"""")
      done
      [ ""${#a_output[@]}"" -gt ""0"" ] && printf '%s\n' """" ""${a_output[@]}"" """"
}
Example output:
 - ""net.ipv4.icmp_echo_ignore_broadcasts = 1"" is set in: ""/etc/sysctl.d/60-
ipv4_sysctl.conf""
Note:

  •     This script looks at all files used by systemd sysctl.
  •     More information about these files and their location is available in the section
        overview.
  •     If multiple lines are returned:
            o The first line includes the value being used by systemd sysctl. If this is a
                correct value, this is considered a passing state. If the file listed is not in
                the /etc/sysctl.d/ directory, it is highly recommended to follow the
                remediation procedure to create a .conf file in the /etc/sysctl.d/
                directory with the correct setting to prevent a potential change due to an
                update to the system.
            o Any files in the /etc/sysctl.d/ directory that include an incorrect value
                should be modified to comment out or change the incorrect value to
                minimize the potential of the incorrect value being used by systemd
                sysctl due to system configuration changes.
  •     SYSTEM FILE PRECEDENCE
            o When using the --system option, sysctl will read files from directories in
                the following list in given order from top to bottom. Once a file of a given
                filename is loaded, any file of the same name in subsequent directories is
                ignored.
            o /etc/sysctl.d/*.conf /run/sysctl.d/*.conf
                /usr/local/lib/sysctl.d/*.conf /usr/lib/sysctl.d/*.conf
                /lib/sysctl.d/*.conf /etc/sysctl.conf
            o All configuration files are sorted in lexicographic order, regardless of the
                directory they reside in. Configuration files can either be completely
                replaced (by having a new configuration file with the same name in a
                directory of higher priority) or partially replaced (by having a configuration
                file that is ordered later)--
```","# [SABC] Red Hat family guidance — authored from the CIS AlmaLinux 8 Benchmark.
# (CIS AlmaLinux 8 §3.3.1.7 — Ensure net.ipv4.icmp_echo_ignore_broadcasts is configured)
```
#!/usr/bin/env bash

{
    l_option=""net.ipv4.icmp_echo_ignore_broadcasts"" l_value=""1""
    l_grep=""${l_option//./(\\.|\\/)}"" a_files=()
    l_systemdsysctl=""$(readlink -e /lib/systemd/systemd-sysctl \
    || readlink -e /usr/lib/systemd/systemd-sysctl)""
    l_ufw_file=""$([ -f /etc/default/ufw ] && \
    awk -F= '/^\s*IPT_SYSCTL=/ {print $2}' /etc/default/ufw)""
    [ -f ""$(readlink -e ""$l_ufw_file"")"" ] && \
    a_files+=(""$l_ufw_file""); a_files+=(""/etc/sysctl.conf"")
    while IFS= read -r l_fname; do
       l_file=""$(readlink -e ""${l_fname//# /}"")""
       [ -n ""$l_file"" ] && ! grep -Psiq -- '(^|\h+)'""$l_file""'\b' \
       <<< ""${a_files[*]}"" && a_files+=(""$l_file"")
    done < <(""$l_systemdsysctl"" --cat-config | tac | \
    grep -Pio -- '^\h*#\h*\/[^#\n\r\h]+\.conf\b')
    for l_file in ""${a_files[@]}""; do
       grep -Poi -- '\h*'""$l_grep""'\h*=\h*\H+\b' ""$l_file"" \
       | grep -Pivq -- '^\h*'""$l_grep""'\h*=\h*'""$l_value""'\b' && \
       sed -ri '/^\s*'""$l_grep""'\s*=\s*(0|[2-9]|1[0-9]+)/s/^/# /' ""$l_file""
    done
}

    2. Create or edit a file in the /etc/sysctl.d/ directory ending in .confand edit or
       add the following line:

net.ipv4.icmp_echo_ignore_broadcasts = 1
Example:
# [ ! -d ""/etc/sysctl.d/"" ] && mkdir -p /etc/sysctl.d/
# printf '%s\n' """" ""net.ipv4.icmp_echo_ignore_broadcasts = 1"" \
>> /etc/sysctl.d/60-ipv4_sysctl.conf
Note: If the UFW file was the first file listed in the audit, the entry will be commented out
as part of the first step, however updating Uncomplicated Firewall (UFW) may update
this change. In this case the updated entry will supersede the entry being created as
part of this step.

    3. Run the following command to load all sysctl configuration filles:

# sysctl --system
```"
JR2.C.3.3.6,jr2_c_3_3_6,control,Network Parameters (Host and Router),Ensure bogus ICMP responses are ignored.,debian;redhat,1,CIS-U22:3.3.6,icmp_ignore_bogus_error_responses = 1,"Setting `net.ipv4.icmp_ignore_bogus_error_responses` to `1` prevents the kernel from logging bogus responses (RFC-1122 non-compliant) from broadcast reframes, keeping file systems from filling up with useless log messages.",Some routers (and some attackers) will send responses that violate RFC-1122 and attempt to fill up a log file system with many useless error messages.,"Run the following script to verify the following kernel parameter is set in the running configuration and correctly loaded from a kernel parameter configuration file:
- `net.ipv4.icmp_ignore_bogus_error_responses` is set to `1`

**Note:** kernel parameters are loaded by file and parameter order precedence. The following script observes this precedence as part of the auditing procedure. The parameters being checked may be set correctly in a file. If that file is superseded, the parameter is overridden by an incorrect setting later in that file, or in a conically later file, that ""correct"" setting will be ignored both by the script and by the system during a normal kernel parameter load sequence.

```
#!/usr/bin/env bash

{
 l_output="""" l_output2=""""
 a_parlist=(""net.ipv4.icmp_ignore_bogus_error_responses=1"")
 l_ufwscf=""$([ -f /etc/default/ufw ] && awk -F= '/^\s*IPT_SYSCTL=/ {print $2}' /etc/default/ufw)""
 kernel_parameter_chk()
 { 
 l_krp=""$(sysctl ""$l_kpname"" | awk -F= '{print $2}' | xargs)"" # Check running configuration
 if [ ""$l_krp"" = ""$l_kpvalue"" ]; then
 l_output=""$l_output\n - \""$l_kpname\"" is correctly set to \""$l_krp\"" in the running configuration""
 else
 l_output2=""$l_output2\n - \""$l_kpname\"" is incorrectly set to \""$l_krp\"" in the running configuration and should have a value of: \""$l_kpvalue\""""
 fi
 unset A_out; declare -A A_out # Check durable setting (files)
 while read -r l_out; do
 if [ -n ""$l_out"" ]; then
 if [[ $l_out =~ ^\s*# ]]; then
 l_file=""${l_out//# /}""
 else
 l_kpar=""$(awk -F= '{print $1}' <<< ""$l_out"" | xargs)""
 [ ""$l_kpar"" = ""$l_kpname"" ] && A_out+=([""$l_kpar""]=""$l_file"")
 fi
 fi
 done < <(/usr/lib/systemd/systemd-sysctl --cat-config | grep -Po '^\h*([^#\n\r]+|#\h*\/[^#\n\r\h]+\.conf\b)')
 if [ -n ""$l_ufwscf"" ]; then # Account for systems with UFW (Not covered by systemd-sysctl --cat-config)
 l_kpar=""$(grep -Po ""^\h*$l_kpname\b"" ""$l_ufwscf"" | xargs)""
 l_kpar=""${l_kpar//\//.}""
 [ ""$l_kpar"" = ""$l_kpname"" ] && A_out+=([""$l_kpar""]=""$l_ufwscf"")
 fi
 if (( ${#A_out[@]} > 0 )); then # Assess output from files and generate output
 while IFS=""="" read -r l_fkpname l_fkpvalue; do
 l_fkpname=""${l_fkpname// /}""; l_fkpvalue=""${l_fkpvalue// /}""
 if [ ""$l_fkpvalue"" = ""$l_kpvalue"" ]; then
 l_output=""$l_output\n - \""$l_kpname\"" is correctly set to \""$l_fkpvalue\"" in \""$(printf '%s' ""${A_out[@]}"")\""\n""
 else
 l_output2=""$l_output2\n - \""$l_kpname\"" is incorrectly set to \""$l_fkpvalue\"" in \""$(printf '%s' ""${A_out[@]}"")\"" and should have a value of: \""$l_kpvalue\""\n""
 fi
 done < <(grep -Po -- ""^\h*$l_kpname\h*=\h*\H+"" ""${A_out[@]}"")
 else
 l_output2=""$l_output2\n - \""$l_kpname\"" is not set in an included file\n ** Note: \""$l_kpname\"" May be set in a file that's ignored by load procedure **\n""
 fi
 }
 while IFS=""="" read -r l_kpname l_kpvalue; do # Assess and check parameters
 l_kpname=""${l_kpname// /}""; l_kpvalue=""${l_kpvalue// /}""
 if ! grep -Pqs '^\h*0\b' /sys/module/ipv6/parameters/disable && grep -q '^net.ipv6.' <<< ""$l_kpname""; then
 l_output=""$l_output\n - IPv6 is disabled on the system, \""$l_kpname\"" is not applicable""
 else
 kernel_parameter_chk
 fi
 done < <(printf '%s\n' ""${a_parlist[@]}"")
 if [ -z ""$l_output2"" ]; then # Provide output from checks
 echo -e ""\n- Audit Result:\n ** PASS **\n$l_output\n""
 else
 echo -e ""\n- Audit Result:\n ** FAIL **\n - Reason(s) for audit failure:\n$l_output2\n""
 [ -n ""$l_output"" ] && echo -e ""\n- Correctly set:\n$l_output\n""
 fi
}
```","Set the following parameter in `/etc/sysctl.conf` or a file in `/etc/sysctl.d/` ending in `.conf`:
- `net.ipv4.icmp_ignore_bogus_error_responses = 1`

_Example:_
```
# printf ""
net.ipv4.icmp_ignore_bogus_error_responses = 1
"" >> /etc/sysctl.d/60-netipv4_sysctl.conf
```

Run the following command to set the active kernel parameters:
```
# {
 sysctl -w net.ipv4.icmp_ignore_bogus_error_responses=1
 sysctl -w net.ipv4.route.flush=1
}
```

**Note:** If these settings appear in a conically later file, or later in the same file, these settings will be overwritten.","# [SABC] Red Hat family guidance — authored from the CIS AlmaLinux 8 Benchmark.
# (CIS AlmaLinux 8 §3.3.1.6 — Ensure net.ipv4.icmp_ignore_bogus_error_responses is configured)
```
#!/usr/bin/env bash

{
      l_parameter_name=""net.ipv4.icmp_ignore_bogus_error_responses""
      l_grep=""${l_parameter_name//./(\\.|\\/)}"" a_output=() a_files=()
      l_systemdsysctl=""$(readlink -e /lib/systemd/systemd-sysctl \
      || readlink -e /usr/lib/systemd/systemd-sysctl)""
      l_ufw_file=""$([ -f /etc/default/ufw ] && \
      awk -F= '/^\s*IPT_SYSCTL=/ {print $2}' /etc/default/ufw)""
      [ -f ""$(readlink -e ""$l_ufw_file"")"" ] && \
      a_files+=(""$l_ufw_file""); a_files+=(""/etc/sysctl.conf"")
      while IFS= read -r l_fname; do
         l_file=""$(readlink -e ""${l_fname//# /}"")""
         [ -n ""$l_file"" ] && ! grep -Psiq -- '(^|\h+)'""$l_file""'\b' \
         <<< ""${a_files[*]}"" && a_files+=(""$l_file"")
      done < <(""$l_systemdsysctl"" --cat-config | tac | \
      grep -Pio '^\h*#\h*\/[^#\n\r\h]+\.conf\b')
      for l_file in ""${a_files[@]}""; do
         l_opt=""$(grep -Poi '^\h*'""$l_grep""'\h*=\h*\H+\b' ""$l_file"" | tail -n
1)""
         l_option_value=""$(cut -d= -f2 <<< ""$l_opt"" | xargs)""
         [ -n ""$l_option_value"" ] && \
         a_output+=("" - \""$l_parameter_name = $l_option_value\"" is set in:"" \
         ""    \""$l_file\"""")
      done
      [ ""${#a_output[@]}"" -gt ""0"" ] && printf '%s\n' """" ""${a_output[@]}"" """"
}
Example output:
 - ""net.ipv4.icmp_ignore_bogus_error_responses = 1"" is set in:
""/etc/sysctl.d/60-ipv4_sysctl.conf""
Note:

  •     This script looks at all files used by systemd sysctl.
  •     More information about these files and their location is available in the section
        overview.
  •     If multiple lines are returned:
            o The first line includes the value being used by systemd sysctl. If this is a
                correct value, this is considered a passing state. If the file listed is not in
                the /etc/sysctl.d/ directory, it is highly recommended to follow the
                remediation procedure to create a .conf file in the /etc/sysctl.d/
                directory with the correct setting to prevent a potential change due to an
                update to the system.
            o Any files in the /etc/sysctl.d/ directory that include an incorrect value
                should be modified to comment out or change the incorrect value to
                minimize the potential of the incorrect value being used by systemd
                sysctl due to system configuration changes.
  •     SYSTEM FILE PRECEDENCE
            o When using the --system option, sysctl will read files from directories in
                the following list in given order from top to bottom. Once a file of a given
                filename is loaded, any file of the same name in subsequent directories is
                ignored.
            o /etc/sysctl.d/*.conf /run/sysctl.d/*.conf
                /usr/local/lib/sysctl.d/*.conf /usr/lib/sysctl.d/*.conf
                /lib/sysctl.d/*.conf /etc/sysctl.conf
            o All configuration files are sorted in lexicographic order, regardless of the
                directory they reside in. Configuration files can either be completely
                replaced (by having a new configuration file with the same name in a
                directory of higher priority) or partially replaced (by having a configuration
                file that is ordered later)--
```","# [SABC] Red Hat family guidance — authored from the CIS AlmaLinux 8 Benchmark.
# (CIS AlmaLinux 8 §3.3.1.6 — Ensure net.ipv4.icmp_ignore_bogus_error_responses is configured)
```
#!/usr/bin/env bash

{
    l_option=""net.ipv4.icmp_ignore_bogus_error_responses"" l_value=""1""
    l_grep=""${l_option//./(\\.|\\/)}"" a_files=()
    l_systemdsysctl=""$(readlink -e /lib/systemd/systemd-sysctl \
    || readlink -e /usr/lib/systemd/systemd-sysctl)""
    l_ufw_file=""$([ -f /etc/default/ufw ] && \
    awk -F= '/^\s*IPT_SYSCTL=/ {print $2}' /etc/default/ufw)""
    [ -f ""$(readlink -e ""$l_ufw_file"")"" ] && \
    a_files+=(""$l_ufw_file""); a_files+=(""/etc/sysctl.conf"")
    while IFS= read -r l_fname; do
       l_file=""$(readlink -e ""${l_fname//# /}"")""
       [ -n ""$l_file"" ] && ! grep -Psiq -- '(^|\h+)'""$l_file""'\b' \
       <<< ""${a_files[*]}"" && a_files+=(""$l_file"")
    done < <(""$l_systemdsysctl"" --cat-config | tac | \
    grep -Pio -- '^\h*#\h*\/[^#\n\r\h]+\.conf\b')
    for l_file in ""${a_files[@]}""; do
       grep -Poi -- '\h*'""$l_grep""'\h*=\h*\H+\b' ""$l_file"" \
       | grep -Pivq -- '^\h*'""$l_grep""'\h*=\h*'""$l_value""'\b' && \
       sed -ri '/^\s*'""$l_grep""'\s*=\s*(0|[2-9]|1[0-9]+)/s/^/# /' ""$l_file""
    done
}
    2. Create or edit a file in the /etc/sysctl.d/ directory ending in .confand edit or
       add the following line:
net.ipv4.icmp_ignore_bogus_error_responses = 1
Example:
# [ ! -d ""/etc/sysctl.d/"" ] && mkdir -p /etc/sysctl.d/
# printf '%s\n' """" ""net.ipv4.icmp_ignore_bogus_error_responses = 1"" \
>> /etc/sysctl.d/60-ipv4_sysctl.conf
Note: If the UFW file was the first file listed in the audit, the entry will be commented out
as part of the first step, however updating Uncomplicated Firewall (UFW) may update
this change. In this case the updated entry will supersede the entry being created as
part of this step.

    3. Run the following command to load all sysctl configuration filles:

# sysctl --system
```"
JR2.C.3.3.7,jr2_c_3_3_7,control,Network Parameters (Host and Router),Ensure Reverse Path Filtering is enabled.,debian;redhat,1,CIS-U22:3.3.7,"net.ipv4.conf.all.rp_filter = 1
net.ipv4.conf.default.rp_filter = 1","Setting `net.ipv4.conf.all.rp_filter` and `net.ipv4.conf.default.rp_filter` to `1` forces the Linux kernel to utilize reverse path filtering on a received packet to determine if the packet was valid. Essentially, with reverse path filtering, if the return packet does not go out the same interface that the corresponding source packet came from, the packet is dropped (and logged if `log_martians` is set).","Setting `net.ipv4.conf.all.rp_filter` and `net.ipv4.conf.default.rp_filter` to `1` is a good way to deter attackers from sending your system bogus packets that cannot be responded to. One instance where this feature breaks down is if asymmetrical routing is employed. This would occur when using dynamic routing protocols (bgp, ospf, etc) on your system. If you are using asymmetrical routing on your system, you will not be able to enable this feature without breaking the routing.","Run the following script to verify the following kernel parameters are set in the running configuration and correctly loaded from a kernel parameter configuration file:
- `net.ipv4.conf.all.rp_filter` is set to `1`
- `net.ipv4.conf.default.rp_filter` is set to `1`

**Note:** kernel parameters are loaded by file and parameter order precedence. The following script observes this precedence as part of the auditing procedure. The parameters being checked may be set correctly in a file. If that file is superseded, the parameter is overridden by an incorrect setting later in that file, or in a conically later file, that ""correct"" setting will be ignored both by the script and by the system during a normal kernel parameter load sequence.

```
#!/usr/bin/env bash

{
 l_output="""" l_output2=""""
 a_parlist=(""net.ipv4.conf.all.rp_filter=1"" ""net.ipv4.conf.default.rp_filter=1"")
 l_ufwscf=""$([ -f /etc/default/ufw ] && awk -F= '/^\s*IPT_SYSCTL=/ {print $2}' /etc/default/ufw)""
 kernel_parameter_chk()
 { 
 l_krp=""$(sysctl ""$l_kpname"" | awk -F= '{print $2}' | xargs)"" # Check running configuration
 if [ ""$l_krp"" = ""$l_kpvalue"" ]; then
 l_output=""$l_output\n - \""$l_kpname\"" is correctly set to \""$l_krp\"" in the running configuration""
 else
 l_output2=""$l_output2\n - \""$l_kpname\"" is incorrectly set to \""$l_krp\"" in the running configuration and should have a value of: \""$l_kpvalue\""""
 fi
 unset A_out; declare -A A_out # Check durable setting (files)
 while read -r l_out; do
 if [ -n ""$l_out"" ]; then
 if [[ $l_out =~ ^\s*# ]]; then
 l_file=""${l_out//# /}""
 else
 l_kpar=""$(awk -F= '{print $1}' <<< ""$l_out"" | xargs)""
 [ ""$l_kpar"" = ""$l_kpname"" ] && A_out+=([""$l_kpar""]=""$l_file"")
 fi
 fi
 done < <(/usr/lib/systemd/systemd-sysctl --cat-config | grep -Po '^\h*([^#\n\r]+|#\h*\/[^#\n\r\h]+\.conf\b)')
 if [ -n ""$l_ufwscf"" ]; then # Account for systems with UFW (Not covered by systemd-sysctl --cat-config)
 l_kpar=""$(grep -Po ""^\h*$l_kpname\b"" ""$l_ufwscf"" | xargs)""
 l_kpar=""${l_kpar//\//.}""
 [ ""$l_kpar"" = ""$l_kpname"" ] && A_out+=([""$l_kpar""]=""$l_ufwscf"")
 fi
 if (( ${#A_out[@]} > 0 )); then # Assess output from files and generate output
 while IFS=""="" read -r l_fkpname l_fkpvalue; do
 l_fkpname=""${l_fkpname// /}""; l_fkpvalue=""${l_fkpvalue// /}""
 if [ ""$l_fkpvalue"" = ""$l_kpvalue"" ]; then
 l_output=""$l_output\n - \""$l_kpname\"" is correctly set to \""$l_fkpvalue\"" in \""$(printf '%s' ""${A_out[@]}"")\""\n""
 else
 l_output2=""$l_output2\n - \""$l_kpname\"" is incorrectly set to \""$l_fkpvalue\"" in \""$(printf '%s' ""${A_out[@]}"")\"" and should have a value of: \""$l_kpvalue\""\n""
 fi
 done < <(grep -Po -- ""^\h*$l_kpname\h*=\h*\H+"" ""${A_out[@]}"")
 else
 l_output2=""$l_output2\n - \""$l_kpname\"" is not set in an included file\n ** Note: \""$l_kpname\"" May be set in a file that's ignored by load procedure **\n""
 fi
 }
 while IFS=""="" read -r l_kpname l_kpvalue; do # Assess and check parameters
 l_kpname=""${l_kpname// /}""; l_kpvalue=""${l_kpvalue// /}""
 if ! grep -Pqs '^\h*0\b' /sys/module/ipv6/parameters/disable && grep -q '^net.ipv6.' <<< ""$l_kpname""; then
 l_output=""$l_output\n - IPv6 is disabled on the system, \""$l_kpname\"" is not applicable""
 else
 kernel_parameter_chk
 fi
 done < <(printf '%s\n' ""${a_parlist[@]}"")
 if [ -z ""$l_output2"" ]; then # Provide output from checks
 echo -e ""\n- Audit Result:\n ** PASS **\n$l_output\n""
 else
 echo -e ""\n- Audit Result:\n ** FAIL **\n - Reason(s) for audit failure:\n$l_output2\n""
 [ -n ""$l_output"" ] && echo -e ""\n- Correctly set:\n$l_output\n""
 fi
}
```","Set the following parameters in `/etc/sysctl.conf` or a file in `/etc/sysctl.d/` ending in `.conf`:
- `net.ipv4.conf.all.rp_filter = 1`
- `net.ipv4.conf.default.rp_filter = 1`

_Example:_
```
# printf ""
net.ipv4.conf.all.rp_filter = 1
net.ipv4.conf.default.rp_filter = 1
"" >> /etc/sysctl.d/60-netipv4_sysctl.conf
```

Run the following commands to set the active kernel parameters:

```
# {
 sysctl -w net.ipv4.conf.all.rp_filter=1
 sysctl -w net.ipv4.conf.default.rp_filter=1
 sysctl -w net.ipv4.route.flush=1
}
```

**Note:** If these settings appear in a conically later file, or later in the same file, these settings will be overwritten.","# [SABC] Red Hat family guidance — authored from the CIS AlmaLinux 8 Benchmark.
# (CIS AlmaLinux 8 §3.3.1.12 — Ensure net.ipv4.conf.all.rp_filter is configured)
```
#!/usr/bin/env bash

{
      l_parameter_name=""net.ipv4.conf.all.rp_filter""
      l_grep=""${l_parameter_name//./(\\.|\\/)}"" a_output=() a_files=()
      l_systemdsysctl=""$(readlink -e /lib/systemd/systemd-sysctl \
      || readlink -e /usr/lib/systemd/systemd-sysctl)""
      l_ufw_file=""$([ -f /etc/default/ufw ] && \
      awk -F= '/^\s*IPT_SYSCTL=/ {print $2}' /etc/default/ufw)""
      [ -f ""$(readlink -e ""$l_ufw_file"")"" ] && \
      a_files+=(""$l_ufw_file""); a_files+=(""/etc/sysctl.conf"")
      while IFS= read -r l_fname; do
         l_file=""$(readlink -e ""${l_fname//# /}"")""
         [ -n ""$l_file"" ] && ! grep -Psiq -- '(^|\h+)'""$l_file""'\b' \
         <<< ""${a_files[*]}"" && a_files+=(""$l_file"")
      done < <(""$l_systemdsysctl"" --cat-config | tac | \
      grep -Pio '^\h*#\h*\/[^#\n\r\h]+\.conf\b')
      for l_file in ""${a_files[@]}""; do
         l_opt=""$(grep -Poi '^\h*'""$l_grep""'\h*=\h*\H+\b' ""$l_file"" | tail -n
1)""
         l_option_value=""$(cut -d= -f2 <<< ""$l_opt"" | xargs)""
         [ -n ""$l_option_value"" ] && \
         a_output+=("" - \""$l_parameter_name = $l_option_value\"" is set in:"" \
         ""    \""$l_file\"""")
      done
      [ ""${#a_output[@]}"" -gt ""0"" ] && printf '%s\n' """" ""${a_output[@]}"" """"
}
Example output:
 - ""net.ipv4.conf.all.rp_filter = 1"" is set in: ""/etc/sysctl.d/60-
ipv4_sysctl.conf""
Note:

  •     This script looks at all files used by systemd sysctl.
  •     More information about these files and their location is available in the section
        overview.
  •     If multiple lines are returned:
            o The first line includes the value being used by systemd sysctl. If this is a
                correct value, this is considered a passing state. If the file listed is not in
                the /etc/sysctl.d/ directory, it is highly recommended to follow the
                remediation procedure to create a .conf file in the /etc/sysctl.d/
                directory with the correct setting to prevent a potential change due to an
                update to the system.
            o Any files in the /etc/sysctl.d/ directory that include an incorrect value
                should be modified to comment out or change the incorrect value to
                minimize the potential of the incorrect value being used by systemd
                sysctl due to system configuration changes.
  •     SYSTEM FILE PRECEDENCE
            o When using the --system option, sysctl will read files from directories in
                the following list in given order from top to bottom. Once a file of a given
                filename is loaded, any file of the same name in subsequent directories is
                ignored.
            o /etc/sysctl.d/*.conf /run/sysctl.d/*.conf
                /usr/local/lib/sysctl.d/*.conf /usr/lib/sysctl.d/*.conf
                /lib/sysctl.d/*.conf /etc/sysctl.conf
            o All configuration files are sorted in lexicographic order, regardless of the
                directory they reside in. Configuration files can either be completely
                replaced (by having a new configuration file with the same name in a
                directory of higher priority) or partially replaced (by having a configuration
                file that is ordered later)--
```","# [SABC] Red Hat family guidance — authored from the CIS AlmaLinux 8 Benchmark.
# (CIS AlmaLinux 8 §3.3.1.12 — Ensure net.ipv4.conf.all.rp_filter is configured)
```
#!/usr/bin/env bash

{
    l_option=""net.ipv4.conf.all.rp_filter"" l_value=""1""
    l_grep=""${l_option//./(\\.|\\/)}"" a_files=()
    l_systemdsysctl=""$(readlink -e /lib/systemd/systemd-sysctl \
    || readlink -e /usr/lib/systemd/systemd-sysctl)""
    l_ufw_file=""$([ -f /etc/default/ufw ] && \
    awk -F= '/^\s*IPT_SYSCTL=/ {print $2}' /etc/default/ufw)""
    [ -f ""$(readlink -e ""$l_ufw_file"")"" ] && \
    a_files+=(""$l_ufw_file""); a_files+=(""/etc/sysctl.conf"")
    while IFS= read -r l_fname; do
       l_file=""$(readlink -e ""${l_fname//# /}"")""
       [ -n ""$l_file"" ] && ! grep -Psiq -- '(^|\h+)'""$l_file""'\b' \
       <<< ""${a_files[*]}"" && a_files+=(""$l_file"")
    done < <(""$l_systemdsysctl"" --cat-config | tac | \
    grep -Pio -- '^\h*#\h*\/[^#\n\r\h]+\.conf\b')
    for l_file in ""${a_files[@]}""; do
       grep -Poi -- '\h*'""$l_grep""'\h*=\h*\H+\b' ""$l_file"" \
       | grep -Pivq -- '^\h*'""$l_grep""'\h*=\h*'""$l_value""'\b' && \
       sed -ri '/^\s*'""$l_grep""'\s*=\s*(0|[2-9]|1[0-9]+)/s/^/# /' ""$l_file""
    done
}

    2. Create or edit a file in the /etc/sysctl.d/ directory ending in .confand edit or
       add the following line:

net.ipv4.conf.all.rp_filter = 1
Example:
# [ ! -d ""/etc/sysctl.d/"" ] && mkdir -p /etc/sysctl.d/
# printf '%s\n' """" ""net.ipv4.conf.all.rp_filter = 1"" \
>> /etc/sysctl.d/60-ipv4_sysctl.conf
Note: If the UFW file was the first file listed in the audit, the entry will be commented out
as part of the first step, however updating Uncomplicated Firewall (UFW) may update
this change. In this case the updated entry will supersede the entry being created as
part of this step.

    3. Run the following command to load all sysctl configuration filles:

# sysctl --system
```"
JR2.C.3.3.8,jr2_c_3_3_8,control,Network Parameters (Host and Router),Ensure TCP SYN Cookies is enabled.,debian;redhat,1,CIS-U22:3.3.8,net.ipv4.tcp_syncookies = 1,"When `tcp_syncookies` is set, the kernel will handle TCP SYN packets normally until the half-open connection queue is full, at which time, the SYN cookie functionality kicks in. SYN cookies work by not using the SYN queue at all. Instead, the kernel simply replies to the SYN with a SYN|ACK, but will include a specially crafted TCP sequence number that encodes the source and destination IP address and port number and the time the packet was sent. A legitimate connection would send the ACK packet of the three way handshake with the specially crafted sequence number. This allows the system to verify that it has received a valid response to a SYN cookie and allow the connection, even though there is no corresponding SYN in the queue.","Attackers use SYN flood attacks to perform a denial of service attacked on a system by sending many SYN packets without completing the three way handshake. This will quickly use up slots in the kernel's half-open connection queue and prevent legitimate connections from succeeding. Setting `net.ipv4.tcp_syncookies` to `1` enables SYN cookies, allowing the system to keep accepting valid connections, even if under a denial of service attack.","Run the following script to verify the following kernel parameter is set in the running configuration and correctly loaded from a kernel parameter configuration file:
- `net.ipv4.tcp_syncookies` is set to `1`

**Note:** kernel parameters are loaded by file and parameter order precedence. The following script observes this precedence as part of the auditing procedure. The parameters being checked may be set correctly in a file. If that file is superseded, the parameter is overridden by an incorrect setting later in that file, or in a conically later file, that ""correct"" setting will be ignored both by the script and by the system during a normal kernel parameter load sequence.

```
#!/usr/bin/env bash

{
 l_output="""" l_output2=""""
 a_parlist=(""net.ipv4.tcp_syncookies=1"")
 l_ufwscf=""$([ -f /etc/default/ufw ] && awk -F= '/^\s*IPT_SYSCTL=/ {print $2}' /etc/default/ufw)""
 kernel_parameter_chk()
 { 
 l_krp=""$(sysctl ""$l_kpname"" | awk -F= '{print $2}' | xargs)"" # Check running configuration
 if [ ""$l_krp"" = ""$l_kpvalue"" ]; then
 l_output=""$l_output\n - \""$l_kpname\"" is correctly set to \""$l_krp\"" in the running configuration""
 else
 l_output2=""$l_output2\n - \""$l_kpname\"" is incorrectly set to \""$l_krp\"" in the running configuration and should have a value of: \""$l_kpvalue\""""
 fi
 unset A_out; declare -A A_out # Check durable setting (files)
 while read -r l_out; do
 if [ -n ""$l_out"" ]; then
 if [[ $l_out =~ ^\s*# ]]; then
 l_file=""${l_out//# /}""
 else
 l_kpar=""$(awk -F= '{print $1}' <<< ""$l_out"" | xargs)""
 [ ""$l_kpar"" = ""$l_kpname"" ] && A_out+=([""$l_kpar""]=""$l_file"")
 fi
 fi
 done < <(/usr/lib/systemd/systemd-sysctl --cat-config | grep -Po '^\h*([^#\n\r]+|#\h*\/[^#\n\r\h]+\.conf\b)')
 if [ -n ""$l_ufwscf"" ]; then # Account for systems with UFW (Not covered by systemd-sysctl --cat-config)
 l_kpar=""$(grep -Po ""^\h*$l_kpname\b"" ""$l_ufwscf"" | xargs)""
 l_kpar=""${l_kpar//\//.}""
 [ ""$l_kpar"" = ""$l_kpname"" ] && A_out+=([""$l_kpar""]=""$l_ufwscf"")
 fi
 if (( ${#A_out[@]} > 0 )); then # Assess output from files and generate output
 while IFS=""="" read -r l_fkpname l_fkpvalue; do
 l_fkpname=""${l_fkpname// /}""; l_fkpvalue=""${l_fkpvalue// /}""
 if [ ""$l_fkpvalue"" = ""$l_kpvalue"" ]; then
 l_output=""$l_output\n - \""$l_kpname\"" is correctly set to \""$l_fkpvalue\"" in \""$(printf '%s' ""${A_out[@]}"")\""\n""
 else
 l_output2=""$l_output2\n - \""$l_kpname\"" is incorrectly set to \""$l_fkpvalue\"" in \""$(printf '%s' ""${A_out[@]}"")\"" and should have a value of: \""$l_kpvalue\""\n""
 fi
 done < <(grep -Po -- ""^\h*$l_kpname\h*=\h*\H+"" ""${A_out[@]}"")
 else
 l_output2=""$l_output2\n - \""$l_kpname\"" is not set in an included file\n ** Note: \""$l_kpname\"" May be set in a file that's ignored by load procedure **\n""
 fi
 }
 while IFS=""="" read -r l_kpname l_kpvalue; do # Assess and check parameters
 l_kpname=""${l_kpname// /}""; l_kpvalue=""${l_kpvalue// /}""
 if ! grep -Pqs '^\h*0\b' /sys/module/ipv6/parameters/disable && grep -q '^net.ipv6.' <<< ""$l_kpname""; then
 l_output=""$l_output\n - IPv6 is disabled on the system, \""$l_kpname\"" is not applicable""
 else
 kernel_parameter_chk
 fi
 done < <(printf '%s\n' ""${a_parlist[@]}"")
 if [ -z ""$l_output2"" ]; then # Provide output from checks
 echo -e ""\n- Audit Result:\n ** PASS **\n$l_output\n""
 else
 echo -e ""\n- Audit Result:\n ** FAIL **\n - Reason(s) for audit failure:\n$l_output2\n""
 [ -n ""$l_output"" ] && echo -e ""\n- Correctly set:\n$l_output\n""
 fi
}
```","Set the following parameter in `/etc/sysctl.conf` or a file in `/etc/sysctl.d/` ending in `.conf`:
- `net.ipv4.tcp_syncookies = 1`

_Example:_
```
# printf ""
net.ipv4.tcp_syncookies = 1
"" >> /etc/sysctl.d/60-netipv4_sysctl.conf
```

Run the following command to set the active kernel parameters:
```
# {
 sysctl -w net.ipv4.tcp_syncookies=1
 sysctl -w net.ipv4.route.flush=1
}
```

**Note:** If these settings appear in a conically later file, or later in the same file, these settings will be overwritten.","# [SABC] Red Hat family guidance — authored from the CIS AlmaLinux 8 Benchmark.
# (CIS AlmaLinux 8 §3.3.1.18 — Ensure net.ipv4.tcp_syncookies is configured)
```
#!/usr/bin/env bash

{
      l_parameter_name=""net.ipv4.tcp_syncookies""
      l_grep=""${l_parameter_name//./(\\.|\\/)}"" a_output=() a_files=()
      l_systemdsysctl=""$(readlink -e /lib/systemd/systemd-sysctl \
      || readlink -e /usr/lib/systemd/systemd-sysctl)""
      l_ufw_file=""$([ -f /etc/default/ufw ] && \
      awk -F= '/^\s*IPT_SYSCTL=/ {print $2}' /etc/default/ufw)""
      [ -f ""$(readlink -e ""$l_ufw_file"")"" ] && \
      a_files+=(""$l_ufw_file""); a_files+=(""/etc/sysctl.conf"")
      while IFS= read -r l_fname; do
         l_file=""$(readlink -e ""${l_fname//# /}"")""
         [ -n ""$l_file"" ] && ! grep -Psiq -- '(^|\h+)'""$l_file""'\b' \
         <<< ""${a_files[*]}"" && a_files+=(""$l_file"")
      done < <(""$l_systemdsysctl"" --cat-config | tac | \
      grep -Pio '^\h*#\h*\/[^#\n\r\h]+\.conf\b')
      for l_file in ""${a_files[@]}""; do
         l_opt=""$(grep -Poi '^\h*'""$l_grep""'\h*=\h*\H+\b' ""$l_file"" | tail -n
1)""
         l_option_value=""$(cut -d= -f2 <<< ""$l_opt"" | xargs)""
         [ -n ""$l_option_value"" ] && \
         a_output+=("" - \""$l_parameter_name = $l_option_value\"" is set in:"" \
         ""    \""$l_file\"""")
      done
      [ ""${#a_output[@]}"" -gt ""0"" ] && printf '%s\n' """" ""${a_output[@]}"" """"
}
Example output:
 - ""net.ipv4.tcp_syncookies = 1"" is set in: ""/etc/sysctl.d/60-
ipv4_sysctl.conf""
Note:

  •     This script looks at all files used by systemd sysctl.
  •     More information about these files and their location is available in the section
        overview.
  •     If multiple lines are returned:
            o The first line includes the value being used by systemd sysctl. If this is a
                correct value, this is considered a passing state. If the file listed is not in
                the /etc/sysctl.d/ directory, it is highly recommended to follow the
                remediation procedure to create a .conf file in the /etc/sysctl.d/
                directory with the correct setting to prevent a potential change due to an
                update to the system.
            o Any files in the /etc/sysctl.d/ directory that include an incorrect value
                should be modified to comment out or change the incorrect value to
                minimize the potential of the incorrect value being used by systemd
                sysctl due to system configuration changes.
  •     SYSTEM FILE PRECEDENCE
            o When using the --system option, sysctl will read files from directories in
                the following list in given order from top to bottom. Once a file of a given
                filename is loaded, any file of the same name in subsequent directories is
                ignored.
            o /etc/sysctl.d/*.conf /run/sysctl.d/*.conf
                /usr/local/lib/sysctl.d/*.conf /usr/lib/sysctl.d/*.conf
                /lib/sysctl.d/*.conf /etc/sysctl.conf
            o All configuration files are sorted in lexicographic order, regardless of the
                directory they reside in. Configuration files can either be completely
                replaced (by having a new configuration file with the same name in a
                directory of higher priority) or partially replaced (by having a configuration
                file that is ordered later)--
```","# [SABC] Red Hat family guidance — authored from the CIS AlmaLinux 8 Benchmark.
# (CIS AlmaLinux 8 §3.3.1.18 — Ensure net.ipv4.tcp_syncookies is configured)
```
#!/usr/bin/env bash

{
    l_option=""net.ipv4.tcp_syncookies"" l_value=""1""
    l_grep=""${l_option//./(\\.|\\/)}"" a_files=()
    l_systemdsysctl=""$(readlink -e /lib/systemd/systemd-sysctl \
    || readlink -e /usr/lib/systemd/systemd-sysctl)""
    l_ufw_file=""$([ -f /etc/default/ufw ] && \
    awk -F= '/^\s*IPT_SYSCTL=/ {print $2}' /etc/default/ufw)""
    [ -f ""$(readlink -e ""$l_ufw_file"")"" ] && \
    a_files+=(""$l_ufw_file""); a_files+=(""/etc/sysctl.conf"")
    while IFS= read -r l_fname; do
       l_file=""$(readlink -e ""${l_fname//# /}"")""
       [ -n ""$l_file"" ] && ! grep -Psiq -- '(^|\h+)'""$l_file""'\b' \
       <<< ""${a_files[*]}"" && a_files+=(""$l_file"")
    done < <(""$l_systemdsysctl"" --cat-config | tac | \
    grep -Pio -- '^\h*#\h*\/[^#\n\r\h]+\.conf\b')
    for l_file in ""${a_files[@]}""; do
       grep -Poi -- '\h*'""$l_grep""'\h*=\h*\H+\b' ""$l_file"" \
       | grep -Pivq -- '^\h*'""$l_grep""'\h*=\h*'""$l_value""'\b' && \
       sed -ri '/^\s*'""$l_grep""'\s*=\s*(0|[2-9]|1[0-9]+)/s/^/# /' ""$l_file""
    done
}

    2. Create or edit a file in the /etc/sysctl.d/ directory ending in .confand edit or
       add the following line:

net.ipv4.tcp_syncookies = 1
Example:
# [ ! -d ""/etc/sysctl.d/"" ] && mkdir -p /etc/sysctl.d/
# printf '%s\n' """" ""net.ipv4.tcp_syncookies = 1"" >> /etc/sysctl.d/60-
ipv4_sysctl.conf
Note: If the UFW file was the first file listed in the audit, the entry will be commented out
as part of the first step, however updating Uncomplicated Firewall (UFW) may update
this change. In this case the updated entry will supersede the entry being created as
part of this step.

    3. Run the following command to load all sysctl configuration filles:

# sysctl --system
```"
JR2.C.3.3.9,jr2_c_3_3_9,control,Network Parameters (Host and Router),Ensure IPv6 router advertisements are not accepted.,debian;redhat,1,CIS-U22:3.3.9,"net.ipv6.conf.all.accept_ra = 0
net.ipv6.conf.default.accept_ra = 0",This setting disables the system's ability to accept IPv6 router advertisements.,It is recommended that systems do not accept router advertisements as they could be tricked into routing traffic to compromised machines. Setting hard routes within the system (usually a single default route to a trusted router) protects the system from bad routes. Setting `net.ipv6.conf.all.accept_ra` and `net.ipv6.conf.default.accept_ra` to `0` disables the system's ability to accept IPv6 router advertisements.,"Run the following script to verify the following kernel parameters are set in the running configuration and correctly loaded from a kernel parameter configuration file:
- `net.ipv6.conf.all.accept_ra` is set to `0`
- `net.ipv6.conf.default.accept_ra` is set to `0`

**Note:** 
- kernel parameters are loaded by file and parameter order precedence. The following script observes this precedence as part of the auditing procedure. The parameters being checked may be set correctly in a file. If that file is superseded, the parameter is overridden by an incorrect setting later in that file, or in a conically later file, that ""correct"" setting will be ignored both by the script and by the system during a normal kernel parameter load sequence.
- IPv6 kernel parameters only apply to systems where IPv6 is enabled 

```
#!/usr/bin/env bash

{
 l_output="""" l_output2=""""
 a_parlist=(""net.ipv6.conf.all.accept_ra=0"" ""net.ipv6.conf.default.accept_ra=0"")
 l_ufwscf=""$([ -f /etc/default/ufw ] && awk -F= '/^\s*IPT_SYSCTL=/ {print $2}' /etc/default/ufw)""
 kernel_parameter_chk()
 { 
 l_krp=""$(sysctl ""$l_kpname"" | awk -F= '{print $2}' | xargs)"" # Check running configuration
 if [ ""$l_krp"" = ""$l_kpvalue"" ]; then
 l_output=""$l_output\n - \""$l_kpname\"" is correctly set to \""$l_krp\"" in the running configuration""
 else
 l_output2=""$l_output2\n - \""$l_kpname\"" is incorrectly set to \""$l_krp\"" in the running configuration and should have a value of: \""$l_kpvalue\""""
 fi
 unset A_out; declare -A A_out # Check durable setting (files)
 while read -r l_out; do
 if [ -n ""$l_out"" ]; then
 if [[ $l_out =~ ^\s*# ]]; then
 l_file=""${l_out//# /}""
 else
 l_kpar=""$(awk -F= '{print $1}' <<< ""$l_out"" | xargs)""
 [ ""$l_kpar"" = ""$l_kpname"" ] && A_out+=([""$l_kpar""]=""$l_file"")
 fi
 fi
 done < <(/usr/lib/systemd/systemd-sysctl --cat-config | grep -Po '^\h*([^#\n\r]+|#\h*\/[^#\n\r\h]+\.conf\b)')
 if [ -n ""$l_ufwscf"" ]; then # Account for systems with UFW (Not covered by systemd-sysctl --cat-config)
 l_kpar=""$(grep -Po ""^\h*$l_kpname\b"" ""$l_ufwscf"" | xargs)""
 l_kpar=""${l_kpar//\//.}""
 [ ""$l_kpar"" = ""$l_kpname"" ] && A_out+=([""$l_kpar""]=""$l_ufwscf"")
 fi
 if (( ${#A_out[@]} > 0 )); then # Assess output from files and generate output
 while IFS=""="" read -r l_fkpname l_fkpvalue; do
 l_fkpname=""${l_fkpname// /}""; l_fkpvalue=""${l_fkpvalue// /}""
 if [ ""$l_fkpvalue"" = ""$l_kpvalue"" ]; then
 l_output=""$l_output\n - \""$l_kpname\"" is correctly set to \""$l_fkpvalue\"" in \""$(printf '%s' ""${A_out[@]}"")\""\n""
 else
 l_output2=""$l_output2\n - \""$l_kpname\"" is incorrectly set to \""$l_fkpvalue\"" in \""$(printf '%s' ""${A_out[@]}"")\"" and should have a value of: \""$l_kpvalue\""\n""
 fi
 done < <(grep -Po -- ""^\h*$l_kpname\h*=\h*\H+"" ""${A_out[@]}"")
 else
 l_output2=""$l_output2\n - \""$l_kpname\"" is not set in an included file\n ** Note: \""$l_kpname\"" May be set in a file that's ignored by load procedure **\n""
 fi
 }
 while IFS=""="" read -r l_kpname l_kpvalue; do # Assess and check parameters
 l_kpname=""${l_kpname// /}""; l_kpvalue=""${l_kpvalue// /}""
 if ! grep -Pqs '^\h*0\b' /sys/module/ipv6/parameters/disable && grep -q '^net.ipv6.' <<< ""$l_kpname""; then
 l_output=""$l_output\n - IPv6 is disabled on the system, \""$l_kpname\"" is not applicable""
 else
 kernel_parameter_chk
 fi
 done < <(printf '%s\n' ""${a_parlist[@]}"")
 if [ -z ""$l_output2"" ]; then # Provide output from checks
 echo -e ""\n- Audit Result:\n ** PASS **\n$l_output\n""
 else
 echo -e ""\n- Audit Result:\n ** FAIL **\n - Reason(s) for audit failure:\n$l_output2\n""
 [ -n ""$l_output"" ] && echo -e ""\n- Correctly set:\n$l_output\n""
 fi
}
```","**-IF-** IPv6 is enabled on the system:

Set the following parameters in `/etc/sysctl.conf` or a file in `/etc/sysctl.d/` ending in `.conf`:
- `net.ipv6.conf.all.accept_ra = 0`
- `net.ipv6.conf.default.accept_ra = 0`

_Example:_
```
# printf ""
net.ipv6.conf.all.accept_ra = 0
net.ipv6.conf.default.accept_ra = 0
"" >> /etc/sysctl.d/60-netipv6_sysctl.conf
```

Run the following command to set the active kernel parameters:
```
# {
 sysctl -w net.ipv6.conf.all.accept_ra=0
 sysctl -w net.ipv6.conf.default.accept_ra=0
 sysctl -w net.ipv6.route.flush=1
}
```

**Note:** If these settings appear in a conically later file, or later in the same file, these settings will be overwritten.","# [SABC] Red Hat family guidance — authored from the CIS AlmaLinux 8 Benchmark.
# (CIS AlmaLinux 8 §3.3.2.7 — Ensure net.ipv6.conf.all.accept_ra is configured)
```
#!/usr/bin/env bash

{
      l_parameter_name=""net.ipv6.conf.all.accept_ra""
      l_grep=""${l_parameter_name//./(\\.|\\/)}"" a_output=() a_files=()
      l_systemdsysctl=""$(readlink -e /lib/systemd/systemd-sysctl \
      || readlink -e /usr/lib/systemd/systemd-sysctl)""
      l_ufw_file=""$([ -f /etc/default/ufw ] && \
      awk -F= '/^\s*IPT_SYSCTL=/ {print $2}' /etc/default/ufw)""
      [ -f ""$(readlink -e ""$l_ufw_file"")"" ] && \
      a_files+=(""$l_ufw_file""); a_files+=(""/etc/sysctl.conf"")
      while IFS= read -r l_fname; do
         l_file=""$(readlink -e ""${l_fname//# /}"")""
         [ -n ""$l_file"" ] && ! grep -Psiq -- '(^|\h+)'""$l_file""'\b' \
         <<< ""${a_files[*]}"" && a_files+=(""$l_file"")
      done < <(""$l_systemdsysctl"" --cat-config | tac | \
      grep -Pio '^\h*#\h*\/[^#\n\r\h]+\.conf\b')
      for l_file in ""${a_files[@]}""; do
         l_opt=""$(grep -Poi '^\h*'""$l_grep""'\h*=\h*\H+\b' ""$l_file"" | tail -n
1)""
         l_option_value=""$(cut -d= -f2 <<< ""$l_opt"" | xargs)""
         [ -n ""$l_option_value"" ] && \
         a_output+=("" - \""$l_parameter_name = $l_option_value\"" is set in:"" \
         ""    \""$l_file\"""")
      done
      [ ""${#a_output[@]}"" -gt ""0"" ] && printf '%s\n' """" ""${a_output[@]}"" """"
}
Example output:
 - ""net.ipv6.conf.all.accept_ra = 0"" is set in: ""/etc/sysctl.d/60-
ipv6_sysctl.conf""
Note:

  •     This script looks at all files used by systemd sysctl.
  •     More information about these files and their location is available in the section
        overview.
  •     If multiple lines are returned:
            o The first line includes the value being used by systemd sysctl. If this is a
                correct value, this is considered a passing state. If the file listed is not in
                the /etc/sysctl.d/ directory, it is highly recommended to follow the
                remediation procedure to create a .conf file in the /etc/sysctl.d/
                directory with the correct setting to prevent a potential change due to an
                update to the system.
            o Any files in the /etc/sysctl.d/ directory that include an incorrect value
                should be modified to comment out or change the incorrect value to
                minimize the potential of the incorrect value being used by systemd
                sysctl due to system configuration changes.
  •     SYSTEM FILE PRECEDENCE
            o When using the --system option, sysctl will read files from directories in
                the following list in given order from top to bottom. Once a file of a given
                filename is loaded, any file of the same name in subsequent directories is
                ignored.
            o /etc/sysctl.d/*.conf /run/sysctl.d/*.conf
                /usr/local/lib/sysctl.d/*.conf /usr/lib/sysctl.d/*.conf
                /lib/sysctl.d/*.conf /etc/sysctl.conf
            o All configuration files are sorted in lexicographic order, regardless of the
                directory they reside in. Configuration files can either be completely
                replaced (by having a new configuration file with the same name in a
                directory of higher priority) or partially replaced (by having a configuration
                file that is ordered later)--
```","# [SABC] Red Hat family guidance — authored from the CIS AlmaLinux 8 Benchmark.
# (CIS AlmaLinux 8 §3.3.2.7 — Ensure net.ipv6.conf.all.accept_ra is configured)
```
#!/usr/bin/env bash

{
    l_option=""net.ipv6.conf.all.accept_ra"" l_value=""0""
    l_grep=""${l_option//./(\\.|\\/)}"" a_files=()
    l_systemdsysctl=""$(readlink -e /lib/systemd/systemd-sysctl \
    || readlink -e /usr/lib/systemd/systemd-sysctl)""
    l_ufw_file=""$([ -f /etc/default/ufw ] && \
    awk -F= '/^\s*IPT_SYSCTL=/ {print $2}' /etc/default/ufw)""
    [ -f ""$(readlink -e ""$l_ufw_file"")"" ] && \
    a_files+=(""$l_ufw_file""); a_files+=(""/etc/sysctl.conf"")
    while IFS= read -r l_fname; do
       l_file=""$(readlink -e ""${l_fname//# /}"")""
       [ -n ""$l_file"" ] && ! grep -Psiq -- '(^|\h+)'""$l_file""'\b' \
       <<< ""${a_files[*]}"" && a_files+=(""$l_file"")
    done < <(""$l_systemdsysctl"" --cat-config | tac | \
    grep -Pio -- '^\h*#\h*\/[^#\n\r\h]+\.conf\b')
    for l_file in ""${a_files[@]}""; do
       grep -Poi -- '\h*'""$l_grep""'\h*=\h*\H+\b' ""$l_file"" \
       | grep -Pivq -- '^\h*'""$l_grep""'\h*=\h*'""$l_value""'\b' && \
       sed -ri '/^\s*'""$l_grep""'\s*=\s*(1[0-9]*)/s/^/# /' ""$l_file""
    done
}

    2. Create or edit a file in the /etc/sysctl.d/ directory ending in .confand edit or
       add the following line:

net.ipv6.conf.all.accept_ra = 0
Example:
# [ ! -d ""/etc/sysctl.d/"" ] && mkdir -p /etc/sysctl.d/
# printf '%s\n' """" ""net.ipv6.conf.all.accept_ra = 0"" >> /etc/sysctl.d/60-
ipv6_sysctl.conf
Note: If the UFW file was the first file listed in the audit, the entry will be commented out
as part of the first step, however updating Uncomplicated Firewall (UFW) may update
this change. In this case the updated entry will supersede the entry being created as
part of this step.

    3. Run the following command to load all sysctl configuration filles:

# sysctl --system
```"
JR2.C.3.4.0,jr2_c_3_4_0,section,Firewall Configuration,Firewall Configuration,debian;redhat,,,,"A firewall is a set of rules. When a data packet moves into or out of a protected network space, its contents (in particular, information about its origin, target, and the protocol it plans to use) are tested against the firewall rules to see if it should be allowed through

To provide a Host Based Firewall, the Linux kernel includes support for:
 - Netfilter - A set of hooks inside the Linux kernel that allows kernel modules to register callback functions with the network stack. A registered callback function is then called back for every packet that traverses the respective hook within the network stack. Includes the ip_tables, ip6_tables, arp_tables, and ebtables kernel modules. These modules are some of the significant parts of the Netfilter hook system.
 - nftables - A subsystem of the Linux kernel providing filtering and classification of network packets/datagrams/frames. nftables is supposed to replace certain parts of Netfilter, while keeping and reusing most of it. nftables utilizes the building blocks of the Netfilter infrastructure, such as the existing hooks into the networking stack, connection tracking system, userspace queueing component, and logging subsystem. _Is available in Linux kernels 3.13 and newer_.

In order to configure firewall rules for Netfilter or nftables, a firewall utility needs to be installed. Guidance has been included for the following firewall utilities:
 - UncomplicatedFirewall (ufw) - Provides firewall features by acting as a front-end for the Linux kernel's netfilter framework via the iptables backend. `ufw` supports both IPv4 and IPv6 networks
 - nftables - Includes the nft utility for configuration of the nftables subsystem of the Linux kernel
 - iptables - Includes the iptables, ip6tables, arptables and ebtables utilities for configuration Netfilter and the ip_tables, ip6_tables, arp_tables, and ebtables kernel modules.

**Note:**
- Only **one** method should be used to configure a firewall on the system. Use of more than one method could produce unexpected results
- This section is intended only to ensure the resulting firewall rules are in place, not how they are configured.",,,,,
JR2.C.3.4.1.0,jr2_c_3_4_1_0,section,Firewall Configuration,Configure UncomplicatedFirewall.,debian;redhat,,,,"**If nftables or iptables are being used in your environment, please follow the guidance in their respective section and pass-over the guidance in this section.**

Uncomplicated Firewall (UFW) is a program for managing a netfilter firewall designed to be easy to use. 
- Uses a command-line interface consisting of a small number of simple commands
- Uses iptables for configuration
- Rules are processed until first matching rule. The first matching rule will be applied.

**Note:**
- Configuration of a live system's firewall directly over a remote connection will often result in being locked out
- Rules should be ordered so that `ALLOW` rules come before `DENY` rules.",,,,,
JR2.C.3.4.1.1,jr2_c_3_4_1_1,control,Configure UncomplicatedFirewall,Ensure ufw is installed.,debian;redhat,1,CIS-U22:3.4.1.1,Must be installed.,"The Uncomplicated Firewall (ufw) is a frontend for iptables and is particularly well-suited for host-based firewalls. ufw provides a framework for managing netfilter, as well as a command-line interface for manipulating the firewall.","A firewall utility is required to configure the Linux kernel's netfilter framework via the iptables or nftables back-end.

The Linux kernel's netfilter framework host-based firewall can protect against threats originating from within a corporate network to include malicious mobile code and poorly configured software on a host.

**Note:** Only one firewall utility should be installed and configured. `UFW` is dependent on the iptables package.","Run the following command to verify that Uncomplicated Firewall (UFW) is installed:

```
# dpkg-query -W -f='${binary:Package}\t${Status}\t${db:Status-Status}\n' ufw

ufw install ok installed installed
```","Run the following command to install Uncomplicated Firewall (UFW):

```
apt install ufw
```","# [SABC] Not applicable on the Red Hat family — no CIS AlmaLinux 8 equivalent for this Debian-specific control.
```
#!/usr/bin/env bash
exit 101
```","# [SABC] Not applicable on the Red Hat family — no CIS AlmaLinux 8 equivalent for this Debian-specific control.
"
JR2.C.3.4.1.2,jr2_c_3_4_1_2,control,Configure UncomplicatedFirewall,Ensure iptables-persistent is not installed with ufw.,debian;redhat,1,CIS-U22:3.4.1.2,Must not be installed if ufw is installed.,"The `iptables-persistent` is a boot-time loader for netfilter rules, iptables plugin.",Running both `ufw` and the services included in the iptables-persistent package may lead to conflict.,"Verify iptables-persistent is not installed alongside ufw (not applicable when ufw is not installed).

```bash
#!/bin/bash
dpkg-query -W ufw >/dev/null 2>&1 || exit 101
dpkg-query -W iptables-persistent >/dev/null 2>&1 && exit 1
exit 0
```","Purge iptables-persistent when ufw is the firewall.

```bash
#!/bin/bash
dpkg-query -W ufw >/dev/null 2>&1 || exit 0
dpkg-query -W iptables-persistent >/dev/null 2>&1 || exit 0
DEBIAN_FRONTEND=noninteractive apt-get -y purge iptables-persistent >/dev/null
exit 0
```","# [SABC] Not applicable on the Red Hat family — no CIS AlmaLinux 8 equivalent for this Debian-specific control.
```
#!/usr/bin/env bash
exit 101
```","# [SABC] Not applicable on the Red Hat family — no CIS AlmaLinux 8 equivalent for this Debian-specific control.
"
JR2.C.3.4.1.3,jr2_c_3_4_1_3,control,Configure UncomplicatedFirewall,Ensure ufw service is enabled.,debian;redhat,1,CIS-U22:3.4.1.3,Must be enabled.,"UncomplicatedFirewall (ufw) is a frontend for iptables. ufw provides a framework for managing netfilter, as well as a command-line and available graphical user interface for manipulating the firewall.

**Note:**
- When running ufw enable or starting ufw via its initscript, ufw will flush its chains. This is required so ufw can maintain a consistent state, but it may drop existing connections (eg ssh). ufw does support adding rules before enabling the firewall.
- Run the following command before running `ufw enable`.
```
# ufw allow proto tcp from any to any port 22
```
- The rules will still be flushed, but the ssh port will be open after enabling the firewall. Please note that once ufw is 'enabled', ufw will not flush the chains when adding or removing rules (but will when modifying a rule or changing the default policy)
- By default, ufw will prompt when enabling the firewall while running under ssh. This can be disabled by using `ufw --force enable`.",The ufw service must be enabled and running in order for ufw to protect the system.,"Run the following command to verify that the `ufw` daemon is enabled:
```
# systemctl is-enabled ufw.service

enabled
```

Run the following command to verify that the `ufw` daemon is active:
```
# systemctl is-active ufw

active
```

Run the following command to verify ufw is active

```
# ufw status

Status: active
```","Run the following command to unmask the `ufw` daemon:
```
# systemctl unmask ufw.service
```

Run the following command to enable and start the `ufw` daemon:
```
# systemctl --now enable ufw.service

active
```

Run the following command to enable ufw:
```
# ufw enable
```","# [SABC] Not applicable on the Red Hat family — no CIS AlmaLinux 8 equivalent for this Debian-specific control.
```
#!/usr/bin/env bash
exit 101
```","# [SABC] Not applicable on the Red Hat family — no CIS AlmaLinux 8 equivalent for this Debian-specific control.
"
JR2.C.3.4.1.4,jr2_c_3_4_1_4,control,Configure UncomplicatedFirewall,Ensure ufw loopback traffic is configured.,debian;redhat,1,CIS-U22:3.4.1.4,"Anywhere on lo ALLOW IN Anywhere 
Anywhere DENY IN 127.0.0.0/8 
Anywhere (v6) on lo ALLOW IN Anywhere (v6) 
Anywhere (v6) DENY IN ::1 
Anywhere ALLOW OUT Anywhere on lo 
Anywhere (v6) ALLOW OUT Anywhere (v6) on lo",Configure the loopback interface to accept traffic. Configure all other interfaces to deny traffic to the loopback network (127.0.0.0/8 for IPv4 and ::1/128 for IPv6).,"Loopback traffic is generated between processes on machine and is typically critical to operation of the system. The loopback interface is the only place that loopback network (127.0.0.0/8 for IPv4 and ::1/128 for IPv6) traffic should be seen, all other interfaces should ignore traffic on this network as an anti-spoofing measure.","Run the following commands and verify output includes the listed rules in order:
```
# ufw status verbose

To Action From
-- ------ ----
Anywhere on lo ALLOW IN Anywhere 
Anywhere DENY IN 127.0.0.0/8 
Anywhere (v6) on lo ALLOW IN Anywhere (v6) 
Anywhere (v6) DENY IN ::1 

Anywhere ALLOW OUT Anywhere on lo 
Anywhere (v6) ALLOW OUT Anywhere (v6) on lo
```","Run the following commands to implement the loopback rules:
```
# ufw allow in on lo
# ufw allow out on lo
# ufw deny in from 127.0.0.0/8
# ufw deny in from ::1
```","# [SABC] Not applicable on the Red Hat family — no CIS AlmaLinux 8 equivalent for this Debian-specific control.
```
#!/usr/bin/env bash
exit 101
```","# [SABC] Not applicable on the Red Hat family — no CIS AlmaLinux 8 equivalent for this Debian-specific control.
"
JR2.C.3.4.1.5,jr2_c_3_4_1_5,control,Configure UncomplicatedFirewall,Ensure ufw firewall rules exist for all open ports.,debian;redhat,1,CIS-U22:3.4.1.6,ufw rules must exist for all open ports.,"Services and ports can be accepted or explicitly rejected.

**Note:**
- Changing firewall settings while connected over network can result in being locked out of the system
- The remediation command opens up the port to traffic from all sources. Consult ufw documentation and set any restrictions in compliance with site policy.","To reduce the attack surface of a system, all services and ports should be blocked unless required.
- Any ports that have been opened on non-loopback addresses need firewall rules to govern traffic.
- Without a firewall rule configured for open ports, the default firewall policy will drop all packets to these ports.
- Required ports should have a firewall rule created to allow approved connections in accordance with local site policy.
- Unapproved ports should have an explicit deny rule created.","Run the following script to verify a firewall rule exists for all open ports:

```
#!/usr/bin/env bash

{
 unset a_ufwout;unset a_openports
 while read -r l_ufwport; do
 [ -n ""$l_ufwport"" ] && a_ufwout+=(""$l_ufwport"")
 done < <(ufw status verbose | grep -Po '^\h*\d+\b' | sort -u)
 while read -r l_openport; do
 [ -n ""$l_openport"" ] && a_openports+=(""$l_openport"")
 done < <(ss -tuln | awk '($5!~/%lo:/ && $5!~/127.0.0.1:/ && $5!~/\[?::1\]?:/) {split($5, a, "":""); print a[2]}' | sort -u)
 a_diff=(""$(printf '%s\n' ""${a_openports[@]}"" ""${a_ufwout[@]}"" ""${a_ufwout[@]}"" | sort | uniq -u)"")
 if [[ -n ""${a_diff[*]}"" ]]; then
 echo -e ""\n- Audit Result:\n ** FAIL **\n- The following port(s) don't have a rule in UFW: $(printf '%s\n' \\n""${a_diff[*]}"")\n- End List""
 else
 echo -e ""\n - Audit Passed -\n- All open ports have a rule in UFW\n""
 fi
}
```","For each port identified in the audit which does not have a firewall rule, evaluate the service listening on the port and add a rule for accepting or denying inbound connections in accordance with local site policy:

_Examples:_

```
# ufw allow in <port>/<tcp or udp protocol>

# ufw deny in <port>/<tcp or udp protocol>
```

**Note:** Examples create rules for from any, to any. More specific rules should be concentered when allowing inbound traffic e.g only traffic from this network.

_Example to allow traffic on port 443 using the tcp protocol from the 192.168.1.0 network:_

```
ufw allow from 192.168.1.0/24 to any proto tcp port 443
```","# [SABC] Not applicable on the Red Hat family — no CIS AlmaLinux 8 equivalent for this Debian-specific control.
```
#!/usr/bin/env bash
exit 101
```","# [SABC] Not applicable on the Red Hat family — no CIS AlmaLinux 8 equivalent for this Debian-specific control.
"
JR2.C.3.4.1.6,jr2_c_3_4_1_6,control,Configure UncomplicatedFirewall,Ensure ufw default deny firewall policy.,debian;redhat,1,CIS-U22:3.4.1.7,"""Default policy for incoming, outgoing and routed directions must be deny or reject.

Note: Any port and protocol not explicitly allowed will be blocked. The following rules should be considered before applying the default deny.
ufw allow git
ufw allow in http
ufw allow in https
ufw allow out 53
ufw logging on""","A default deny policy on connections ensures that any unconfigured network usage will be rejected.

**Note:** Any port or protocol without a explicit allow before the default deny will be blocked.",With a default accept policy the firewall will accept any packet that is not configured to be denied. It is easier to white list acceptable usage than to black list unacceptable usage.,"Verify ufw default-deny policy (incoming, outgoing, routed) — not applicable when ufw is not installed.

```bash
#!/bin/bash
dpkg-query -W ufw >/dev/null 2>&1 || exit 101
ufw status verbose 2>/dev/null | grep -q 'Status: active' || exit 1
ufw status verbose 2>/dev/null | grep -Eq 'Default: deny \(incoming\), deny \(outgoing\), (deny|disabled) \(routed\)' && exit 0
exit 1
```","Set ufw default deny — after allowing SSH in and the platform's outbound dependencies (DNS/HTTP/HTTPS/NTP) so remediation cannot cut the node off.

```bash
#!/bin/bash
dpkg-query -W ufw >/dev/null 2>&1 || exit 0
ufw status 2>/dev/null | grep -q 'Status: active' || exit 0
ufw allow in 22/tcp >/dev/null 2>&1
ufw allow out 53 >/dev/null 2>&1
ufw allow out 80/tcp >/dev/null 2>&1
ufw allow out 443/tcp >/dev/null 2>&1
ufw allow out 123/udp >/dev/null 2>&1
ufw default deny incoming >/dev/null 2>&1
ufw default deny outgoing >/dev/null 2>&1
ufw default deny routed >/dev/null 2>&1
exit 0
```","# [SABC] Not applicable on the Red Hat family — no CIS AlmaLinux 8 equivalent for this Debian-specific control.
```
#!/usr/bin/env bash
exit 101
```","# [SABC] Not applicable on the Red Hat family — no CIS AlmaLinux 8 equivalent for this Debian-specific control.
"
JR2.C.3.4.2.0,jr2_c_3_4_2_0,section,Firewall Configuration,Configure nftables.,debian;redhat,,,,"**If Uncomplicated Firewall (UFW) or iptables are being used in your environment, please follow the guidance in their respective section and pass-over the guidance in this section.**

nftables is a subsystem of the Linux kernel providing filtering and classification of network packets/datagrams/frames and is the successor to iptables. The biggest change with the successor nftables is its simplicity. With iptables, we have to configure every single rule and use the syntax which can be compared with normal commands. With nftables, the simpler syntax, much like BPF (Berkely Packet Filter) means shorter lines and less repetition. Support for nftables should also be compiled into the kernel, together with the related nftables modules. Please ensure that your kernel supports nf_tables before choosing this option.

**Note:**
- This section broadly assumes starting with an empty nftables firewall ruleset (established by flushing the rules with nft flush ruleset).
- Remediation steps included only affect the live system, you will also need to configure your default firewall configuration to apply on boot.
- Configuration of a live systems firewall directly over a remote connection will often result in being locked out. It is advised to have a known good firewall configuration set to run on boot and to configure an entire firewall structure in a script that is then run and tested before saving to boot.

The following will implement the firewall rules of this section and open ICMP, IGMP, and port 22(ssh) from anywhere. Opening the ports for ICMP, IGMP, and port 22(ssh) needs to be updated in accordance with local site policy. **Allow port 22(ssh) needs to be updated to only allow systems requiring ssh connectivity to connect, as per site policy**.

Save the script bellow as `/etc/nftables.rules`

#!/sbin/nft -f

# This nftables.rules config should be saved as /etc/nftables.rules
# flush nftables rulesset
flush ruleset
# Load nftables ruleset
# nftables config with inet table named filter
table inet filter {
 # Base chain for input hook named input (Filters inbound network packets)
 chain input {
 type filter hook input priority 0; policy drop;

 # Ensure loopback traffic is configured
 iif ""lo"" accept
 ip saddr 127.0.0.0/8 counter packets 0 bytes 0 drop
 ip6 saddr ::1 counter packets 0 bytes 0 drop

 # Ensure established connections are configured
 ip protocol tcp ct state established accept
 ip protocol udp ct state established accept
 ip protocol icmp ct state established accept

 # Accept port 22(SSH) traffic from anywhere
 tcp dport ssh accept

 # Accept ICMP and IGMP from anywhere
 icmpv6 type { destination-unreachable, packet-too-big, time-exceeded, parameter-problem, mld-listener-query, mld-listener-report, mld-listener-done, nd-router-solicit, nd-router-advert, nd-neighbor-solicit, nd-neighbor-advert, ind-neighbor-solicit, ind-neighbor-advert, mld2-listener-report } accept
 icmp type { destination-unreachable, router-advertisement, router-solicitation, time-exceeded, parameter-problem } accept
 ip protocol igmp accept
 }

 # Base chain for hook forward named forward (Filters forwarded network packets)
 chain forward {
 type filter hook forward priority 0; policy drop;
 }

 # Base chain for hook output named output (Filters outbount network packets)
 chain output {
 type filter hook output priority 0; policy drop;
 # Ensure outbound and established connections are configured
 ip protocol tcp ct state established,related,new accept
 ip protocol udp ct state established,related,new accept
 ip protocol icmp ct state established,related,new accept
 }
}

Run the following command to load the file into nftables

# nft -f /etc/nftables.rules

All changes in the nftables subsections are temporary. 

To make these changes permanent:

Run the following command to create the nftables.rules file

nft list ruleset > /etc/nftables.rules

Add the following line to `/etc/nftables.conf`
include ""/etc/nftables.rules"".",,,,,
JR2.C.3.4.2.1,jr2_c_3_4_2_1,control,Configure nftables,Ensure nftables is installed.,debian;redhat,1,CIS-U22:3.4.2.1,Must be installed.,"nftables provides a new in-kernel packet classification framework that is based on a network-specific Virtual Machine (VM) and a new nft userspace command line tool. nftables reuses the existing Netfilter subsystems such as the existing hook infrastructure, the connection tracking system, NAT, userspace queuing and logging subsystem.

_Notes:_
- _nftables is available in Linux kernel 3.13 and newer_
- _Only one firewall utility should be installed and configured_
- _Changing firewall settings while connected over the network can result in being locked out of the system_",nftables is a subsystem of the Linux kernel that can protect against threats originating from within a corporate network to include malicious mobile code and poorly configured software on a host.,"Run the following command to verify that `nftables` is installed:
```
# dpkg-query -s nftables | grep 'Status: install ok installed'

Status: install ok installed
```","Run the following command to install `nftables`:
```
# apt install nftables
```","# [SABC] Red Hat family guidance — authored from the CIS AlmaLinux 8 Benchmark.
# (CIS AlmaLinux 8 §4.1.1 — Ensure firewalld is installed)
```
# rpm -q firewalld
```","# [SABC] Red Hat family guidance — authored from the CIS AlmaLinux 8 Benchmark.
# (CIS AlmaLinux 8 §4.1.1 — Ensure firewalld is installed)
```
# dnf install firewalld
```"
JR2.C.3.4.2.2,jr2_c_3_4_2_2,control,Configure nftables,Ensure ufw is uninstalled or disabled with nftables.,debian;redhat,1,CIS-U22:3.4.2.2,"If nftables is installed and running, ufw must be uninstalled or disabled.",Uncomplicated Firewall (UFW) is a program for managing a netfilter firewall designed to be easy to use.,Running both the `nftables` service and `ufw` may lead to conflict and unexpected results.,"Run the following commands to verify that `ufw` is **either** not installed or inactive. Only one of the following needs to pass.

Run the following command to verify that `ufw` is not installed:

```
# dpkg-query -W -f='${binary:Package}\t${Status}\t${db:Status-Status}\n' ufw

dpkg-query: no packages found matching ufw
```

 **-OR-**

Run the following commands to verify `ufw` is disabled and `ufw.service` is not enabled:

```
# ufw status

Status: inactive
```

```
# systemctl is-enabled ufw.service

masked
```","Run **one** of the following to either remove `ufw` **or** disable `ufw` and mask `ufw.service`:

Run the following command to remove `ufw`:

```
# apt purge ufw
```

 **-OR-**

Run the following commands to disable `ufw` and mask `ufw.service`:

```
# ufw disable
# systemctl stop ufw.service
# systemctl mask ufw.service
```

**Note:** `ufw disable` needs to be run before `systemctl mask ufw.service` in order to correctly disable `UFW`.","# [SABC] Not applicable on the Red Hat family — no CIS AlmaLinux 8 equivalent for this Debian-specific control.
```
#!/usr/bin/env bash
exit 101
```","# [SABC] Not applicable on the Red Hat family — no CIS AlmaLinux 8 equivalent for this Debian-specific control.
"
JR2.C.3.4.2.3,jr2_c_3_4_2_3,control,Configure nftables,Ensure a nftables table exists.,debian;redhat,1,CIS-U22:3.4.2.4,Nft tables must exist.,Tables hold chains. Each table only has one address family and only applies to packets of this family. Tables can have one of five families.,"nftables doesn't have any default tables. Without a table being build, nftables will not filter network traffic.","Run the following command to verify that a nftables table exists:
```
# nft list tables
```

Return should include a list of nftables:

_Example:_
```
table inet filter
```","Run the following command to create a table in nftables
```
# nft create table inet 

```

_Example:_
```
# nft create table inet filter
```","# [SABC] Not applicable on the Red Hat family — no CIS AlmaLinux 8 equivalent for this Debian-specific control.
```
#!/usr/bin/env bash
exit 101
```","# [SABC] Not applicable on the Red Hat family — no CIS AlmaLinux 8 equivalent for this Debian-specific control.
"
JR2.C.3.4.2.4,jr2_c_3_4_2_4,control,Configure nftables,Ensure nftables base chains exist.,debian;redhat,1,CIS-U22:3.4.2.5,"Base chain must exist with hook for input, forward, output.","Chains are containers for rules. They exist in two kinds, base chains and regular chains. A base chain is an entry point for packets from the networking stack, a regular chain may be used as jump target and is used for better rule organization.","If a base chain doesn't exist with a hook for input, forward, and delete, packets that would flow through those chains will not be touched by nftables.","Verify nftables base chains exist — not applicable while ufw is the active firewall or nftables is not installed.

```bash
#!/bin/bash
systemctl is-active ufw 2>/dev/null | grep -qx active && exit 101
dpkg-query -W nftables >/dev/null 2>&1 || exit 101
r=$(nft list ruleset 2>/dev/null) || exit 1
printf '%s' ""$r"" | grep -q 'hook input' || exit 1
printf '%s' ""$r"" | grep -q 'hook forward' || exit 1
printf '%s' ""$r"" | grep -q 'hook output' || exit 1
exit 0
```","Create the inet filter table and base chains (policy accept — the default-deny control flips policy only after accept rules exist).

```bash
#!/bin/bash
systemctl is-active ufw 2>/dev/null | grep -qx active && exit 0
dpkg-query -W nftables >/dev/null 2>&1 || exit 0
nft list table inet filter >/dev/null 2>&1 || nft create table inet filter
nft list chain inet filter input >/dev/null 2>&1 || nft create chain inet filter input '{ type filter hook input priority 0 ; policy accept ; }'
nft list chain inet filter forward >/dev/null 2>&1 || nft create chain inet filter forward '{ type filter hook forward priority 0 ; policy accept ; }'
nft list chain inet filter output >/dev/null 2>&1 || nft create chain inet filter output '{ type filter hook output priority 0 ; policy accept ; }'
exit 0
```","# [SABC] Not applicable on the Red Hat family — no CIS AlmaLinux 8 equivalent for this Debian-specific control.
```
#!/usr/bin/env bash
exit 101
```","# [SABC] Not applicable on the Red Hat family — no CIS AlmaLinux 8 equivalent for this Debian-specific control.
"
JR2.C.3.4.2.5,jr2_c_3_4_2_5,control,Configure nftables,Ensure nftables loopback traffic is configured.,debian;redhat,1,CIS-U22:3.4.2.6,"iif ""lo"" accept
ip saddr 127.0.0.0/8 counter packets 0 bytes 0 drop

if IPv6 installed:
ip6 saddr ::1 counter packets 0 bytes 0 drop",Configure the loopback interface to accept traffic. Configure all other interfaces to deny traffic to the loopback network.,"Loopback traffic is generated between processes on machine and is typically critical to operation of the system. The loopback interface is the only place that loopback network traffic should be seen, all other interfaces should ignore traffic on this network as an anti-spoofing measure.","Verify nftables loopback traffic is configured — not applicable while ufw is the active firewall or nftables is not installed.

```bash
#!/bin/bash
systemctl is-active ufw 2>/dev/null | grep -qx active && exit 101
dpkg-query -W nftables >/dev/null 2>&1 || exit 101
r=$(nft list ruleset 2>/dev/null) || exit 1
printf '%s' ""$r"" | grep -q 'iif ""lo"" accept' || exit 1
printf '%s' ""$r"" | grep -Eq 'ip saddr 127\.0\.0\.0/8.*drop' || exit 1
exit 0
```","Add the loopback accept and spoofed-loopback drop rules.

```bash
#!/bin/bash
systemctl is-active ufw 2>/dev/null | grep -qx active && exit 0
dpkg-query -W nftables >/dev/null 2>&1 || exit 0
nft list chain inet filter input >/dev/null 2>&1 || exit 0
nft list chain inet filter input | grep -q 'iif ""lo"" accept' || nft add rule inet filter input iif lo accept
nft list chain inet filter input | grep -Eq 'ip saddr 127\.0\.0\.0/8.*drop' || nft add rule inet filter input ip saddr 127.0.0.0/8 counter drop
exit 0
```","# [SABC] Red Hat family guidance — authored from the CIS AlmaLinux 8 Benchmark.
# (CIS AlmaLinux 8 §4.1.5 — Ensure firewalld loopback traffic is configured)
```
# firewall-cmd --get-zone-of-interface=lo
# firewall-cmd --list-all --zone=""$(firewall-cmd --get-zone-of-interface=lo |
```","# [SABC] Red Hat family guidance — authored from the CIS AlmaLinux 8 Benchmark.
# (CIS AlmaLinux 8 §4.1.5 — Ensure firewalld loopback traffic is configured)
```
# firewall-cmd --permanent --zone=trusted --add-interface=lo
# firewall-cmd --zone=public --change-interface=lo
# firewall-cmd --reload
```"
JR2.C.3.4.2.6,jr2_c_3_4_2_6,control,Configure nftables,Ensure nftables default deny firewall policy.,debian;redhat,1,CIS-U22:3.4.2.8,"Default policy must be set to drop:
type filter hook input priority 0; policy drop;
type filter hook forward priority 0; policy drop;
type filter hook output priority 0; policy drop;",Base chain policy is the default verdict that will be applied to packets reaching the end of the chain.,"There are two policies: accept (Default) and drop. If the policy is set to `accept`, the firewall will accept any packet that is not configured to be denied and the packet will continue transversing the network stack.

It is easier to white list acceptable usage than to black list unacceptable usage.

_Note: Changing firewall settings while connected over network can result in being locked out of the system._","Verify every nftables base chain uses policy drop — not applicable while ufw is the active firewall or nftables is not installed.

```bash
#!/bin/bash
systemctl is-active ufw 2>/dev/null | grep -qx active && exit 101
dpkg-query -W nftables >/dev/null 2>&1 || exit 101
r=$(nft list ruleset 2>/dev/null) || exit 1
printf '%s' ""$r"" | grep -q 'hook input' || exit 1
n=$(printf '%s' ""$r"" | grep -cE 'hook (input|forward|output)')
d=$(printf '%s' ""$r"" | grep -E 'hook (input|forward|output)' | grep -c 'policy drop')
[ ""$n"" -gt 0 ] && [ ""$n"" -eq ""$d"" ] && exit 0
exit 1
```","Flip base-chain policies to drop — only after ensuring loopback, established-traffic and SSH accept rules exist (lockout guard).

```bash
#!/bin/bash
systemctl is-active ufw 2>/dev/null | grep -qx active && exit 0
dpkg-query -W nftables >/dev/null 2>&1 || exit 0
nft list chain inet filter input >/dev/null 2>&1 || exit 0
nft list chain inet filter input | grep -q 'iif ""lo"" accept' || nft add rule inet filter input iif lo accept
nft list chain inet filter input | grep -q 'ct state established,related accept' || nft add rule inet filter input ct state established,related accept
nft list chain inet filter input | grep -q 'tcp dport 22 accept' || nft add rule inet filter input tcp dport 22 accept
nft list chain inet filter output | grep -q 'ct state established,related accept' || nft add rule inet filter output ct state established,related accept
for ch in input forward output; do
  nft chain inet filter ""$ch"" '{ policy drop ; }'
done
exit 0
```","# [SABC] Not applicable on the Red Hat family — no CIS AlmaLinux 8 equivalent for this Debian-specific control.
```
#!/usr/bin/env bash
exit 101
```","# [SABC] Not applicable on the Red Hat family — no CIS AlmaLinux 8 equivalent for this Debian-specific control.
"
JR2.C.3.4.2.7,jr2_c_3_4_2_7,control,Configure nftables,Ensure nftables service is enabled.,debian;redhat,1,CIS-U22:3.4.2.9,nftables service must be enabled.,"The nftables service allows for the loading of nftables rulesets during boot, or starting on the nftables service.",The nftables service restores the nftables rules from the rules files referenced in the `/etc/nftables.conf` file during boot or the starting of the nftables service.,"Run the following command and verify that the nftables service is enabled:
```
# systemctl is-enabled nftables

enabled
```","Run the following command to enable the nftables service:
```
# systemctl enable nftables
```","# [SABC] Not applicable on the Red Hat family — no CIS AlmaLinux 8 equivalent for this Debian-specific control.
```
#!/usr/bin/env bash
exit 101
```","# [SABC] Not applicable on the Red Hat family — no CIS AlmaLinux 8 equivalent for this Debian-specific control.
"
JR2.C.3.4.2.8,jr2_c_3_4_2_8,control,Configure nftables,Ensure nftables rules are permanent.,debian;redhat,1,CIS-U22:3.4.2.10,"Input, forward and output base chains must be configured to be applied to a nftables ruleset on boot.","nftables is a subsystem of the Linux kernel providing filtering and classification of network packets/datagrams/frames.

The nftables service reads the `/etc/nftables.conf` file for a nftables file or files to include in the nftables ruleset.

A nftables ruleset containing the input, forward, and output base chains allow network traffic to be filtered.","Changes made to nftables ruleset only affect the live system, you will also need to configure the nftables ruleset to apply on boot.","Verify nftables rules are persisted via /etc/nftables.conf — not applicable while ufw is the active firewall or nftables is not installed.

```bash
#!/bin/bash
systemctl is-active ufw 2>/dev/null | grep -qx active && exit 101
dpkg-query -W nftables >/dev/null 2>&1 || exit 101
grep -Eqs '^[[:space:]]*include[[:space:]]+""/etc/nftables\.d/sabc\.nft""' /etc/nftables.conf && [ -s /etc/nftables.d/sabc.nft ] && exit 0
exit 1
```","Persist the live ruleset to /etc/nftables.d/sabc.nft and include it from /etc/nftables.conf.

```bash
#!/bin/bash
systemctl is-active ufw 2>/dev/null | grep -qx active && exit 0
dpkg-query -W nftables >/dev/null 2>&1 || exit 0
mkdir -p /etc/nftables.d
nft list ruleset > /etc/nftables.d/sabc.nft 2>/dev/null || exit 0
grep -Eqs '^[[:space:]]*include[[:space:]]+""/etc/nftables\.d/sabc\.nft""' /etc/nftables.conf || printf 'include ""/etc/nftables.d/sabc.nft""\n' >> /etc/nftables.conf
systemctl enable nftables >/dev/null 2>&1
exit 0
```","# [SABC] Not applicable on the Red Hat family — no CIS AlmaLinux 8 equivalent for this Debian-specific control.
```
#!/usr/bin/env bash
exit 101
```","# [SABC] Not applicable on the Red Hat family — no CIS AlmaLinux 8 equivalent for this Debian-specific control.
"
JR2.C.3.4.3.0,jr2_c_3_4_3_0,section,Configure iptables,Configure iptables.,debian;redhat,,,,"**If Uncomplicated Firewall (UFW) or nftables are being used in your environment, please follow the guidance in their respective section and pass-over the guidance in this section.**

IPtables is an application that allows a system administrator to configure the IPv4 and IPv6 tables, chains and rules provided by the Linux kernel firewall. While several methods of configuration exist this section is intended only to ensure the resulting IPtables rules are in place, not how they are configured. If IPv6 is in use in your environment, similar settings should be applied to the IP6tables as well.

**Note:** Configuration of a live system's firewall directly over a remote connection will often result in being locked out.",,,,,
JR2.C.3.4.3.1.0,jr2_c_3_4_3_1_0,section,Configure iptables,Configure iptables software.,debian;redhat,,,,"This section provides guidance for installing, enabling, removing, and disabling software packages necessary for using IPTables as the method for configuring and maintaining a Host Based Firewall on the system.

_Note: Using more than one method to configure and maintain a Host Based Firewall can cause unexpected results. If FirewallD or NFTables are being used for configuration and maintenance, this section should be skipped and the guidance in their respective section followed._",,,,,
JR2.C.3.4.3.1.1,jr2_c_3_4_3_1_1,control,Configure iptables software,Ensure iptables packages are installed.,debian;redhat,1,CIS-U22:3.4.3.1.1,iptables packages must be installed.,"iptables is a utility program that allows a system administrator to configure the tables provided by the Linux kernel firewall, implemented as different Netfilter modules, and the chains and rules it stores. Different kernel modules and programs are used for different protocols; iptables applies to IPv4, ip6tables to IPv6, arptables to ARP, and ebtables to Ethernet frames.",A method of configuring and maintaining firewall rules is necessary to configure a Host Based Firewall.,"Run the following command to verify that `iptables` and `iptables-persistent` are installed:

```
# apt list iptables iptables-persistent | grep installed

iptables-persistent/<version> [installed,automatic]
iptables/<version> [installed,automatic]
```","Run the following command to install `iptables` and `iptables-persistent`

```
# apt install iptables iptables-persistent
```","# [SABC] Not applicable on the Red Hat family — no CIS AlmaLinux 8 equivalent for this Debian-specific control.
```
#!/usr/bin/env bash
exit 101
```","# [SABC] Not applicable on the Red Hat family — no CIS AlmaLinux 8 equivalent for this Debian-specific control.
"
JR2.C.3.4.3.1.2,jr2_c_3_4_3_1_2,control,Configure iptables software,Ensure nftables is not installed with iptables.,debian;redhat,1,CIS-U22:3.4.3.1.2,"If iptables is installed and running, nftables must be uninstalled or disabled.",nftables is a subsystem of the Linux kernel providing filtering and classification of network packets/datagrams/frames and is the successor to iptables.,Running both `iptables` and `nftables` may lead to conflict.,"Verify nftables is not installed when iptables is the chosen firewall — not applicable while ufw or the nftables service is the active firewall.

```bash
#!/bin/bash
systemctl is-active ufw 2>/dev/null | grep -qx active && exit 101
systemctl is-enabled nftables 2>/dev/null | grep -q '^enabled' && exit 101
dpkg-query -W nftables >/dev/null 2>&1 && exit 1
exit 0
```","Remove nftables only when iptables is the chosen firewall.

```bash
#!/bin/bash
systemctl is-active ufw 2>/dev/null | grep -qx active && exit 0
systemctl is-enabled nftables 2>/dev/null | grep -q '^enabled' && exit 0
dpkg-query -W nftables >/dev/null 2>&1 || exit 0
DEBIAN_FRONTEND=noninteractive apt-get -y purge nftables >/dev/null
exit 0
```","# [SABC] Not applicable on the Red Hat family — no CIS AlmaLinux 8 equivalent for this Debian-specific control.
```
#!/usr/bin/env bash
exit 101
```","# [SABC] Not applicable on the Red Hat family — no CIS AlmaLinux 8 equivalent for this Debian-specific control.
"
JR2.C.3.4.3.1.3,jr2_c_3_4_3_1_3,control,Configure iptables software,Ensure ufw is uninstalled or disabled with iptables.,debian;redhat,1,CIS-U22:3.4.3.1.3,"If iptables is installed and running, ufw must be uninstalled or disabled.","Uncomplicated Firewall (UFW) is a program for managing a netfilter firewall designed to be easy to use.
- Uses a command-line interface consisting of a small number of simple commands
- Uses iptables for configuration.",Running `iptables.persistent` with ufw enabled may lead to conflict and unexpected results.,"Run the following commands to verify that `ufw` is _either_ not installed or disabled. _Only one of the following needs to pass._

Run the following command to verify that `ufw` is not installed:

```
# dpkg-query -W -f='${binary:Package}\t${Status}\t${db:Status-Status}\n' ufw

ufw unknown ok not-installed not-installed
```

Run the following command to verify ufw is disabled:
```
# ufw status

Status: inactive
```

Run the following commands to verify that the `ufw` service is masked:
```
# systemctl is-enabled ufw

masked
```","Run _one_ of the following commands to either remove `ufw` or stop and mask `ufw`

Run the following command to remove `ufw`:
```
# apt purge ufw
```

 **-OR-**

Run the following commands to disable `ufw`:
```
# ufw disable
# systemctl stop ufw
# systemctl mask ufw
```

**Note:** `ufw disable` needs to be run before `systemctl mask ufw` in order to correctly disable `UFW`.","# [SABC] Not applicable on the Red Hat family — no CIS AlmaLinux 8 equivalent for this Debian-specific control.
```
#!/usr/bin/env bash
exit 101
```","# [SABC] Not applicable on the Red Hat family — no CIS AlmaLinux 8 equivalent for this Debian-specific control.
"
JR2.C.3.4.3.1.0,jr2_c_3_4_3_1_0,section,Configure iptables,Configure IPv4 iptables.,debian;redhat,,,,"Iptables is used to set up, maintain, and inspect the tables of IP packet filter rules in the Linux kernel. Several different tables may be defined. Each table contains a number of built-in chains and may also contain user-defined chains.

Each chain is a list of rules which can match a set of packets. Each rule specifies what to do with a packet that matches. This is called a 'target', which may be a jump to a user-defined chain in the same table.

**Note:** This section broadly assumes starting with an empty IPtables firewall ruleset (established by flushing the rules with iptables -F). Remediation steps included only affect the live system, you will also need to configure your default firewall configuration to apply on boot. Configuration of a live systems firewall directly over a remote connection will often result in being locked out. It is advised to have a known good firewall configuration set to run on boot and to configure an entire firewall structure in a script that is then run and tested before saving to boot. The following script will implement the firewall rules of this section and open port 22(ssh) from anywhere:

```
#!/bin/bash

# Flush IPtables rules
iptables -F

# Ensure default deny firewall policy
iptables -P INPUT DROP
iptables -P OUTPUT DROP
iptables -P FORWARD DROP

# Ensure loopback traffic is configured
iptables -A INPUT -i lo -j ACCEPT
iptables -A OUTPUT -o lo -j ACCEPT
iptables -A INPUT -s 127.0.0.0/8 -j DROP

# Ensure outbound and established connections are configured
iptables -A OUTPUT -p tcp -m state --state NEW,ESTABLISHED -j ACCEPT
iptables -A OUTPUT -p udp -m state --state NEW,ESTABLISHED -j ACCEPT
iptables -A OUTPUT -p icmp -m state --state NEW,ESTABLISHED -j ACCEPT
iptables -A INPUT -p tcp -m state --state ESTABLISHED -j ACCEPT
iptables -A INPUT -p udp -m state --state ESTABLISHED -j ACCEPT
iptables -A INPUT -p icmp -m state --state ESTABLISHED -j ACCEPT

# Open inbound ssh(tcp port 22) connections
iptables -A INPUT -p tcp --dport 22 -m state --state NEW -j ACCEPT
```",,,,,
JR2.C.3.4.3.2.1,jr2_c_3_4_3_2_1,control,Configure IPv4 iptables,Ensure iptables default deny firewall policy.,debian;redhat,1,CIS-U22:3.4.3.2.1,"Policy for INPUT, OUTPUT and FORWARD chains must be either DROP or REJECT.","A default deny all policy on connections ensures that any unconfigured network usage will be rejected.

_Notes:_
- _Changing firewall settings while connected over network can result in being locked out of the system_
- _Remediation will only affect the active system firewall, be sure to configure the default policy in your firewall management to apply on boot as well_",With a default accept policy the firewall will accept any packet that is not configured to be denied. It is easier to white list acceptable usage than to black list unacceptable usage.,"Run the following command and verify that the policy for the `INPUT` , `OUTPUT` , and `FORWARD` chains is `DROP` or `REJECT` :

```
# iptables -L -n

Chain INPUT (policy DROP)
Chain FORWARD (policy DROP)
Chain OUTPUT (policy DROP)
```","Run the following commands to implement a default DROP policy:

```
# iptables -P INPUT DROP
# iptables -P OUTPUT DROP
# iptables -P FORWARD DROP
```","# [SABC] Not applicable on the Red Hat family — no CIS AlmaLinux 8 equivalent for this Debian-specific control.
```
#!/usr/bin/env bash
exit 101
```","# [SABC] Not applicable on the Red Hat family — no CIS AlmaLinux 8 equivalent for this Debian-specific control.
"
JR2.C.3.4.3.2.2,jr2_c_3_4_3_2_2,control,Configure IPv4 iptables,Ensure iptables loopback traffic is configured.,debian;redhat,1,CIS-U22:3.4.3.2.2,"Loopback interface must accept traffic, all other interfaces must deny traffic to the loopback network.","Configure the loopback interface to accept traffic. Configure all other interfaces to deny traffic to the loopback network (127.0.0.0/8).

_Notes:_
- _Changing firewall settings while connected over network can result in being locked out of the system_
- _Remediation will only affect the active system firewall, be sure to configure the default policy in your firewall management to apply on boot as well_","Loopback traffic is generated between processes on machine and is typically critical to operation of the system. The loopback interface is the only place that loopback network (127.0.0.0/8) traffic should be seen, all other interfaces should ignore traffic on this network as an anti-spoofing measure.","Verify iptables loopback rules — not applicable while ufw or the nftables service is the active firewall.

```bash
#!/bin/bash
systemctl is-active ufw 2>/dev/null | grep -qx active && exit 101
systemctl is-enabled nftables 2>/dev/null | grep -q '^enabled' && exit 101
command -v iptables >/dev/null 2>&1 || exit 1
iptables -C INPUT -i lo -j ACCEPT >/dev/null 2>&1 || exit 1
iptables -C OUTPUT -o lo -j ACCEPT >/dev/null 2>&1 || exit 1
iptables -C INPUT -s 127.0.0.0/8 -j DROP >/dev/null 2>&1 || exit 1
exit 0
```","Install the iptables loopback rules when iptables is the chosen firewall.

```bash
#!/bin/bash
systemctl is-active ufw 2>/dev/null | grep -qx active && exit 0
systemctl is-enabled nftables 2>/dev/null | grep -q '^enabled' && exit 0
command -v iptables >/dev/null 2>&1 || exit 0
iptables -C INPUT -i lo -j ACCEPT >/dev/null 2>&1 || iptables -A INPUT -i lo -j ACCEPT
iptables -C OUTPUT -o lo -j ACCEPT >/dev/null 2>&1 || iptables -A OUTPUT -o lo -j ACCEPT
iptables -C INPUT -s 127.0.0.0/8 -j DROP >/dev/null 2>&1 || iptables -A INPUT -s 127.0.0.0/8 -j DROP
exit 0
```","# [SABC] Red Hat family guidance — authored from the CIS AlmaLinux 8 Benchmark.
# (CIS AlmaLinux 8 §4.1.5 — Ensure firewalld loopback traffic is configured)
```
# firewall-cmd --get-zone-of-interface=lo
# firewall-cmd --list-all --zone=""$(firewall-cmd --get-zone-of-interface=lo |
```","# [SABC] Red Hat family guidance — authored from the CIS AlmaLinux 8 Benchmark.
# (CIS AlmaLinux 8 §4.1.5 — Ensure firewalld loopback traffic is configured)
```
# firewall-cmd --permanent --zone=trusted --add-interface=lo
# firewall-cmd --zone=public --change-interface=lo
# firewall-cmd --reload
```"
JR2.C.3.4.3.2.3,jr2_c_3_4_3_2_3,control,Configure IPv4 iptables,Ensure iptables firewall rules exist for all open ports.,debian;redhat,1,CIS-U22:3.4.3.2.4,iptables firewall rules must exist for all open ports.,"Any ports that have been opened on non-loopback addresses need firewall rules to govern traffic.

**Note:**
- Changing firewall settings while connected over network can result in being locked out of the system
- Remediation will only affect the active system firewall, be sure to configure the default policy in your firewall management to apply on boot as well
- The remediation command opens up the port to traffic from all sources. Consult iptables documentation and set any restrictions in compliance with site policy.",Without a firewall rule configured for open ports default firewall policy will drop all packets to these ports.,"Run the following command to determine open ports:
```
# ss -4tuln

Netid State Recv-Q Send-Q Local Address:Port Peer Address:Port
udp UNCONN 0 0 *:68 *:*
udp UNCONN 0 0 *:123 *:*
tcp LISTEN 0 128 *:22 *:*
```

Run the following command to determine firewall rules:
```
# iptables -L INPUT -v -n
Chain INPUT (policy DROP 0 packets, 0 bytes)
 pkts bytes target prot opt in out source destination
 0 0 ACCEPT all -- lo * 0.0.0.0/0 0.0.0.0/0
 0 0 DROP all -- * * 127.0.0.0/8 0.0.0.0/0
 0 0 ACCEPT tcp -- * * 0.0.0.0/0 0.0.0.0/0 tcp dpt:22 state NEW

```
Verify all open ports listening on non-localhost addresses have at least one firewall rule.

_The last line identified by the ""tcp dpt:22 state NEW"" identifies it as a firewall rule for new connections on tcp port 22._","For each port identified in the audit which does not have a firewall rule establish a proper rule for accepting inbound connections:
```
# iptables -A INPUT -p <protocol> --dport <port> -m state --state NEW -j ACCEPT
```","# [SABC] Not applicable on the Red Hat family — no CIS AlmaLinux 8 equivalent for this Debian-specific control.
```
#!/usr/bin/env bash
exit 101
```","# [SABC] Not applicable on the Red Hat family — no CIS AlmaLinux 8 equivalent for this Debian-specific control.
"
JR2.C.3.4.3.3.0,jr2_c_3_4_3_3_0,section,Configure iptables,Configure IPv6 ip6tables.,debian;redhat,,,,"Ip6tables is used to set up, maintain, and inspect the tables of IPv6 packet filter rules in the Linux kernel. Several different tables may be defined. Each table contains a number of built-in chains and may also contain user-defined chains.
Each chain is a list of rules which can match a set of packets. Each rule specifies what to do with a packet that matches. This is called a `target', which may be a jump to a user-defined chain in the same table. 

If IPv6 in enabled on the system, the ip6tables should be configured.

**Note:** This section broadly assumes starting with an empty ip6tables firewall ruleset (established by flushing the rules with ip6tables -F). Remediation steps included only affect the live system, you will also need to configure your default firewall configuration to apply on boot. Configuration of a live systems firewall directly over a remote connection will often result in being locked out. It is advised to have a known good firewall configuration set to run on boot and to configure an entire firewall structure in a script that is then run and tested before saving to boot.

The following script will implement the firewall rules of this section and open port 22(ssh) from anywhere:
```
#!/bin/bash

# Flush ip6tables rules
ip6tables -F

# Ensure default deny firewall policy
ip6tables -P INPUT DROP
ip6tables -P OUTPUT DROP
ip6tables -P FORWARD DROP

# Ensure loopback traffic is configured
ip6tables -A INPUT -i lo -j ACCEPT
ip6tables -A OUTPUT -o lo -j ACCEPT
ip6tables -A INPUT -s ::1 -j DROP

# Ensure outbound and established connections are configured
ip6tables -A OUTPUT -p tcp -m state --state NEW,ESTABLISHED -j ACCEPT
ip6tables -A OUTPUT -p udp -m state --state NEW,ESTABLISHED -j ACCEPT
ip6tables -A OUTPUT -p icmp -m state --state NEW,ESTABLISHED -j ACCEPT
ip6tables -A INPUT -p tcp -m state --state ESTABLISHED -j ACCEPT
ip6tables -A INPUT -p udp -m state --state ESTABLISHED -j ACCEPT
ip6tables -A INPUT -p icmp -m state --state ESTABLISHED -j ACCEPT

# Open inbound ssh(tcp port 22) connections
ip6tables -A INPUT -p tcp --dport 22 -m state --state NEW -j ACCEPT
```",,,,,
JR2.C.3.4.3.3.1,jr2_c_3_4_3_3_1,control,Configure IPv6 ip6tables,Ensure ip6tables default deny firewall policy.,debian;redhat,1,CIS-U22:3.4.3.3.1,"The policy for INPUT, OUTPUT and FORWARD chains must be DROP or REJECT for ip6tables.","A default deny all policy on connections ensures that any unconfigured network usage will be rejected.

**Note:**
- Changing firewall settings while connected over network can result in being locked out of the system
- Remediation will only affect the active system firewall, be sure to configure the default policy in your firewall management to apply on boot as well.",With a default accept policy the firewall will accept any packet that is not configured to be denied. It is easier to white list acceptable usage than to black list unacceptable usage.,"Run the following command and verify that the policy for the INPUT, OUTPUT, and FORWARD chains is DROP or REJECT:

```
# ip6tables -L -n

Chain INPUT (policy DROP)
Chain FORWARD (policy DROP)
Chain OUTPUT (policy DROP)
```

 **-OR-**

Verify IPv6 is disabled:

Run the following script. Output will confirm if IPv6 is enabled on the system.

```
#!/usr/bin/bash

{
 if grep -Pqs '^\h*0\b' /sys/module/ipv6/parameters/disable; then
 echo -e "" - IPv6 is enabled on the system""
 else
 echo -e "" - IPv6 is not enabled on the system""
 fi
}
```","**IF** IPv6 is enabled on your system:

Run the following commands to implement a default DROP policy:

```
# ip6tables -P INPUT DROP
# ip6tables -P OUTPUT DROP
# ip6tables -P FORWARD DROP
```","# [SABC] Not applicable on the Red Hat family — no CIS AlmaLinux 8 equivalent for this Debian-specific control.
```
#!/usr/bin/env bash
exit 101
```","# [SABC] Not applicable on the Red Hat family — no CIS AlmaLinux 8 equivalent for this Debian-specific control.
"
JR2.C.3.4.3.3.2,jr2_c_3_4_3_3_2,control,Configure IPv6 ip6tables,Ensure ip6tables loopback traffic is configured.,debian;redhat,1,CIS-U22:3.4.3.3.2,"Loopback interface must accept traffic, all other interfaces must deny traffic to the loopback network.","Configure the loopback interface to accept traffic. Configure all other interfaces to deny traffic to the loopback network (::1).

**Note:**
- Changing firewall settings while connected over network can result in being locked out of the system
- Remediation will only affect the active system firewall, be sure to configure the default policy in your firewall management to apply on boot as well.","Loopback traffic is generated between processes on machine and is typically critical to operation of the system. The loopback interface is the only place that loopback network (::1) traffic should be seen, all other interfaces should ignore traffic on this network as an anti-spoofing measure.","Verify ip6tables loopback rules — not applicable while ufw or the nftables service is the active firewall.

```bash
#!/bin/bash
systemctl is-active ufw 2>/dev/null | grep -qx active && exit 101
systemctl is-enabled nftables 2>/dev/null | grep -q '^enabled' && exit 101
command -v ip6tables >/dev/null 2>&1 || exit 1
ip6tables -C INPUT -i lo -j ACCEPT >/dev/null 2>&1 || exit 1
ip6tables -C OUTPUT -o lo -j ACCEPT >/dev/null 2>&1 || exit 1
ip6tables -C INPUT -s ::1 -j DROP >/dev/null 2>&1 || exit 1
exit 0
```","Install the ip6tables loopback rules when iptables is the chosen firewall.

```bash
#!/bin/bash
systemctl is-active ufw 2>/dev/null | grep -qx active && exit 0
systemctl is-enabled nftables 2>/dev/null | grep -q '^enabled' && exit 0
command -v ip6tables >/dev/null 2>&1 || exit 0
ip6tables -C INPUT -i lo -j ACCEPT >/dev/null 2>&1 || ip6tables -A INPUT -i lo -j ACCEPT
ip6tables -C OUTPUT -o lo -j ACCEPT >/dev/null 2>&1 || ip6tables -A OUTPUT -o lo -j ACCEPT
ip6tables -C INPUT -s ::1 -j DROP >/dev/null 2>&1 || ip6tables -A INPUT -s ::1 -j DROP
exit 0
```","# [SABC] Red Hat family guidance — authored from the CIS AlmaLinux 8 Benchmark.
# (CIS AlmaLinux 8 §4.1.5 — Ensure firewalld loopback traffic is configured)
```
# firewall-cmd --get-zone-of-interface=lo
# firewall-cmd --list-all --zone=""$(firewall-cmd --get-zone-of-interface=lo |
```","# [SABC] Red Hat family guidance — authored from the CIS AlmaLinux 8 Benchmark.
# (CIS AlmaLinux 8 §4.1.5 — Ensure firewalld loopback traffic is configured)
```
# firewall-cmd --permanent --zone=trusted --add-interface=lo
# firewall-cmd --zone=public --change-interface=lo
# firewall-cmd --reload
```"
JR2.C.3.4.3.3.3,jr2_c_3_4_3_3_3,control,Configure IPv6 ip6tables,Ensure ip6tables firewall rules exist for all open ports.,debian;redhat,1,CIS-U22:3.4.3.3.4,All ports opened on non-loopback addresses need to have a firewall rule for accepting inbound connections established.,"Any ports that have been opened on non-loopback addresses need firewall rules to govern traffic.

**Note:**
- Changing firewall settings while connected over network can result in being locked out of the system
- Remediation will only affect the active system firewall, be sure to configure the default policy in your firewall management to apply on boot as well
- The remediation command opens up the port to traffic from all sources. Consult iptables documentation and set any restrictions in compliance with site policy.",Without a firewall rule configured for open ports default firewall policy will drop all packets to these ports.,"Run the following command to determine open ports:

```
# ss -6tuln

Netid State Recv-Q Send-Q Local Address:Port Peer Address:Port 
udp UNCONN 0 0 ::1:123 :::*
udp UNCONN 0 0 :::123 :::*
tcp LISTEN 0 128 :::22 :::*
tcp LISTEN 0 20 ::1:25 :::*
```

Run the following command to determine firewall rules:
```
# ip6tables -L INPUT -v -n

Chain INPUT (policy DROP 0 packets, 0 bytes)
 pkts bytes target prot opt in out source destination 
 0 0 ACCEPT all lo * ::/0 ::/0 
 0 0 DROP all * * ::1 ::/0 
 0 0 ACCEPT tcp * * ::/0 ::/0 tcp dpt:22 state NEW
```

Verify all open ports listening on non-localhost addresses have at least one firewall rule.

The last line identified by the ""tcp dpt:22 state NEW"" identifies it as a firewall rule for new connections on tcp port 22.

 **-OR-** 

Verify IPv6 is disabled:

Run the following script. Output will confirm if IPv6 is enabled on the system:

```
#!/usr/bin/bash

{
 if grep -Pqs '^\h*0\b' /sys/module/ipv6/parameters/disable; then
 echo -e "" - IPv6 is enabled on the system""
 else
 echo -e "" - IPv6 is not enabled on the system""
 fi
} 
```","For each port identified in the audit which does not have a firewall rule establish a proper rule for accepting inbound connections:

```
# ip6tables -A INPUT -p <protocol> --dport <port> -m state --state NEW -j ACCEPT
```","# [SABC] Not applicable on the Red Hat family — no CIS AlmaLinux 8 equivalent for this Debian-specific control.
```
#!/usr/bin/env bash
exit 101
```","# [SABC] Not applicable on the Red Hat family — no CIS AlmaLinux 8 equivalent for this Debian-specific control.
"
JR2.C.4.1.0,jr2_c_4_1_0,section,Configure time-based job schedulers,Configure time-based job schedulers.,debian;redhat,,,,"`cron` is a time-based job scheduler used to schedule jobs, commands or shell scripts, to run periodically at fixed times, dates, or intervals.

`at` provides the ability to execute a command or shell script at a specified date and hour, or after a given interval of time.

_Notes:_
- _Other methods exist for scheduling jobs, such as `systemd timers`. If another method is used, it should be secured in accordance with local site policy_
- _`systemd timers` are systemd unit files whose name ends in `.timer` that control `.service` files or events_
 - _Timers can be used as an alternative to `cron` and `at`_
 - _Timers have built-in support for calendar time events, monotonic time events, and can be run asynchronously_
- _If `cron` and `at` are not installed, this section can be skipped_",,,,,
JR2.C.4.1.1,jr2_c_4_1_1,control,Configure time-based job schedulers,Ensure cron daemon is enabled and active.,debian;redhat,1,CIS-U22:4.1.1,Cron daemon must be enabled and active.,"The `cron` daemon is used to execute batch jobs on the system.

**Note:** Other methods, such as `systemd timers`, exist for scheduling jobs. If another method is used, `cron` should be removed, and the alternate method should be secured in accordance with local site policy.","While there may not be user jobs that need to be run on the system, the system does have maintenance jobs that may include security monitoring that have to run, and `cron` is used to execute them.","Run the following command to verify `cron` is enabled:
```
# systemctl is-enabled cron

enabled
```

Run the following command to verify that `cron` is active:
```
# systemctl is-active cron

active
```","Run the following command to enable and start `cron`:

```
# systemctl unmask cron
# systemctl --now enable cron
```","# [SABC] Red Hat family guidance — family-neutral procedure; the Debian commands (sysctl/systemctl/file/pam checks) run identically on the Red Hat family.
Run the following command to verify `cron` is enabled:
```
# systemctl is-enabled cron

enabled
```

Run the following command to verify that `cron` is active:
```
# systemctl is-active cron

active
```","# [SABC] Red Hat family guidance — family-neutral procedure; the Debian commands (sysctl/systemctl/file/pam checks) run identically on the Red Hat family.
Run the following command to enable and start `cron`:

```
# systemctl unmask cron
# systemctl --now enable cron
```"
JR2.C.4.1.2,jr2_c_4_1_2,control,Configure time-based job schedulers,Ensure permissions on /etc/crontab are configured.,debian;redhat,1,CIS-U22:4.1.2,Access: (0600/-rw-------) Uid: ( 0/ root) Gid: ( 0/ root).,"The `/etc/crontab` file is used by `cron` to control its own jobs. The commands in this item make sure that root is the user and group owner of the file and that only the owner can access the file.

**Note:** Other methods, such as `systemd timers`, exist for scheduling jobs. If another method is used, `cron` should be removed, and the alternate method should be secured in accordance with local site policy.",This file contains information on what system jobs are run by cron. Write access to these files could provide unprivileged users with the ability to elevate their privileges. Read access to these files could provide users with the ability to gain insight on system jobs that run on the system and could provide them a way to gain unauthorized privileged access.,"Run the following command and verify `Uid` and `Gid` are both `0/root` and `Access` does not grant permissions to `group` or `other` :

```
# stat -Lc 'Access: (%a/%A) Uid: ( %u/ %U) Gid: ( %g/ %G)' /etc/crontab

Access: (600/-rw-------) Uid: ( 0/ root) Gid: ( 0/ root)
```","Run the following commands to set ownership and permissions on `/etc/crontab` :

```
# chown root:root /etc/crontab
# chmod og-rwx /etc/crontab
```","# [SABC] Red Hat family guidance — family-neutral procedure; the Debian commands (sysctl/systemctl/file/pam checks) run identically on the Red Hat family.
Run the following command and verify `Uid` and `Gid` are both `0/root` and `Access` does not grant permissions to `group` or `other` :

```
# stat -Lc 'Access: (%a/%A) Uid: ( %u/ %U) Gid: ( %g/ %G)' /etc/crontab

Access: (600/-rw-------) Uid: ( 0/ root) Gid: ( 0/ root)
```","# [SABC] Red Hat family guidance — family-neutral procedure; the Debian commands (sysctl/systemctl/file/pam checks) run identically on the Red Hat family.
Run the following commands to set ownership and permissions on `/etc/crontab` :

```
# chown root:root /etc/crontab
# chmod og-rwx /etc/crontab
```"
JR2.C.4.1.3,jr2_c_4_1_3,control,Configure time-based job schedulers,Ensure permissions on /etc/cron.hourly are configured.,debian;redhat,1,CIS-U22:4.1.3,Access: (0700/drwx------) Uid: ( 0/ root) Gid: ( 0/ root).,"This directory contains system `cron` jobs that need to run on an hourly basis. The files in this directory cannot be manipulated by the `crontab` command, but are instead edited by system administrators using a text editor. The commands below restrict read/write and search access to user and group root, preventing regular users from accessing this directory.

**Note:** Other methods, such as `systemd timers`, exist for scheduling jobs. If another method is used, `cron` should be removed, and the alternate method should be secured in accordance with local site policy.",Granting write access to this directory for non-privileged users could provide them the means for gaining unauthorized elevated privileges. Granting read access to this directory could give an unprivileged user insight in how to gain elevated privileges or circumvent auditing controls.,"Run the following command and verify `Uid` and `Gid` are both `0/root` and `Access` does not grant permissions to `group` or `other`:

```
# stat -Lc 'Access: (%a/%A) Uid: ( %u/ %U) Gid: ( %g/ %G)' /etc/cron.hourly/

Access: (700/drwx------) Uid: ( 0/ root) Gid: ( 0/ root)
```","Run the following commands to set ownership and permissions on the `/etc/cron.hourly` directory:

```
# chown root:root /etc/cron.hourly/
# chmod og-rwx /etc/cron.hourly/
```","# [SABC] Red Hat family guidance — family-neutral procedure; the Debian commands (sysctl/systemctl/file/pam checks) run identically on the Red Hat family.
Run the following command and verify `Uid` and `Gid` are both `0/root` and `Access` does not grant permissions to `group` or `other`:

```
# stat -Lc 'Access: (%a/%A) Uid: ( %u/ %U) Gid: ( %g/ %G)' /etc/cron.hourly/

Access: (700/drwx------) Uid: ( 0/ root) Gid: ( 0/ root)
```","# [SABC] Red Hat family guidance — family-neutral procedure; the Debian commands (sysctl/systemctl/file/pam checks) run identically on the Red Hat family.
Run the following commands to set ownership and permissions on the `/etc/cron.hourly` directory:

```
# chown root:root /etc/cron.hourly/
# chmod og-rwx /etc/cron.hourly/
```"
JR2.C.4.1.4,jr2_c_4_1_4,control,Configure time-based job schedulers,Ensure permissions on /etc/cron.daily are configured.,debian;redhat,1,CIS-U22:4.1.4,Access: (0700/drwx------) Uid: ( 0/ root) Gid: ( 0/ root).,"The `/etc/cron.daily` directory contains system cron jobs that need to run on a daily basis. The files in this directory cannot be manipulated by the `crontab` command, but are instead edited by system administrators using a text editor. The commands below restrict read/write and search access to user and group root, preventing regular users from accessing this directory.

**Note:** Other methods, such as `systemd timers`, exist for scheduling jobs. If another method is used, `cron` should be removed, and the alternate method should be secured in accordance with local site policy.",Granting write access to this directory for non-privileged users could provide them the means for gaining unauthorized elevated privileges. Granting read access to this directory could give an unprivileged user insight in how to gain elevated privileges or circumvent auditing controls.,"Run the following command and verify `Uid` and `Gid` are both `0/root` and `Access` does not grant permissions to `group` or `other`:

```
# stat -Lc 'Access: (%a/%A) Uid: ( %u/ %U) Gid: ( %g/ %G)' /etc/cron.daily/

Access: (700/drwx------) Uid: ( 0/ root) Gid: ( 0/ root)
```","Run the following commands to set ownership and permissions on the `/etc/cron.daily` directory:

```
# chown root:root /etc/cron.daily/
# chmod og-rwx /etc/cron.daily/
```","# [SABC] Red Hat family guidance — family-neutral procedure; the Debian commands (sysctl/systemctl/file/pam checks) run identically on the Red Hat family.
Run the following command and verify `Uid` and `Gid` are both `0/root` and `Access` does not grant permissions to `group` or `other`:

```
# stat -Lc 'Access: (%a/%A) Uid: ( %u/ %U) Gid: ( %g/ %G)' /etc/cron.daily/

Access: (700/drwx------) Uid: ( 0/ root) Gid: ( 0/ root)
```","# [SABC] Red Hat family guidance — family-neutral procedure; the Debian commands (sysctl/systemctl/file/pam checks) run identically on the Red Hat family.
Run the following commands to set ownership and permissions on the `/etc/cron.daily` directory:

```
# chown root:root /etc/cron.daily/
# chmod og-rwx /etc/cron.daily/
```"
JR2.C.4.1.5,jr2_c_4_1_5,control,Configure time-based job schedulers,Ensure permissions on /etc/cron.weekly are configured.,debian;redhat,1,CIS-U22:4.1.5,Access: (0700/drwx------) Uid: ( 0/ root) Gid: ( 0/ root).,"The `/etc/cron.weekly` directory contains system cron jobs that need to run on a weekly basis. The files in this directory cannot be manipulated by the `crontab` command, but are instead edited by system administrators using a text editor. The commands below restrict read/write and search access to user and group root, preventing regular users from accessing this directory.

**Note:** Other methods, such as `systemd timers`, exist for scheduling jobs. If another method is used, `cron` should be removed, and the alternate method should be secured in accordance with local site policy.",Granting write access to this directory for non-privileged users could provide them the means for gaining unauthorized elevated privileges. Granting read access to this directory could give an unprivileged user insight in how to gain elevated privileges or circumvent auditing controls.,"Run the following command and verify `Uid` and `Gid` are both `0/root` and `Access` does not grant permissions to `group` or `other`:

```
# stat -Lc 'Access: (%a/%A) Uid: ( %u/ %U) Gid: ( %g/ %G)' /etc/cron.weekly/

Access: (700/drwx------) Uid: ( 0/ root) Gid: ( 0/ root)
```","Run the following commands to set ownership and permissions on the `/etc/cron.weekly` directory:

```
# chown root:root /etc/cron.weekly/
# chmod og-rwx /etc/cron.weekly/
```","# [SABC] Red Hat family guidance — family-neutral procedure; the Debian commands (sysctl/systemctl/file/pam checks) run identically on the Red Hat family.
Run the following command and verify `Uid` and `Gid` are both `0/root` and `Access` does not grant permissions to `group` or `other`:

```
# stat -Lc 'Access: (%a/%A) Uid: ( %u/ %U) Gid: ( %g/ %G)' /etc/cron.weekly/

Access: (700/drwx------) Uid: ( 0/ root) Gid: ( 0/ root)
```","# [SABC] Red Hat family guidance — family-neutral procedure; the Debian commands (sysctl/systemctl/file/pam checks) run identically on the Red Hat family.
Run the following commands to set ownership and permissions on the `/etc/cron.weekly` directory:

```
# chown root:root /etc/cron.weekly/
# chmod og-rwx /etc/cron.weekly/
```"
JR2.C.4.1.6,jr2_c_4_1_6,control,Configure time-based job schedulers,Ensure permissions on /etc/cron.monthly are configured.,debian;redhat,1,CIS-U22:4.1.6,Access: (0700/drwx------) Uid: ( 0/ root) Gid: ( 0/ root).,"The `/etc/cron.monthly` directory contains system cron jobs that need to run on a monthly basis. The files in this directory cannot be manipulated by the `crontab` command, but are instead edited by system administrators using a text editor. The commands below restrict read/write and search access to user and group root, preventing regular users from accessing this directory.

**Note:** Other methods, such as `systemd timers`, exist for scheduling jobs. If another method is used, `cron` should be removed, and the alternate method should be secured in accordance with local site policy.",Granting write access to this directory for non-privileged users could provide them the means for gaining unauthorized elevated privileges. Granting read access to this directory could give an unprivileged user insight in how to gain elevated privileges or circumvent auditing controls.,"Run the following command and verify `Uid` and `Gid` are both `0/root` and `Access` does not grant permissions to `group` or `other`:

```
# stat -Lc 'Access: (%a/%A) Uid: ( %u/ %U) Gid: ( %g/ %G)' /etc/cron.monthly/

Access: (700/drwx------) Uid: ( 0/ root) Gid: ( 0/ root)
```","Run the following commands to set ownership and permissions on the `/etc/cron.monthly` directory:

```
# chown root:root /etc/cron.monthly/
# chmod og-rwx /etc/cron.monthly/
```","# [SABC] Red Hat family guidance — family-neutral procedure; the Debian commands (sysctl/systemctl/file/pam checks) run identically on the Red Hat family.
Run the following command and verify `Uid` and `Gid` are both `0/root` and `Access` does not grant permissions to `group` or `other`:

```
# stat -Lc 'Access: (%a/%A) Uid: ( %u/ %U) Gid: ( %g/ %G)' /etc/cron.monthly/

Access: (700/drwx------) Uid: ( 0/ root) Gid: ( 0/ root)
```","# [SABC] Red Hat family guidance — family-neutral procedure; the Debian commands (sysctl/systemctl/file/pam checks) run identically on the Red Hat family.
Run the following commands to set ownership and permissions on the `/etc/cron.monthly` directory:

```
# chown root:root /etc/cron.monthly/
# chmod og-rwx /etc/cron.monthly/
```"
JR2.C.4.1.7,jr2_c_4_1_7,control,Configure time-based job schedulers,Ensure permissions on /etc/cron.d are configured.,debian;redhat,1,CIS-U22:4.1.7,Access: (0700/drwx------) Uid: ( 0/ root) Gid: ( 0/ root).,"The `/etc/cron.d` directory contains system `cron` jobs that need to run in a similar manner to the hourly, daily weekly and monthly jobs from `/etc/crontab`, but require more granular control as to when they run. The files in this directory cannot be manipulated by the `crontab` command, but are instead edited by system administrators using a text editor. The commands below restrict read/write and search access to user and group root, preventing regular users from accessing this directory.

**Note:** Other methods, such as `systemd timers`, exist for scheduling jobs. If another method is used, `cron` should be removed, and the alternate method should be secured in accordance with local site policy.",Granting write access to this directory for non-privileged users could provide them the means for gaining unauthorized elevated privileges. Granting read access to this directory could give an unprivileged user insight in how to gain elevated privileges or circumvent auditing controls.,"Run the following command and verify `Uid` and `Gid` are both `0/root` and `Access` does not grant permissions to `group` or `other`:

```
# stat -Lc 'Access: (%a/%A) Uid: ( %u/ %U) Gid: ( %g/ %G)' /etc/cron.d/

Access: (700/drwx------) Uid: ( 0/ root) Gid: ( 0/ root)
```","Run the following commands to set ownership and permissions on the `/etc/cron.d` directory:

```
# chown root:root /etc/cron.d/
# chmod og-rwx /etc/cron.d/
```","# [SABC] Red Hat family guidance — family-neutral procedure; the Debian commands (sysctl/systemctl/file/pam checks) run identically on the Red Hat family.
Run the following command and verify `Uid` and `Gid` are both `0/root` and `Access` does not grant permissions to `group` or `other`:

```
# stat -Lc 'Access: (%a/%A) Uid: ( %u/ %U) Gid: ( %g/ %G)' /etc/cron.d/

Access: (700/drwx------) Uid: ( 0/ root) Gid: ( 0/ root)
```","# [SABC] Red Hat family guidance — family-neutral procedure; the Debian commands (sysctl/systemctl/file/pam checks) run identically on the Red Hat family.
Run the following commands to set ownership and permissions on the `/etc/cron.d` directory:

```
# chown root:root /etc/cron.d/
# chmod og-rwx /etc/cron.d/
```"
JR2.C.4.1.8,jr2_c_4_1_8,control,Configure time-based job schedulers,Ensure cron is restricted to authorized users.,debian;redhat,1,CIS-U22:4.1.8,"/etc/cron.deny cannot exist
/etc/cron.allow Access: (0640/-rw-r-----) Uid: ( 0/ root) Gid: ( 0/ root).
Add users allowed to use cron in /etc/cron.allow.","Configure `/etc/cron.allow` to allow specific users to use this service. If `/etc/cron.allow` does not exist, then `/etc/cron.deny` is checked. Any user not specifically defined in this file is allowed to use cron. By removing the file, only users in `/etc/cron.allow` are allowed to use cron.

**Note:**
- Other methods, such as `systemd timers`, exist for scheduling jobs. If another method is used, `cron` should be removed, and the alternate method should be secured in accordance with local site policy
- Even though a given user is not listed in `cron.allow`, cron jobs can still be run as that user
- The `cron.allow` file only controls administrative access to the crontab command for scheduling and modifying cron jobs.","On many systems, only the system administrator is authorized to schedule `cron` jobs. Using the `cron.allow` file to control who can run `cron` jobs enforces this policy. It is easier to manage an allow list than a deny list. In a deny list, you could potentially add a user ID to the system and forget to add it to the deny files.","Run the following script to verify:
- `/etc/cron.deny` does not exist
- `/etc/cron.allow` does exist
- `/etc/cron.allow` is mode `0640` or more restrictive
- `/etc/cron.allow` is owned by the user `root`
- `/etc/cron.allow` is group owned by the group `crontab`

 -OR-

- `cron` is not installed on the system

```
#!/usr/bin/env bash

{
 l_output="""" l_output2=""""
 if dpkg-query -W cron > /dev/null 2> then
 l_file=""/etc/cron.allow""
 [ -e /etc/cron.deny ] && l_output2=""$l_output2\n - cron.deny exists""
 if [ ! -e /etc/cron.allow ]; then 
 l_output2=""$l_output2\n - cron.allow doesn't exist""
 else
 l_mask='0137'
 l_maxperm=""$( printf '%o' $(( 0777 & ~$l_mask)) )""
 while read l_mode l_fown l_fgroup; do 
 if [ $(( $l_mode & $l_mask )) -gt 0 ]; then
 l_output2=""$l_output2\n - \""$l_file\"" is mode: \""$l_mode\"" (should be mode: \""$l_maxperm\"" or more restrictive)""
 else
 l_output=""$l_output\n - \""$l_file\"" is correctly set to mode: \""$l_mode\""""
 fi
 if [ ""$l_fown"" != ""root"" ]; then
 l_output2=""$l_output2\n - \""$l_file\"" is owned by user \""$l_fown\"" (should be owned by \""root\"")""
 else
 l_output=""$l_output\n - \""$l_file\"" is correctly owned by user: \""$l_fown\""""
 fi
 if [ ""$l_fgroup"" != ""crontab"" ]; then
 l_output2=""$l_output2\n - \""$l_file\"" is owned by group: \""$l_fgroup\"" (should be owned by group: \""crontab\"")""
 else
 l_output=""$l_output\n - \""$l_file\"" is correctly owned by group: \""$l_fgroup\""""
 fi
 done < <(stat -Lc '%#a %U %G' ""$l_file"")
 fi
 else
 l_output=""$l_output\n - cron is not installed on the system""
 fi
 if [ -z ""$l_output2"" ]; then
 echo -e ""\n- Audit Result:\n ** PASS **$l_output\n""
 else
 echo -e ""\n- Audit Result:\n ** FAIL **\n - Reason(s) for audit failure:$l_output2\n""
 fi
}
```","Run the following script to:
- Remove `/etc/cron.deny` if it exists
- Create `/etc/cron.allow` if it doesn't exist
- Change ownership of `/etc/cron.allow` to the `root` user
- Change group ownership of `/etc/cron.allow` to the group `crontab`

```
#!/usr/bin/env bash

{
 if dpkg-query -W cron > /dev/null 2> then
 l_file=""/etc/cron.allow""
 l_mask='0137'
 l_maxperm=""$( printf '%o' $(( 0777 & ~$l_mask)) )""
 if [ -e /etc/cron.deny ]; then
 echo -e "" - Removing \""/etc/cron.deny\""""
 rm -f /etc/cron.deny
 fi
 if [ ! -e /etc/cron.allow ]; then
 echo -e "" - creating \""$l_file\""""
 touch ""$l_file""
 fi
 while read l_mode l_fown l_fgroup; do
 if [ $(( $l_mode & $l_mask )) -gt 0 ]; then
 echo -e "" - Removing excessive permissions from \""$l_file\""""
 chmod u-x,g-wx,o-rwx ""$l_file""
 fi
 if [ ""$l_fown"" != ""root"" ]; then
 echo -e "" - Changing owner on \""$l_file\"" from: \""$l_fown\"" to: \""root\""""
 chown root ""$l_file""
 fi
 if [ ""$l_fgroup"" != ""crontab"" ]; then
 echo -e "" - Changing group owner on \""$l_file\"" from: \""$l_fgroup\"" to: \""crontab\""""
 chgrp crontab ""$l_file""
 fi
 done < <(stat -Lc '%#a %U %G' ""$l_file"")
 else
 echo -e ""- cron is not installed on the system, no remediation required\n""
 fi
}
```","# [SABC] Not applicable on the Red Hat family — no CIS AlmaLinux 8 equivalent for this Debian-specific control.
```
#!/usr/bin/env bash
exit 101
```","# [SABC] Not applicable on the Red Hat family — no CIS AlmaLinux 8 equivalent for this Debian-specific control.
"
JR2.C.4.1.9,jr2_c_4_1_9,control,Configure time-based job schedulers,Ensure at is restricted to authorized users.,debian;redhat,1,CIS-U22:4.1.9,"/etc/at.deny must not exist
/etc/at.allow Access: (0640/-rw-r-----) Uid: ( 0/ root) Gid: ( 0/ root).
Add users allowed to use at to /etc/at.allow.","Configure `/etc/at.allow` to allow specific users to use this service. If `/etc/at.allow` does not exist, then `/etc/at.deny` is checked. Any user not specifically defined in this file is allowed to use `at`. By removing the file, only users in `/etc/at.allow` are allowed to use `at`.

**Note:** Other methods, such as `systemd timers`, exist for scheduling jobs. If another method is used, `at` should be removed, and the alternate method should be secured in accordance with local site policy.","On many systems, only the system administrator is authorized to schedule `at` jobs. Using the `at.allow` file to control who can run `at` jobs enforces this policy. It is easier to manage an allow list than a deny list. In a deny list, you could potentially add a user ID to the system and forget to add it to the deny files.","Run the following script to verify:
- `/etc/at.deny` does not exist
- `/etc/at.allow` does exist
- `/etc/at.allow` is mode `0640` or more restrictive
- `/etc/at.allow` is owned by the user `root`
- `/etc/at.allow` is group owned by the group `root`

 -OR-

- `at` is not installed on the system

```
#!/usr/bin/env bash

{
 l_output="""" l_output2=""""
 if dpkg-query -W at > /dev/null 2> then
 l_file=""/etc/at.allow""
 [ -e /etc/at.deny ] && l_output2=""$l_output2\n - at.deny exists""
 if [ ! -e /etc/at.allow ]; then 
 l_output2=""$l_output2\n - at.allow doesn't exist""
 else
 l_mask='0137'
 l_maxperm=""$( printf '%o' $(( 0777 & ~$l_mask)) )""
 while read l_mode l_fown l_fgroup; do
 if [ $(( $l_mode & $l_mask )) -gt 0 ]; then
 l_output2=""$l_output2\n - \""$l_file\"" is mode: \""$l_mode\"" (should be mode: \""$l_maxperm\"" or more restrictive)""
 else
 l_output=""$l_output\n - \""$l_file\"" is correctly set to mode: \""$l_mode\""""
 fi
 if [ ""$l_fown"" != ""root"" ]; then
 l_output2=""$l_output2\n - \""$l_file\"" is owned by user \""$l_fown\"" (should be owned by \""root\"")""
 else
 l_output=""$l_output\n - \""$l_file\"" is correctly owned by user: \""$l_fown\""""
 fi
 if [ ""$l_fgroup"" != ""root"" ]; then
 l_output2=""$l_output2\n - \""$l_file\"" is owned by group: \""$l_fgroup\"" (should be owned by group: \""root\"")""
 else
 l_output=""$l_output\n - \""$l_file\"" is correctly owned by group: \""$l_fgroup\""""
 fi
 done < <(stat -Lc '%#a %U %G' ""$l_file"")
 fi
 else
 l_output=""$l_output\n - at is not installed on the system""
 fi
 if [ -z ""$l_output2"" ]; then
 echo -e ""\n- Audit Result:\n ** PASS **$l_output\n""
 else
 echo -e ""\n- Audit Result:\n ** FAIL **\n - Reason(s) for audit failure:$l_output2\n""
 fi
}
```","Run the following script to:
- Remove `/etc/at.deny` if it exists
- Create `/etc/at.allow` if it doesn't exist
- Change ownership of `/etc/at.allow` to the `root` user
- Change group ownership of `/etc/at.allow` to the group `root`

```
#!/usr/bin/env bash

{
 if dpkg-query -W at > /dev/null 2> then
 l_file=""/etc/at.allow""
 l_mask='0137'
 l_maxperm=""$( printf '%o' $(( 0777 & ~$l_mask)) )""
 if [ -e /etc/at.deny ]; then
 echo -e "" - Removing \""/etc/at.deny\""""
 rm -f /etc/at.deny
 fi
 if [ ! -e /etc/at.allow ]; then
 echo -e "" - creating \""$l_file\""""
 touch ""$l_file""
 fi
 while read l_mode l_fown l_fgroup; do
 if [ $(( $l_mode & $l_mask )) -gt 0 ]; then
 echo -e "" - Removing excessive permissions from \""$l_file\""""
 chmod u-x,g-wx,o-rwx ""$l_file""
 fi
 if [ ""$l_fown"" != ""root"" ]; then
 echo -e "" - Changing owner on \""$l_file\"" from: \""$l_fown\"" to: \""root\""""
 chown root ""$l_file""
 fi
 if [ ""$l_fgroup"" != ""root"" ]; then
 echo -e "" - Changing group owner on \""$l_file\"" from: \""$l_fgroup\"" to: \""root\""""
 chgrp root ""$l_file""
 fi
 done < <(stat -Lc '%#a %U %G' ""$l_file"")
 else
 echo -e ""- cron is not installed on the system, no remediation required\n""
 fi
}
```","# [SABC] Red Hat family guidance — authored from the CIS AlmaLinux 8 Benchmark.
# (CIS AlmaLinux 8 §2.4.2.1 — Ensure access to at is configured)
```
# stat -Lc 'Access: (%a/%A) Owner: (%U) Group: (%G)' /etc/at.allow
# [ -e ""/etc/at.deny"" ] && stat -Lc 'Access: (%a/%A) Owner: (%U) Group: (%G)'
```","# [SABC] Red Hat family guidance — authored from the CIS AlmaLinux 8 Benchmark.
# (CIS AlmaLinux 8 §2.4.2.1 — Ensure access to at is configured)
```
#!/usr/bin/env bash

{
     grep -Pq -- '^daemon\b' /etc/group && l_group=""daemon"" || l_group=""root""
     [ ! -e ""/etc/at.allow"" ] && touch /etc/at.allow
     chown root:""$l_group"" /etc/at.allow
     chmod u-x,g-wx,o-rwx /etc/at.allow
     [ -e ""/etc/at.deny"" ] && chown root:""$l_group"" /etc/at.deny
     [ -e ""/etc/at.deny"" ] && chmod u-x,g-wx,o-rwx /etc/at.deny
}
```"
JR2.C.4.2.0,jr2_c_4_2_0,section,Configure SSH Server,Configure SSH Server.,debian;redhat,,,,"SSH is a secure, encrypted replacement for common login services such as `telnet`, `ftp`, `rlogin`, `rsh`, and `rcp`. It is strongly recommended that sites abandon older clear-text login protocols and use SSH to prevent session hijacking and sniffing of sensitive data off the network.

**Note:**
- The recommendations in this section only apply if the SSH daemon is installed on the system, if remote access is **not** required the SSH daemon can be removed and this section skipped.
- The following openSSH daemon configuration options, `Include` and `Match`, may cause the audits in this section's recommendations to report incorrectly. It is recommended that these options only be used if they're needed and fully understood. If these options are configured in accordance with local site policy, they should be accounted for when following the recommendations in this section.
- The default `Include` location is the `/etc/ssh/sshd_config.d` directory. This default has been accounted for in this section. If a file has an additional `Include` that isn't this default location, the files should be reviewed to verify that the recommended setting is not being over-ridden.
- The audits of the running configuration in this section are run in the context of the root user, the local host name, and the local host's IP address. If a `Match` block exists that matches one of these criteria, the output of the audit will be from the match block. The respective matched criteria should be replaced with a non-matching substitution.
- Once all configuration changes have been made to `/etc/ssh/sshd_config` or any included configuration files, the `sshd` configuration must be reloaded
- `Include`:
 - Include the specified configuration file(s).
 - Multiple pathnames may be specified and each pathname may contain glob(7) wildcards.
 - Files without absolute paths are assumed to be in /etc/ssh.
 - An Include directive may appear inside a Match block to perform conditional inclusion.
- `Match`:
 - Introduces a conditional block.
 - If all of the criteria on the Match line are satisfied, the keywords on the following lines override those set in the global section of the config file, until either another Match line or the end of the file.
 - If a keyword appears in multiple Match blocks that are satisfied, only the first instance of the keyword is applied.
 - The arguments to Match are one or more criteria-pattern pairs or the single token All which matches all criteria. The available criteria are User, Group, Host, LocalAddress, LocalPort, RDomain, and Address (with RDomain representing the rdomain(4) on which the connection was received).
 - The match patterns may consist of single entries or comma-separated lists and may use the wildcard and negation operators described in the PATTERNS section of ssh_config(5).
 - The patterns in an Address criteria may additionally contain addresses to match in CIDR address/masklen format, such as 192.0.2.0/24 or 2001:db8::/32. Note that the mask length provided must be consistent with the address - it is an error to specify a mask length that is too long for the address or one with bits set in this host portion of the address. For example, 192.0.2.0/33 and 192.0.2.0/8, respectively.
 - Only a subset of keywords may be used on the lines following a Match keyword.
 - Available keywords are: `AcceptEnv`, `AllowAgentForwarding`, `AllowGroups`, `AllowStreamLocalForwarding`, `AllowTcpForwarding`, `AllowUsers`, `AuthenticationMethods`, `AuthorizedKeysCommand`, `AuthorizedKeysCommandUser`, `AuthorizedKeysFile`, `AuthorizedPrincipalsCommand`, `AuthorizedPrincipalsCommandUser`, `AuthorizedPrincipalsFile`, `Banner`, `ChrootDirectory`, `ClientAliveCountMax`, `ClientAliveInterval`, `DenyGroups`, `DenyUsers`, `ForceCommand`, `GatewayPorts`, `GSSAPIAuthentication`, `HostbasedAcceptedKeyTypes`, `HostbasedAuthentication`, `HostbasedUsesNameFromPacketOnly`, `Include`, `IPQoS`, `KbdInteractiveAuthentication`, `KerberosAuthentication`, `LogLevel`, `MaxAuthTries`, `MaxSessions`, `PasswordAuthentication`, `PermitEmptyPasswords`, `PermitListen`, `PermitOpen`, `PermitRootLogin`, `PermitTTY`, `PermitTunnel`, `PermitUserRC`, `PubkeyAcceptedKeyTypes`, `PubkeyAuthentication`, `RekeyLimit`, `RevokedKeys`, `RDomain`, `SetEnv`, `StreamLocalBindMask`, `StreamLocalBindUnlink`, `TrustedUserCAKeys`, `X11DisplayOffset`, `X11Forwarding` and `X11UseLocalhost`.

Command to re-load the SSH daemon configuration:

```
# systemctl reload sshd
```

Command to remove the SSH daemon:

```
# apt purge openssh-server
```",,,,,
JR2.C.4.2.1,jr2_c_4_2_1,control,Configure SSH Server,Ensure permissions on /etc/ssh/sshd_config are configured.,debian;redhat,1,CIS-U22:4.2.1,"Access: (0600/-rw-------) or more restrictive
Uid: ( 0/ root) Gid: ( 0/ root).","The file `/etc/ssh/sshd_config`, and files ending in `.conf` in the `/etc/ssh/sshd_config.d` directory, contain configuration specifications for `sshd`.",configuration specifications for `sshd` need to be protected from unauthorized changes by non-privileged users.,"Run the following script and verify `/etc/ssh/sshd_config` and files ending in `.conf` in the `/etc/ssh/sshd_config.d` directory are:
 - Mode `0600` or more restrictive
 - Owned by the `root` user
 - Group owned by the group `root`.

```
#!/usr/bin/env bash

{
 l_output="""" l_output2=""""
 unset a_sshdfiles && a_sshdfiles=()
 [ -e ""/etc/ssh/sshd_config"" ] && a_sshdfiles+=(""$(stat -Lc '%n^%#a^%U^%G' ""/etc/ssh/sshd_config"")"")
 while IFS= read -r -d $'\0' l_file; do
 [ -e ""$l_file"" ] && a_sshdfiles+=(""$(stat -Lc '%n^%#a^%U^%G' ""$l_file"")"")
 done < <(find /etc/ssh/sshd_config.d -type f \( -perm /077 -o ! -user root -o ! -group root \) -print0)
 if (( ${#a_sshdfiles[@]} != 0 )); then
 perm_mask='0177'
 maxperm=""$( printf '%o' $(( 0777 & ~$perm_mask)) )""
 while IFS=""^"" read -r l_file l_mode l_user l_group; do
 l_out2=""""
 [ $(( $l_mode & $perm_mask )) -gt 0 ] && l_out2=""$l_out2\n - Is mode: \""$l_mode\"" should be: \""$maxperm\"" or more restrictive""
 [ ""$l_user"" != ""root"" ] && l_out2=""$l_out2\n - Is owned by \""$l_user\"" should be owned by \""root\""""
 [ ""$l_group"" != ""root"" ] && l_out2=""$l_out2\n - Is group owned by \""$l_user\"" should be group owned by \""root\""""
 if [ -n ""$l_out2"" ]; then
 l_output2=""$l_output2\n - File: \""$l_file\"":$l_out2""
 else
 l_output=""$l_output\n - File: \""$l_file\"":\n - Correct: mode ($l_mode), owner ($l_user), and group owner ($l_group) configured""
 fi
 done <<< ""$(printf '%s\n' ""${a_sshdfiles[@]}"")""
 fi
 unset a_sshdfiles
 # If l_output2 is empty, we pass
 if [ -z ""$l_output2"" ]; then
 echo -e ""\n- Audit Result:\n *** PASS ***\n- * Correctly set * :\n$l_output\n""
 else
 echo -e ""\n- Audit Result:\n ** FAIL **\n - * Reasons for audit failure * :\n$l_output2\n""
 [ -n ""$l_output"" ] && echo -e "" - * Correctly set * :\n$l_output\n""
 fi
}
```","Run the following script to set ownership and permissions on `/etc/ssh/sshd_config` and files ending in `.conf` in the `/etc/ssh/sshd_config.d` directory:

```
#!/usr/bin/env bash

{
 chmod u-x,og-rwx /etc/ssh/sshd_config
 chown root:root /etc/ssh/sshd_config
 while IFS= read -r -d $'\0' l_file; do
 if [ -e ""$l_file"" ]; then
 chmod u-x,og-rwx ""$l_file""
 chown root:root ""$l_file""
 fi
 done < <(find /etc/ssh/sshd_config.d -type f -print0)
}
```","# [SABC] Red Hat family guidance — family-neutral procedure; the Debian commands (sysctl/systemctl/file/pam checks) run identically on the Red Hat family.
Run the following script and verify `/etc/ssh/sshd_config` and files ending in `.conf` in the `/etc/ssh/sshd_config.d` directory are:
 - Mode `0600` or more restrictive
 - Owned by the `root` user
 - Group owned by the group `root`.

```
#!/usr/bin/env bash

{
 l_output="""" l_output2=""""
 unset a_sshdfiles && a_sshdfiles=()
 [ -e ""/etc/ssh/sshd_config"" ] && a_sshdfiles+=(""$(stat -Lc '%n^%#a^%U^%G' ""/etc/ssh/sshd_config"")"")
 while IFS= read -r -d $'\0' l_file; do
 [ -e ""$l_file"" ] && a_sshdfiles+=(""$(stat -Lc '%n^%#a^%U^%G' ""$l_file"")"")
 done < <(find /etc/ssh/sshd_config.d -type f \( -perm /077 -o ! -user root -o ! -group root \) -print0)
 if (( ${#a_sshdfiles[@]} != 0 )); then
 perm_mask='0177'
 maxperm=""$( printf '%o' $(( 0777 & ~$perm_mask)) )""
 while IFS=""^"" read -r l_file l_mode l_user l_group; do
 l_out2=""""
 [ $(( $l_mode & $perm_mask )) -gt 0 ] && l_out2=""$l_out2\n - Is mode: \""$l_mode\"" should be: \""$maxperm\"" or more restrictive""
 [ ""$l_user"" != ""root"" ] && l_out2=""$l_out2\n - Is owned by \""$l_user\"" should be owned by \""root\""""
 [ ""$l_group"" != ""root"" ] && l_out2=""$l_out2\n - Is group owned by \""$l_user\"" should be group owned by \""root\""""
 if [ -n ""$l_out2"" ]; then
 l_output2=""$l_output2\n - File: \""$l_file\"":$l_out2""
 else
 l_output=""$l_output\n - File: \""$l_file\"":\n - Correct: mode ($l_mode), owner ($l_user), and group owner ($l_group) configured""
 fi
 done <<< ""$(printf '%s\n' ""${a_sshdfiles[@]}"")""
 fi
 unset a_sshdfiles
 # If l_output2 is empty, we pass
 if [ -z ""$l_output2"" ]; then
 echo -e ""\n- Audit Result:\n *** PASS ***\n- * Correctly set * :\n$l_output\n""
 else
 echo -e ""\n- Audit Result:\n ** FAIL **\n - * Reasons for audit failure * :\n$l_output2\n""
 [ -n ""$l_output"" ] && echo -e "" - * Correctly set * :\n$l_output\n""
 fi
}
```","# [SABC] Red Hat family guidance — family-neutral procedure; the Debian commands (sysctl/systemctl/file/pam checks) run identically on the Red Hat family.
Run the following script to set ownership and permissions on `/etc/ssh/sshd_config` and files ending in `.conf` in the `/etc/ssh/sshd_config.d` directory:

```
#!/usr/bin/env bash

{
 chmod u-x,og-rwx /etc/ssh/sshd_config
 chown root:root /etc/ssh/sshd_config
 while IFS= read -r -d $'\0' l_file; do
 if [ -e ""$l_file"" ]; then
 chmod u-x,og-rwx ""$l_file""
 chown root:root ""$l_file""
 fi
 done < <(find /etc/ssh/sshd_config.d -type f -print0)
}
```"
JR2.C.4.2.2,jr2_c_4_2_2,control,Configure SSH Server,Ensure permissions on SSH private host key files are configured.,debian;redhat,1,CIS-U22:4.2.2,Uid must be 0/root and Gid must be 0/root. Permissions must be 0600 or more restrictive.,"An SSH private key is one of two files used in SSH public key authentication. In this authentication method, the possession of the private key is proof of identity. Only a private key that corresponds to a public key will be able to authenticate successfully. The private keys need to be stored and handled carefully, and no copies of the private key should be distributed.","If an unauthorized user obtains the private SSH host key file, the host could be impersonated.","Verify every SSH private host key is 0600 (or stricter) and owned root:root.

```bash
#!/bin/bash
bad=0
for f in /etc/ssh/ssh_host_*_key; do
  [ -e ""$f"" ] || continue
  [ ""$(stat -c '%U:%G' ""$f"")"" = ""root:root"" ] || bad=1
  case ""$(stat -c '%a' ""$f"")"" in
    600|400|0) : ;;
    *) bad=1 ;;
  esac
done
exit $bad
```","Set every SSH private host key to 0600 root:root.

```bash
#!/bin/bash
for f in /etc/ssh/ssh_host_*_key; do
  [ -e ""$f"" ] || continue
  chown root:root ""$f""
  chmod 0600 ""$f""
done
exit 0
```","# [SABC] Red Hat family guidance — family-neutral procedure; the Debian commands (sysctl/systemctl/file/pam checks) run identically on the Red Hat family.
Verify every SSH private host key is 0600 (or stricter) and owned root:root.

```bash
#!/bin/bash
bad=0
for f in /etc/ssh/ssh_host_*_key; do
  [ -e ""$f"" ] || continue
  [ ""$(stat -c '%U:%G' ""$f"")"" = ""root:root"" ] || bad=1
  case ""$(stat -c '%a' ""$f"")"" in
    600|400|0) : ;;
    *) bad=1 ;;
  esac
done
exit $bad
```","# [SABC] Red Hat family guidance — family-neutral procedure; the Debian commands (sysctl/systemctl/file/pam checks) run identically on the Red Hat family.
Set every SSH private host key to 0600 root:root.

```bash
#!/bin/bash
for f in /etc/ssh/ssh_host_*_key; do
  [ -e ""$f"" ] || continue
  chown root:root ""$f""
  chmod 0600 ""$f""
done
exit 0
```"
JR2.C.4.2.3,jr2_c_4_2_3,control,Configure SSH Server,Ensure permissions on SSH public host key files are configured.,debian;redhat,1,CIS-U22:4.2.3,"Access must not grant write or execute permissions 
to group or other.","An SSH public key is one of two files used in SSH public key authentication. In this authentication method, a public key is a key that can be used for verifying digital signatures generated using a corresponding private key. Only a public key that corresponds to a private key will be able to authenticate successfully.","If a public host key file is modified by an unauthorized user, the SSH service may be compromised.","Run the following command and verify Access does not grant write or execute permissions to group or other for all returned files:

Run the following script to verify SSH public host key files are mode 0644 or more restrictive, owned be the root user, and owned be the root group:

```
#!/usr/bin/env bash

{
 l_output="""" l_output2=""""
 l_pmask=""0133"" 
 awk '{print}' <<< ""$(find -L /etc/ssh -xdev -type f -exec stat -Lc ""%n %#a %U %G"" {} +)"" | (while read -r l_file l_mode l_owner l_group; do
 if file ""$l_file"" | grep -Pq ':\h+OpenSSH\h+(\H+\h+)?public\h+key\b'; then
 l_maxperm=""$( printf '%o' $(( 0777 & ~$l_pmask )) )""
 if [ $(( $l_mode & $l_pmask )) -gt 0 ]; then
 l_output2=""$l_output2\n - Public key file: \""$l_file\"" is mode \""$l_mode\"" should be mode: \""$l_maxperm\"" or more restrictive""
 else 
 l_output=""$l_output\n - Public key file: \""$l_file\"" is mode \""$l_mode\"" should be mode: \""$l_maxperm\"" or more restrictive""
 fi
 if [ ""$l_owner"" != ""root"" ]; then
 l_output2=""$l_output2\n - Public key file: \""$l_file\"" is owned by: \""$l_owner\"" should be owned by \""root\""""
 else
 l_output=""$l_output\n - Public key file: \""$l_file\"" is owned by: \""$l_owner\"" should be owned by \""root\""""
 fi
 if [ ""$l_group"" != ""root"" ]; then
 l_output2=""$l_output2\n - Public key file: \""$l_file\"" is owned by group \""$l_group\"" should belong to group \""root\""\n""
 else
 l_output=""$l_output\n - Public key file: \""$l_file\"" is owned by group \""$l_group\"" should belong to group \""root\""\n""
 fi
 fi
 done
 if [ -z ""$l_output2"" ]; then
 echo -e ""\n- Audit Result:\n *** PASS ***\n$l_output""
 else
 echo -e ""\n- Audit Result:\n *** FAIL ***\n$l_output2\n\n - Correctly set:\n$l_output""
 fi
 )
}
```","Run the following script to set mode, ownership, and group on the public SSH host key files:

```
#!/usr/bin/env bash

{
 l_pmask=""0133""
 l_maxperm=""$( printf '%o' $(( 0777 & ~$l_pmask )) )""
 awk '{print}' <<< ""$(find -L /etc/ssh -xdev -type f -exec stat -Lc ""%n %#a %U %G"" {} +)"" | (while read -r l_file l_mode l_owner l_group; do
 if file ""$l_file"" | grep -Pq ':\h+OpenSSH\h+(\H+\h+)?public\h+key\b'; then
 echo -e "" - Checking private key file: \""$l_file\""""
 if [ $(( $l_mode & $l_pmask )) -gt 0 ]; then
 echo -e "" - File: \""$l_file\"" is mode \""$l_mode\"" changing to mode: \""$l_maxperm\""""
 chmod u-x,go-wx ""$l_file""
 fi
 if [ ""$l_owner"" != ""root"" ]; then
 echo -e "" - File: \""$l_file\"" is owned by: \""$l_owner\"" changing owner to \""root\""""
 chown root ""$l_file""
 fi
 if [ ""$l_group"" != ""root"" ]; then
 echo -e "" - File: \""$l_file\"" is owned by group \""$l_group\"" changing to group \""root\""""
 chgrp ""root"" ""$l_file""
 fi
 fi
 done
 )
}
```","# [SABC] Red Hat family guidance — family-neutral procedure; the Debian commands (sysctl/systemctl/file/pam checks) run identically on the Red Hat family.
Run the following command and verify Access does not grant write or execute permissions to group or other for all returned files:

Run the following script to verify SSH public host key files are mode 0644 or more restrictive, owned be the root user, and owned be the root group:

```
#!/usr/bin/env bash

{
 l_output="""" l_output2=""""
 l_pmask=""0133"" 
 awk '{print}' <<< ""$(find -L /etc/ssh -xdev -type f -exec stat -Lc ""%n %#a %U %G"" {} +)"" | (while read -r l_file l_mode l_owner l_group; do
 if file ""$l_file"" | grep -Pq ':\h+OpenSSH\h+(\H+\h+)?public\h+key\b'; then
 l_maxperm=""$( printf '%o' $(( 0777 & ~$l_pmask )) )""
 if [ $(( $l_mode & $l_pmask )) -gt 0 ]; then
 l_output2=""$l_output2\n - Public key file: \""$l_file\"" is mode \""$l_mode\"" should be mode: \""$l_maxperm\"" or more restrictive""
 else 
 l_output=""$l_output\n - Public key file: \""$l_file\"" is mode \""$l_mode\"" should be mode: \""$l_maxperm\"" or more restrictive""
 fi
 if [ ""$l_owner"" != ""root"" ]; then
 l_output2=""$l_output2\n - Public key file: \""$l_file\"" is owned by: \""$l_owner\"" should be owned by \""root\""""
 else
 l_output=""$l_output\n - Public key file: \""$l_file\"" is owned by: \""$l_owner\"" should be owned by \""root\""""
 fi
 if [ ""$l_group"" != ""root"" ]; then
 l_output2=""$l_output2\n - Public key file: \""$l_file\"" is owned by group \""$l_group\"" should belong to group \""root\""\n""
 else
 l_output=""$l_output\n - Public key file: \""$l_file\"" is owned by group \""$l_group\"" should belong to group \""root\""\n""
 fi
 fi
 done
 if [ -z ""$l_output2"" ]; then
 echo -e ""\n- Audit Result:\n *** PASS ***\n$l_output""
 else
 echo -e ""\n- Audit Result:\n *** FAIL ***\n$l_output2\n\n - Correctly set:\n$l_output""
 fi
 )
}
```","# [SABC] Red Hat family guidance — family-neutral procedure; the Debian commands (sysctl/systemctl/file/pam checks) run identically on the Red Hat family.
Run the following script to set mode, ownership, and group on the public SSH host key files:

```
#!/usr/bin/env bash

{
 l_pmask=""0133""
 l_maxperm=""$( printf '%o' $(( 0777 & ~$l_pmask )) )""
 awk '{print}' <<< ""$(find -L /etc/ssh -xdev -type f -exec stat -Lc ""%n %#a %U %G"" {} +)"" | (while read -r l_file l_mode l_owner l_group; do
 if file ""$l_file"" | grep -Pq ':\h+OpenSSH\h+(\H+\h+)?public\h+key\b'; then
 echo -e "" - Checking private key file: \""$l_file\""""
 if [ $(( $l_mode & $l_pmask )) -gt 0 ]; then
 echo -e "" - File: \""$l_file\"" is mode \""$l_mode\"" changing to mode: \""$l_maxperm\""""
 chmod u-x,go-wx ""$l_file""
 fi
 if [ ""$l_owner"" != ""root"" ]; then
 echo -e "" - File: \""$l_file\"" is owned by: \""$l_owner\"" changing owner to \""root\""""
 chown root ""$l_file""
 fi
 if [ ""$l_group"" != ""root"" ]; then
 echo -e "" - File: \""$l_file\"" is owned by group \""$l_group\"" changing to group \""root\""""
 chgrp ""root"" ""$l_file""
 fi
 fi
 done
 )
}
```"
JR2.C.4.2.4,jr2_c_4_2_4,control,Configure SSH Server,Ensure SSH access is limited.,debian;redhat,1,CIS-U22:4.2.4,"/etc/ssh/sshd_config must contain at least one of these parameters:
allowusers <userlist>
allowgroups <grouplist>
denyusers <userlist>
denygroups <grouplist>","There are several options available to limit which users and group can access the system via SSH. It is recommended that at least one of the following options be leveraged:

- `AllowUsers`:
 - The `AllowUsers` variable gives the system administrator the option of allowing specific users to `ssh` into the system. The list consists of space separated user names. Numeric user IDs are not recognized with this variable. If a system administrator wants to restrict user access further by only allowing the allowed users to log in from a particular host, the entry can be specified in the form of user@host.
- `AllowGroups`:
 - The `AllowGroups` variable gives the system administrator the option of allowing specific groups of users to `ssh` into the system. The list consists of space separated group names. Numeric group IDs are not recognized with this variable.
- `DenyUsers`:
 - The `DenyUsers` variable gives the system administrator the option of denying specific users to `ssh` into the system. The list consists of space separated user names. Numeric user IDs are not recognized with this variable. If a system administrator wants to restrict user access further by specifically denying a user's access from a particular host, the entry can be specified in the form of user@host.
- `DenyGroups`:
 - The `DenyGroups` variable gives the system administrator the option of denying specific groups of users to `ssh` into the system. The list consists of space separated group names. Numeric group IDs are not recognized with this variable.",Restricting which users can remotely access the system via SSH will help ensure that only authorized users access the system.,"Verify sshd carries an explicit access policy (AllowUsers, AllowGroups, DenyUsers or DenyGroups).

```bash
#!/bin/bash
if command -v sshd >/dev/null 2>&1; then
  sshd -T 2>/dev/null | grep -Eqi '^(allowusers|allowgroups|denyusers|denygroups)[[:space:]]+[^[:space:]]' && exit 0
fi
cat /etc/ssh/sshd_config /etc/ssh/sshd_config.d/*.conf 2>/dev/null | grep -Eqi '^[[:space:]]*(Allow|Deny)(Users|Groups)[[:space:]]+[^[:space:]]' && exit 0
exit 1
```","Install a minimal explicit access policy (DenyUsers nobody) as a sshd_config.d drop-in — replace with the organisation's real allow-list. Validated with sshd -t and rolled back on error.

```bash
#!/bin/bash
cat /etc/ssh/sshd_config /etc/ssh/sshd_config.d/*.conf 2>/dev/null | grep -Eqi '^[[:space:]]*(Allow|Deny)(Users|Groups)[[:space:]]+[^[:space:]]' && exit 0
d=/etc/ssh/sshd_config.d
mkdir -p ""$d""
f=""$d/60-sabc-access.conf""
printf 'DenyUsers nobody\n' > ""$f""
if command -v sshd >/dev/null 2>&1 && ! sshd -t >/dev/null 2>&1; then
  rm -f ""$f""
  exit 1
fi
systemctl reload ssh >/dev/null 2>&1 || systemctl reload sshd >/dev/null 2>&1
exit 0
```","# [SABC] Red Hat family guidance — family-neutral procedure; the Debian commands (sysctl/systemctl/file/pam checks) run identically on the Red Hat family.
Verify sshd carries an explicit access policy (AllowUsers, AllowGroups, DenyUsers or DenyGroups).

```bash
#!/bin/bash
if command -v sshd >/dev/null 2>&1; then
  sshd -T 2>/dev/null | grep -Eqi '^(allowusers|allowgroups|denyusers|denygroups)[[:space:]]+[^[:space:]]' && exit 0
fi
cat /etc/ssh/sshd_config /etc/ssh/sshd_config.d/*.conf 2>/dev/null | grep -Eqi '^[[:space:]]*(Allow|Deny)(Users|Groups)[[:space:]]+[^[:space:]]' && exit 0
exit 1
```","# [SABC] Red Hat family guidance — family-neutral procedure; the Debian commands (sysctl/systemctl/file/pam checks) run identically on the Red Hat family.
Install a minimal explicit access policy (DenyUsers nobody) as a sshd_config.d drop-in — replace with the organisation's real allow-list. Validated with sshd -t and rolled back on error.

```bash
#!/bin/bash
cat /etc/ssh/sshd_config /etc/ssh/sshd_config.d/*.conf 2>/dev/null | grep -Eqi '^[[:space:]]*(Allow|Deny)(Users|Groups)[[:space:]]+[^[:space:]]' && exit 0
d=/etc/ssh/sshd_config.d
mkdir -p ""$d""
f=""$d/60-sabc-access.conf""
printf 'DenyUsers nobody\n' > ""$f""
if command -v sshd >/dev/null 2>&1 && ! sshd -t >/dev/null 2>&1; then
  rm -f ""$f""
  exit 1
fi
systemctl reload ssh >/dev/null 2>&1 || systemctl reload sshd >/dev/null 2>&1
exit 0
```"
JR2.C.4.2.5,jr2_c_4_2_5,control,Configure SSH Server,Ensure SSH LogLevel is appropriate.,debian;redhat,1,CIS-U22:4.2.5,Must be set to either LogLevel INFO or VERBOSE.,"`INFO` level is the basic level that only records login activity of SSH users. In many situations, such as Incident Response, it is important to determine when a particular user was active on a system. The logout record can eliminate those users who disconnected, which helps narrow the field.

`VERBOSE` level specifies that login and logout activity as well as the key fingerprint for any SSH key used for login will be logged. This information is important for SSH key management, especially in legacy environments.",SSH provides several logging levels with varying amounts of verbosity. `DEBUG` is specifically **not** recommended other than strictly for debugging SSH communications since it provides so much data that it is difficult to identify important security information.,"Run the following command and verify that output matches `loglevel VERBOSE` or `loglevel INFO`:
```
# sshd -T -C user=root -C host=""$(hostname)"" -C addr=""$(grep $(hostname) /etc/hosts | awk '{print $1}')"" | grep loglevel

loglevel VERBOSE or loglevel INFO
```

Run the following command and verify the output matches:
```
# grep -Pis '^\h*loglevel\h+' /etc/ssh/sshd_config /etc/ssh/sshd_config.d/*.conf | grep -Pvi '(VERBOSE|INFO)'

Nothing should be returned
```

**Note:** If `Include` locations besides, or in addition to `/etc/ssh/sshd_config.d/*.conf` and/or `Match` set statements are used in your environment, those locations should be checked for the correct configuration as well.","Edit the `/etc/ssh/sshd_config` file to set the parameter above any `Include` entries as follows:

```
LogLevel VERBOSE
```
_OR_
```
LogLevel INFO
```

**Note:** First occurrence of a option takes precedence, `Match` set statements withstanding. If `Include` locations are enabled, used, and order of precedence is understood in your environment, the entry may be created in a file in `Include` location.","# [SABC] Red Hat family guidance — family-neutral procedure; the Debian commands (sysctl/systemctl/file/pam checks) run identically on the Red Hat family.
Run the following command and verify that output matches `loglevel VERBOSE` or `loglevel INFO`:
```
# sshd -T -C user=root -C host=""$(hostname)"" -C addr=""$(grep $(hostname) /etc/hosts | awk '{print $1}')"" | grep loglevel

loglevel VERBOSE or loglevel INFO
```

Run the following command and verify the output matches:
```
# grep -Pis '^\h*loglevel\h+' /etc/ssh/sshd_config /etc/ssh/sshd_config.d/*.conf | grep -Pvi '(VERBOSE|INFO)'

Nothing should be returned
```

**Note:** If `Include` locations besides, or in addition to `/etc/ssh/sshd_config.d/*.conf` and/or `Match` set statements are used in your environment, those locations should be checked for the correct configuration as well.","# [SABC] Red Hat family guidance — family-neutral procedure; the Debian commands (sysctl/systemctl/file/pam checks) run identically on the Red Hat family.
Edit the `/etc/ssh/sshd_config` file to set the parameter above any `Include` entries as follows:

```
LogLevel VERBOSE
```
_OR_
```
LogLevel INFO
```

**Note:** First occurrence of a option takes precedence, `Match` set statements withstanding. If `Include` locations are enabled, used, and order of precedence is understood in your environment, the entry may be created in a file in `Include` location."
JR2.C.4.2.6,jr2_c_4_2_6,control,Configure SSH Server,Ensure SSH PAM is enabled.,debian;redhat,1,CIS-U22:4.2.6,Set UsePAM yes in /etc/ssh/sshd_config.,The `UsePAM` directive enables the Pluggable Authentication Module (PAM) interface. If set to `yes` this will enable PAM authentication using `ChallengeResponseAuthentication` and `PasswordAuthentication` directives in addition to PAM account and session module processing for all authentication types.,"When `usePAM` is set to `yes`, PAM runs through account and session types properly. This is important if you want to restrict access to services based off of IP, time or other factors of the account. Additionally, you can make sure users inherit certain environment variables on login or disallow access to the server.","Run the following command:

```
# sshd -T -C user=root -C host=""$(hostname)"" -C addr=""$(grep $(hostname) /etc/hosts | awk '{print $1}')"" | grep -i usepam
```

Verify the output matches:

```
usepam yes
```

Run the following command:

```
# grep -Pis '^\h*UsePAM\h+""?no""?\b' /etc/ssh/sshd_config /etc/ssh/ssh_config.d/*.conf
```

Nothing should be returned.

**Note:** If `Include` locations besides, or in addition to `/etc/ssh/sshd_config.d/*.conf` are used in your environment, those locations should be checked for the correct configuration as well.","Edit the `/etc/ssh/sshd_config` file to set the parameter above any `Include` entries as follows:

```
UsePAM yes
```

**Note:** First occurrence of a option takes precedence. If `Include` locations are enabled, used, and order of precedence is understood in your environment, the entry may be created in a file in `Include` location.","# [SABC] Red Hat family guidance — family-neutral procedure; the Debian commands (sysctl/systemctl/file/pam checks) run identically on the Red Hat family.
Run the following command:

```
# sshd -T -C user=root -C host=""$(hostname)"" -C addr=""$(grep $(hostname) /etc/hosts | awk '{print $1}')"" | grep -i usepam
```

Verify the output matches:

```
usepam yes
```

Run the following command:

```
# grep -Pis '^\h*UsePAM\h+""?no""?\b' /etc/ssh/sshd_config /etc/ssh/ssh_config.d/*.conf
```

Nothing should be returned.

**Note:** If `Include` locations besides, or in addition to `/etc/ssh/sshd_config.d/*.conf` are used in your environment, those locations should be checked for the correct configuration as well.","# [SABC] Red Hat family guidance — family-neutral procedure; the Debian commands (sysctl/systemctl/file/pam checks) run identically on the Red Hat family.
Edit the `/etc/ssh/sshd_config` file to set the parameter above any `Include` entries as follows:

```
UsePAM yes
```

**Note:** First occurrence of a option takes precedence. If `Include` locations are enabled, used, and order of precedence is understood in your environment, the entry may be created in a file in `Include` location."
JR2.C.4.2.7,jr2_c_4_2_7,control,Configure SSH Server,Ensure SSH root login is disabled.,debian;redhat,1,CIS-U22:4.2.7,PermitRootLogin no,The `PermitRootLogin` parameter specifies if the root user can log in using SSH. The default is `prohibit-password`.,"Disallowing `root` logins over SSH requires system admins to authenticate using their own individual account, then escalating to `root`. This limits opportunity for non-repudiation and provides a clear audit trail in the event of a security incident.","Run the following command:

```
# sshd -T -C user=root -C host=""$(hostname)"" -C addr=""$(grep $(hostname) /etc/hosts | awk '{print $1}')"" | grep permitrootlogin
```

Verify the output matches:

```
permitrootlogin no
```

Run the following command:

```
# grep -Pis '^\h*PermitRootLogin\h+""?(yes|prohibit-password|forced-commands-only)""?\b' /etc/ssh/sshd_config /etc/ssh/ssh_config.d/*.conf
```

Nothing should be returned.

**Note:** If `Include` locations besides, or in addition to `/etc/ssh/sshd_config.d/*.conf` and/or `Match` set statements are used in your environment, those locations should be checked for the correct configuration as well.","Edit the `/etc/ssh/sshd_config` file to set the parameter above any `Include` entries as follows:

```
PermitRootLogin no
```

**Note:** First occurrence of a option takes precedence, `Match` set statements withstanding. If `Include` locations are enabled, used, and order of precedence is understood in your environment, the entry may be created in a file in `Include` location.","# [SABC] Red Hat family guidance — family-neutral procedure; the Debian commands (sysctl/systemctl/file/pam checks) run identically on the Red Hat family.
Run the following command:

```
# sshd -T -C user=root -C host=""$(hostname)"" -C addr=""$(grep $(hostname) /etc/hosts | awk '{print $1}')"" | grep permitrootlogin
```

Verify the output matches:

```
permitrootlogin no
```

Run the following command:

```
# grep -Pis '^\h*PermitRootLogin\h+""?(yes|prohibit-password|forced-commands-only)""?\b' /etc/ssh/sshd_config /etc/ssh/ssh_config.d/*.conf
```

Nothing should be returned.

**Note:** If `Include` locations besides, or in addition to `/etc/ssh/sshd_config.d/*.conf` and/or `Match` set statements are used in your environment, those locations should be checked for the correct configuration as well.","# [SABC] Red Hat family guidance — family-neutral procedure; the Debian commands (sysctl/systemctl/file/pam checks) run identically on the Red Hat family.
Edit the `/etc/ssh/sshd_config` file to set the parameter above any `Include` entries as follows:

```
PermitRootLogin no
```

**Note:** First occurrence of a option takes precedence, `Match` set statements withstanding. If `Include` locations are enabled, used, and order of precedence is understood in your environment, the entry may be created in a file in `Include` location."
JR2.C.4.2.8,jr2_c_4_2_8,control,Configure SSH Server,Ensure SSH HostbasedAuthentication is disabled.,debian;redhat,1,CIS-U22:4.2.8,Must be disabled.,"The `HostbasedAuthentication` parameter specifies if authentication is allowed through trusted hosts via the user of `.rhosts`, or `/etc/hosts.equiv`, along with successful public key client host authentication.","Even though the `.rhosts` files are ineffective if support is disabled in `/etc/pam.conf`, disabling the ability to use `.rhosts` files in SSH provides an additional layer of protection.","Run the following command:

```
# sshd -T -C user=root -C host=""$(hostname)"" -C addr=""$(grep $(hostname) /etc/hosts | awk '{print $1}')"" | grep hostbasedauthentication
```

Verify the output matches:

```
hostbasedauthentication no
```

Run the following command:

```
# grep -Pis '^\h*HostbasedAuthentication\h+""?yes""?\b' /etc/ssh/sshd_config /etc/ssh/sshd_config.d/*.conf
```

Nothing should be returned.

**Note:** If `Include` locations besides, or in addition to `/etc/ssh/sshd_config.d/*.conf` and/or `Match` set statements are used in your environment, those locations should be checked for the correct configuration as well.","Edit the `/etc/ssh/sshd_config` file to set the parameter above any `Include` entries as follows:

```
HostbasedAuthentication no
```

**Note:** First occurrence of a option takes precedence, `Match` set statements withstanding. If `Include` locations are enabled, used, and order of precedence is understood in your environment, the entry may be created in a file in `Include` location.","# [SABC] Red Hat family guidance — family-neutral procedure; the Debian commands (sysctl/systemctl/file/pam checks) run identically on the Red Hat family.
Run the following command:

```
# sshd -T -C user=root -C host=""$(hostname)"" -C addr=""$(grep $(hostname) /etc/hosts | awk '{print $1}')"" | grep hostbasedauthentication
```

Verify the output matches:

```
hostbasedauthentication no
```

Run the following command:

```
# grep -Pis '^\h*HostbasedAuthentication\h+""?yes""?\b' /etc/ssh/sshd_config /etc/ssh/sshd_config.d/*.conf
```

Nothing should be returned.

**Note:** If `Include` locations besides, or in addition to `/etc/ssh/sshd_config.d/*.conf` and/or `Match` set statements are used in your environment, those locations should be checked for the correct configuration as well.","# [SABC] Red Hat family guidance — family-neutral procedure; the Debian commands (sysctl/systemctl/file/pam checks) run identically on the Red Hat family.
Edit the `/etc/ssh/sshd_config` file to set the parameter above any `Include` entries as follows:

```
HostbasedAuthentication no
```

**Note:** First occurrence of a option takes precedence, `Match` set statements withstanding. If `Include` locations are enabled, used, and order of precedence is understood in your environment, the entry may be created in a file in `Include` location."
JR2.C.4.2.9,jr2_c_4_2_9,control,Configure SSH Server,Ensure SSH PermitEmptyPasswords is disabled.,debian;redhat,1,CIS-U22:4.2.9,Must be disabled.,The `PermitEmptyPasswords` parameter specifies if the SSH server allows login to accounts with empty password strings.,Disallowing remote shell access to accounts that have an empty password reduces the probability of unauthorized access to the system.,"Run the following command:

```
# sshd -T -C user=root -C host=""$(hostname)"" -C addr=""$(grep $(hostname) /etc/hosts | awk '{print $1}')"" | grep permitemptypasswords
```

Verify the output matches:

```
permitemptypasswords no
```

Run the following command and verify the output:

```
# grep -Pis '^\h*PermitEmptyPasswords\h+""?yes\b' /etc/ssh/sshd_config /etc/ssh/sshd_config.d/*.conf
```

Nothing should be returned.

**Note:** If `Include` locations besides, or in addition to `/etc/ssh/sshd_config.d/*.conf` and/or `Match` set statements are used in your environment, those locations should be checked for the correct configuration as well.","Edit the `/etc/ssh/sshd_config` file to set the parameter above any `Include` entries as follows:

```
PermitEmptyPasswords no
```

**Note:** First occurrence of a option takes precedence, `Match` set statements withstanding. If `Include` locations are enabled, used, and order of precedence is understood in your environment, the entry may be created in a file in `Include` location.","# [SABC] Red Hat family guidance — family-neutral procedure; the Debian commands (sysctl/systemctl/file/pam checks) run identically on the Red Hat family.
Run the following command:

```
# sshd -T -C user=root -C host=""$(hostname)"" -C addr=""$(grep $(hostname) /etc/hosts | awk '{print $1}')"" | grep permitemptypasswords
```

Verify the output matches:

```
permitemptypasswords no
```

Run the following command and verify the output:

```
# grep -Pis '^\h*PermitEmptyPasswords\h+""?yes\b' /etc/ssh/sshd_config /etc/ssh/sshd_config.d/*.conf
```

Nothing should be returned.

**Note:** If `Include` locations besides, or in addition to `/etc/ssh/sshd_config.d/*.conf` and/or `Match` set statements are used in your environment, those locations should be checked for the correct configuration as well.","# [SABC] Red Hat family guidance — family-neutral procedure; the Debian commands (sysctl/systemctl/file/pam checks) run identically on the Red Hat family.
Edit the `/etc/ssh/sshd_config` file to set the parameter above any `Include` entries as follows:

```
PermitEmptyPasswords no
```

**Note:** First occurrence of a option takes precedence, `Match` set statements withstanding. If `Include` locations are enabled, used, and order of precedence is understood in your environment, the entry may be created in a file in `Include` location."
JR2.C.4.2.10,jr2_c_4_2_10,control,Configure SSH Server,Ensure SSH PermitUserEnvironment is disabled.,debian;redhat,1,CIS-U22:4.2.10,Must be disabled.,The `PermitUserEnvironment` option allows users to present environment options to the SSH daemon.,Permitting users the ability to set environment variables through the SSH daemon could potentially allow users to bypass security controls (e.g. setting an execution path that has SSH executing trojan'd programs).,"Run the following command:

```
# sshd -T -C user=root -C host=""$(hostname)"" -C addr=""$(grep $(hostname) /etc/hosts | awk '{print $1}')"" | grep permituserenvironment
```

Verify the output matches:

```
permituserenvironment no
```

Run the following command and verify the output:

```
# grep -Pis '^\h*PermitUserEnvironment\h+""?yes""?\b' /etc/ssh/sshd_config /etc/ssh/sshd_config.d/*.conf
```

Nothing should be returned.

**Note:** If `Include` locations besides, or in addition to `/etc/ssh/sshd_config.d/*.conf` are used in your environment, those locations should be checked for the correct configuration as well.","Edit the `/etc/ssh/sshd_config` file to set the parameter above any Include entries as follows:

```
PermitUserEnvironment no
```

**Note:** First occurrence of a option takes precedence. If `Include` locations are enabled, used, and order of precedence is understood in your environment, the entry may be created in a file in `Include` location.","# [SABC] Red Hat family guidance — family-neutral procedure; the Debian commands (sysctl/systemctl/file/pam checks) run identically on the Red Hat family.
Run the following command:

```
# sshd -T -C user=root -C host=""$(hostname)"" -C addr=""$(grep $(hostname) /etc/hosts | awk '{print $1}')"" | grep permituserenvironment
```

Verify the output matches:

```
permituserenvironment no
```

Run the following command and verify the output:

```
# grep -Pis '^\h*PermitUserEnvironment\h+""?yes""?\b' /etc/ssh/sshd_config /etc/ssh/sshd_config.d/*.conf
```

Nothing should be returned.

**Note:** If `Include` locations besides, or in addition to `/etc/ssh/sshd_config.d/*.conf` are used in your environment, those locations should be checked for the correct configuration as well.","# [SABC] Red Hat family guidance — family-neutral procedure; the Debian commands (sysctl/systemctl/file/pam checks) run identically on the Red Hat family.
Edit the `/etc/ssh/sshd_config` file to set the parameter above any Include entries as follows:

```
PermitUserEnvironment no
```

**Note:** First occurrence of a option takes precedence. If `Include` locations are enabled, used, and order of precedence is understood in your environment, the entry may be created in a file in `Include` location."
JR2.C.4.2.11,jr2_c_4_2_11,control,Configure SSH Server,Ensure SSH IgnoreRhosts is enabled.,debian;redhat,1,CIS-U22:4.2.11,Must be enabled.,The `IgnoreRhosts` parameter specifies that `.rhosts` and `.shosts` files will not be used in `RhostsRSAAuthentication` or `HostbasedAuthentication`.,Setting this parameter forces users to enter a password when authenticating with SSH.,"Run the following command:

```
# sshd -T -C user=root -C host=""$(hostname)"" -C addr=""$(grep $(hostname) /etc/hosts | awk '{print $1}')"" | grep ignorerhosts
```

Verify the output matches:

```
ignorerhosts yes
```

Run the following command:

```
# grep -Pis '^\h*ignorerhosts\h+""?no""?\b' /etc/ssh/sshd_config /etc/ssh/sshd_config.d/*.conf
```

Nothing should be returned.

**Note:** If `Include` locations besides, or in addition to `/etc/ssh/sshd_config.d/*.conf` and/or `Match` set statements are used in your environment, those locations should be checked for the correct configuration as well.","Edit the `/etc/ssh/sshd_config` file to set the parameter above any Include entries as follows:

```
IgnoreRhosts yes
```

**Note:** First occurrence of a option takes precedence, `Match` set statements withstanding. If `Include` locations are enabled, used, and order of precedence is understood in your environment, the entry may be created in a file in `Include` location.","# [SABC] Red Hat family guidance — family-neutral procedure; the Debian commands (sysctl/systemctl/file/pam checks) run identically on the Red Hat family.
Run the following command:

```
# sshd -T -C user=root -C host=""$(hostname)"" -C addr=""$(grep $(hostname) /etc/hosts | awk '{print $1}')"" | grep ignorerhosts
```

Verify the output matches:

```
ignorerhosts yes
```

Run the following command:

```
# grep -Pis '^\h*ignorerhosts\h+""?no""?\b' /etc/ssh/sshd_config /etc/ssh/sshd_config.d/*.conf
```

Nothing should be returned.

**Note:** If `Include` locations besides, or in addition to `/etc/ssh/sshd_config.d/*.conf` and/or `Match` set statements are used in your environment, those locations should be checked for the correct configuration as well.","# [SABC] Red Hat family guidance — family-neutral procedure; the Debian commands (sysctl/systemctl/file/pam checks) run identically on the Red Hat family.
Edit the `/etc/ssh/sshd_config` file to set the parameter above any Include entries as follows:

```
IgnoreRhosts yes
```

**Note:** First occurrence of a option takes precedence, `Match` set statements withstanding. If `Include` locations are enabled, used, and order of precedence is understood in your environment, the entry may be created in a file in `Include` location."
JR2.C.4.2.12,jr2_c_4_2_12,control,Configure SSH Server,Ensure only strong Ciphers are used.,debian;redhat,1,CIS-U22:4.2.13,Ensure an approved strong Cipher is used.,"This variable limits the ciphers that SSH can use during communication.

**Note:**
- Some organizations may have stricter requirements for approved ciphers.
- Ensure that ciphers used are in compliance with site policy.
- The only ""strong"" ciphers currently FIPS 140-2 compliant are:
 - aes256-ctr
 - aes192-ctr
 - aes128-ctr","Weak ciphers that are used for authentication to the cryptographic module cannot be relied upon to provide confidentiality or integrity, and system data may be compromised.

- The Triple DES ciphers, as used in SSH, have a birthday bound of approximately four billion blocks, which makes it easier for remote attackers to obtain clear text data via a birthday attack against a long-duration encrypted session, aka a ""Sweet32"" attack.
- Error handling in the SSH protocol; Client and Server, when using a block cipher algorithm in Cipher Block Chaining (CBC) mode, makes it easier for remote attackers to recover certain plain text data from an arbitrary block of cipher text in an SSH session via unknown vectors.","Run the following command: 

```
# sshd -T -C user=root -C host=""$(hostname)"" -C addr=""$(grep $(hostname) /etc/hosts | awk '{print $1}')"" | grep ciphers
```

Verify that output does not contain any of the following weak ciphers:

```
3des-cbc
aes128-cbc
aes192-cbc
aes256-cbc
rijndael-cbc@lysator.liu.se
```","Edit the `/etc/ssh/sshd_config` file add/modify the `Ciphers` line to contain a comma separated list of the site approved ciphers above any `Include` entries:

_Example:_

```
Ciphers chacha20-poly1305@openssh.com,aes256-gcm@openssh.com,aes128-gcm@openssh.com,aes256-ctr,aes192-ctr,aes128-ctr
```

**Note:** First occurrence of a option takes precedence. If Include locations are enabled, used, and order of precedence is understood in your environment, the entry may be created in a file in Include location.","# [SABC] Red Hat family guidance — family-neutral procedure; the Debian commands (sysctl/systemctl/file/pam checks) run identically on the Red Hat family.
Run the following command: 

```
# sshd -T -C user=root -C host=""$(hostname)"" -C addr=""$(grep $(hostname) /etc/hosts | awk '{print $1}')"" | grep ciphers
```

Verify that output does not contain any of the following weak ciphers:

```
3des-cbc
aes128-cbc
aes192-cbc
aes256-cbc
rijndael-cbc@lysator.liu.se
```","# [SABC] Red Hat family guidance — family-neutral procedure; the Debian commands (sysctl/systemctl/file/pam checks) run identically on the Red Hat family.
Edit the `/etc/ssh/sshd_config` file add/modify the `Ciphers` line to contain a comma separated list of the site approved ciphers above any `Include` entries:

_Example:_

```
Ciphers chacha20-poly1305@openssh.com,aes256-gcm@openssh.com,aes128-gcm@openssh.com,aes256-ctr,aes192-ctr,aes128-ctr
```

**Note:** First occurrence of a option takes precedence. If Include locations are enabled, used, and order of precedence is understood in your environment, the entry may be created in a file in Include location."
JR2.C.4.2.13,jr2_c_4_2_13,control,Configure SSH Server,Ensure only strong MAC algorithms are used.,debian;redhat,1,CIS-U22:4.2.14,Ensure an approved strong MAC algorithm is used.,"This variable limits the types of MAC algorithms that SSH can use during communication.

**Notes:**
- Some organizations may have stricter requirements for approved MACs.
- Ensure that MACs used are in compliance with site policy.
- The only ""strong"" MACs currently FIPS 140-2 approved are:
 - hmac-sha2-256
 - hmac-sha2-512",MD5 and 96-bit MAC algorithms are considered weak and have been shown to increase exploitability in SSH downgrade attacks. Weak algorithms continue to have a great deal of attention as a weak spot that can be exploited with expanded computing power. An attacker that breaks the algorithm could take advantage of a MiTM position to decrypt the SSH tunnel and capture credentials and information.,"Run the following command:

```
# sshd -T -C user=root -C host=""$(hostname)"" -C addr=""$(grep $(hostname) /etc/hosts | awk '{print $1}')"" | grep -i ""MACs""
```

Verify that output does not contain any of the listed weak MAC algorithms:

```
hmac-md5
hmac-md5-96
hmac-ripemd160
hmac-sha1
hmac-sha1-96
umac-64@openssh.com
hmac-md5-etm@openssh.com
hmac-md5-96-etm@openssh.com
hmac-ripemd160-etm@openssh.com
hmac-sha1-etm@openssh.com
hmac-sha1-96-etm@openssh.com
umac-64-etm@openssh.com
```","Edit the `/etc/ssh/sshd_config` file and add/modify the MACs line to contain a comma separated list of the site approved MACs above any `Include` entries:

_Example:_

```
MACs hmac-sha2-512-etm@openssh.com,hmac-sha2-256-etm@openssh.com,hmac-sha2-512,hmac-sha2-256,umac-128-etm@openssh.com,umac-128@openssh.com
```

**Note:** First occurrence of a option takes precedence. If Include locations are enabled, used, and order of precedence is understood in your environment, the entry may be created in a file in Include location.","# [SABC] Red Hat family guidance — family-neutral procedure; the Debian commands (sysctl/systemctl/file/pam checks) run identically on the Red Hat family.
Run the following command:

```
# sshd -T -C user=root -C host=""$(hostname)"" -C addr=""$(grep $(hostname) /etc/hosts | awk '{print $1}')"" | grep -i ""MACs""
```

Verify that output does not contain any of the listed weak MAC algorithms:

```
hmac-md5
hmac-md5-96
hmac-ripemd160
hmac-sha1
hmac-sha1-96
umac-64@openssh.com
hmac-md5-etm@openssh.com
hmac-md5-96-etm@openssh.com
hmac-ripemd160-etm@openssh.com
hmac-sha1-etm@openssh.com
hmac-sha1-96-etm@openssh.com
umac-64-etm@openssh.com
```","# [SABC] Red Hat family guidance — family-neutral procedure; the Debian commands (sysctl/systemctl/file/pam checks) run identically on the Red Hat family.
Edit the `/etc/ssh/sshd_config` file and add/modify the MACs line to contain a comma separated list of the site approved MACs above any `Include` entries:

_Example:_

```
MACs hmac-sha2-512-etm@openssh.com,hmac-sha2-256-etm@openssh.com,hmac-sha2-512,hmac-sha2-256,umac-128-etm@openssh.com,umac-128@openssh.com
```

**Note:** First occurrence of a option takes precedence. If Include locations are enabled, used, and order of precedence is understood in your environment, the entry may be created in a file in Include location."
JR2.C.4.2.14,jr2_c_4_2_14,control,Configure SSH Server,Ensure only strong Key Exchange algorithms are used.,debian;redhat,1,CIS-U22:4.2.15,"Only Strong Key Exchange algorithm is allowed, choose from the following:
- The only Key Exchange Algorithms currently FIPS 140-2 approved are:
 - ecdh-sha2-nistp256
 - ecdh-sha2-nistp384
 - ecdh-sha2-nistp521
 - diffie-hellman-group-exchange-sha256
 - diffie-hellman-group16-sha512
 - diffie-hellman-group18-sha512
 - diffie-hellman-group14-sha256","Key exchange is any method in cryptography by which cryptographic keys are exchanged between two parties, allowing use of a cryptographic algorithm. If the sender and receiver wish to exchange encrypted messages, each must be equipped to encrypt messages to be sent and decrypt messages received

**Notes:**
- Kex algorithms have a higher preference the earlier they appear in the list
- Some organizations may have stricter requirements for approved Key exchange algorithms
- Ensure that Key exchange algorithms used are in compliance with site policy
- The only Key Exchange Algorithms currently FIPS 140-2 approved are:
 - ecdh-sha2-nistp256
 - ecdh-sha2-nistp384
 - ecdh-sha2-nistp521
 - diffie-hellman-group-exchange-sha256
 - diffie-hellman-group16-sha512
 - diffie-hellman-group18-sha512
 - diffie-hellman-group14-sha256","Key exchange methods that are considered weak should be removed. A key exchange method may be weak because too few bits are used, or the hashing algorithm is considered too weak. Using weak algorithms could expose connections to man-in-the-middle attacks.","Run the following command and verify that output does not contain any of the listed weak Key Exchange algorithms:

```
# sshd -T -C user=root -C host=""$(hostname)"" -C addr=""$(grep $(hostname) /etc/hosts | awk '{print $1}')"" | grep kexalgorithms
```

Weak Key Exchange Algorithms:

```
diffie-hellman-group1-sha1
diffie-hellman-group14-sha1
diffie-hellman-group-exchange-sha1
```

**Note:** If Include locations besides, or in addition to /etc/ssh/sshd_config.d/*.conf and/or Match set statements are used in your environment, those locations should be checked for the correct configuration as well.","Edit the /etc/ssh/sshd_config file add/modify the KexAlgorithms line to contain a comma separated list of the site approved key exchange algorithms above any `Include` entries:

_Example:_

```
KexAlgorithms curve25519-sha256,curve25519-sha256@libssh.org,diffie-hellman-group14-sha256,diffie-hellman-group16-sha512,diffie-hellman-group18-sha512,ecdh-sha2-nistp521,ecdh-sha2-nistp384,ecdh-sha2-nistp256,diffie-hellman-group-exchange-sha256
```

**Note:** First occurrence of a option takes precedence. If Include locations are enabled, used, and order of precedence is understood in your environment, the entry may be created in a file in Include location.","# [SABC] Red Hat family guidance — family-neutral procedure; the Debian commands (sysctl/systemctl/file/pam checks) run identically on the Red Hat family.
Run the following command and verify that output does not contain any of the listed weak Key Exchange algorithms:

```
# sshd -T -C user=root -C host=""$(hostname)"" -C addr=""$(grep $(hostname) /etc/hosts | awk '{print $1}')"" | grep kexalgorithms
```

Weak Key Exchange Algorithms:

```
diffie-hellman-group1-sha1
diffie-hellman-group14-sha1
diffie-hellman-group-exchange-sha1
```

**Note:** If Include locations besides, or in addition to /etc/ssh/sshd_config.d/*.conf and/or Match set statements are used in your environment, those locations should be checked for the correct configuration as well.","# [SABC] Red Hat family guidance — family-neutral procedure; the Debian commands (sysctl/systemctl/file/pam checks) run identically on the Red Hat family.
Edit the /etc/ssh/sshd_config file add/modify the KexAlgorithms line to contain a comma separated list of the site approved key exchange algorithms above any `Include` entries:

_Example:_

```
KexAlgorithms curve25519-sha256,curve25519-sha256@libssh.org,diffie-hellman-group14-sha256,diffie-hellman-group16-sha512,diffie-hellman-group18-sha512,ecdh-sha2-nistp521,ecdh-sha2-nistp384,ecdh-sha2-nistp256,diffie-hellman-group-exchange-sha256
```

**Note:** First occurrence of a option takes precedence. If Include locations are enabled, used, and order of precedence is understood in your environment, the entry may be created in a file in Include location."
JR2.C.4.2.15,jr2_c_4_2_15,control,Configure SSH Server,Ensure SSH warning banner is configured.,debian;redhat,1,CIS-U22:4.2.17,Must be configured.,"The `Banner` parameter specifies a file whose contents must be sent to the remote user before authentication is permitted. By default, no banner is displayed.",Banners are used to warn connecting users of the particular site's policy regarding connection. Presenting a warning message prior to the normal user login may assist the prosecution of trespassers on the computer system.,"Run the following command:

```
# sshd -T -C user=root -C host=""$(hostname)"" -C addr=""$(grep $(hostname) /etc/hosts | awk '{print $1}')"" | grep banner
```

Verify the output matches:

```
banner /etc/issue.net
```","Edit the `/etc/ssh/sshd_config` file to set the parameter above any `Include` entries as follows:

```
Banner /etc/issue.net
```

**Note:** First occurrence of a option takes precedence, Match set statements withstanding. If Include locations are enabled, used, and order of precedence is understood in your environment, the entry may be created in a file in Include location.","# [SABC] Red Hat family guidance — family-neutral procedure; the Debian commands (sysctl/systemctl/file/pam checks) run identically on the Red Hat family.
Run the following command:

```
# sshd -T -C user=root -C host=""$(hostname)"" -C addr=""$(grep $(hostname) /etc/hosts | awk '{print $1}')"" | grep banner
```

Verify the output matches:

```
banner /etc/issue.net
```","# [SABC] Red Hat family guidance — family-neutral procedure; the Debian commands (sysctl/systemctl/file/pam checks) run identically on the Red Hat family.
Edit the `/etc/ssh/sshd_config` file to set the parameter above any `Include` entries as follows:

```
Banner /etc/issue.net
```

**Note:** First occurrence of a option takes precedence, Match set statements withstanding. If Include locations are enabled, used, and order of precedence is understood in your environment, the entry may be created in a file in Include location."
JR2.C.4.2.16,jr2_c_4_2_16,control,Configure SSH Server,Ensure SSH MaxAuthTries is set to 4 or less.,debian;redhat,1,CIS-U22:4.2.18,Set to 4 or less.,"The `MaxAuthTries` parameter specifies the maximum number of authentication attempts permitted per connection. When the login failure count reaches half the number, error messages will be written to the `syslog` file detailing the login failure.","Setting the `MaxAuthTries` parameter to a low number will minimize the risk of successful brute force attacks to the SSH server. While the recommended setting is 4, set the number based on site policy.","Run the following command and verify that output `MaxAuthTries` is 4 or less:

```
# sshd -T -C user=root -C host=""$(hostname)"" -C addr=""$(grep $(hostname) /etc/hosts | awk '{print $1}')"" | grep maxauthtries

maxauthtries 4
```

**Note:** If Include locations besides, or in addition to /etc/ssh/sshd_config.d/*.conf and/or Match set statements are used in your environment, those locations should be checked for the correct configuration as well.

Run the following command and verify that the output:

```
# grep -Pis '^\h*maxauthtries\h+""?([5-9]|[1-9][0-9]+)\b' /etc/ssh/sshd_config /etc/ssh/sshd_config.d/*.conf

Nothing is returned
```","Edit the `/etc/ssh/sshd_config` file to set the parameter above any `Include` entries as follows:

```
MaxAuthTries 4
```

**Note:** First occurrence of a option takes precedence, Match set statements withstanding. If Include locations are enabled, used, and order of precedence is understood in your environment, the entry may be created in a file in Include location.","# [SABC] Red Hat family guidance — family-neutral procedure; the Debian commands (sysctl/systemctl/file/pam checks) run identically on the Red Hat family.
Run the following command and verify that output `MaxAuthTries` is 4 or less:

```
# sshd -T -C user=root -C host=""$(hostname)"" -C addr=""$(grep $(hostname) /etc/hosts | awk '{print $1}')"" | grep maxauthtries

maxauthtries 4
```

**Note:** If Include locations besides, or in addition to /etc/ssh/sshd_config.d/*.conf and/or Match set statements are used in your environment, those locations should be checked for the correct configuration as well.

Run the following command and verify that the output:

```
# grep -Pis '^\h*maxauthtries\h+""?([5-9]|[1-9][0-9]+)\b' /etc/ssh/sshd_config /etc/ssh/sshd_config.d/*.conf

Nothing is returned
```","# [SABC] Red Hat family guidance — family-neutral procedure; the Debian commands (sysctl/systemctl/file/pam checks) run identically on the Red Hat family.
Edit the `/etc/ssh/sshd_config` file to set the parameter above any `Include` entries as follows:

```
MaxAuthTries 4
```

**Note:** First occurrence of a option takes precedence, Match set statements withstanding. If Include locations are enabled, used, and order of precedence is understood in your environment, the entry may be created in a file in Include location."
JR2.C.4.2.17,jr2_c_4_2_17,control,Configure SSH Server,Ensure SSH MaxStartups is configured.,debian;redhat,1,CIS-U22:4.2.19,"MaxStartups parameter in /etc/ssh/sshd_config file must be set as follows:
maxstartups 10:30:60",The `MaxStartups` parameter specifies the maximum number of concurrent unauthenticated connections to the SSH daemon.,"To protect a system from denial of service due to a large number of pending authentication connection attempts, use the rate limiting function of MaxStartups to protect availability of sshd logins and prevent overwhelming the daemon.","Run the following command:

```
# sshd -T -C user=root -C host=""$(hostname)"" -C addr=""$(grep $(hostname) /etc/hosts | awk '{print $1}')"" | grep -i maxstartups
```

Verify that output `MaxStartups` is `10:30:60` or more restrictive:

```
maxstartups 10:30:60
```

Run the following command and verify the output:

```
# grep -Pis '^\h*maxstartups\h+""?(((1[1-9]|[1-9][0-9][0-9]+):([0-9]+):([0-9]+))|(([0-9]+):(3[1-9]|[4-9][0-9]|[1-9][0-9][0-9]+):([0-9]+))|(([0-9]+):([0-9]+):(6[1-9]|[7-9][0-9]|[1-9][0-9][0-9]+)))\b' /etc/ssh/sshd_config /etc/ssh/sshd_config.d/*.conf
```

Nothing should be returned.

**Note:** If Include locations besides, or in addition to /etc/ssh/sshd_config.d/*.conf and/or Match set statements are used in your environment, those locations should be checked for the correct configuration as well.","Edit the `/etc/ssh/sshd_config` file to set the parameter above any `Include` entries as follows:

```
MaxStartups 10:30:60
```

**Note:** First occurrence of a option takes precedence. If Include locations are enabled, used, and order of precedence is understood in your environment, the entry may be created in a file in Include location.","# [SABC] Red Hat family guidance — family-neutral procedure; the Debian commands (sysctl/systemctl/file/pam checks) run identically on the Red Hat family.
Run the following command:

```
# sshd -T -C user=root -C host=""$(hostname)"" -C addr=""$(grep $(hostname) /etc/hosts | awk '{print $1}')"" | grep -i maxstartups
```

Verify that output `MaxStartups` is `10:30:60` or more restrictive:

```
maxstartups 10:30:60
```

Run the following command and verify the output:

```
# grep -Pis '^\h*maxstartups\h+""?(((1[1-9]|[1-9][0-9][0-9]+):([0-9]+):([0-9]+))|(([0-9]+):(3[1-9]|[4-9][0-9]|[1-9][0-9][0-9]+):([0-9]+))|(([0-9]+):([0-9]+):(6[1-9]|[7-9][0-9]|[1-9][0-9][0-9]+)))\b' /etc/ssh/sshd_config /etc/ssh/sshd_config.d/*.conf
```

Nothing should be returned.

**Note:** If Include locations besides, or in addition to /etc/ssh/sshd_config.d/*.conf and/or Match set statements are used in your environment, those locations should be checked for the correct configuration as well.","# [SABC] Red Hat family guidance — family-neutral procedure; the Debian commands (sysctl/systemctl/file/pam checks) run identically on the Red Hat family.
Edit the `/etc/ssh/sshd_config` file to set the parameter above any `Include` entries as follows:

```
MaxStartups 10:30:60
```

**Note:** First occurrence of a option takes precedence. If Include locations are enabled, used, and order of precedence is understood in your environment, the entry may be created in a file in Include location."
JR2.C.4.2.18,jr2_c_4_2_18,control,Configure SSH Server,Ensure SSH LoginGraceTime is set to one minute or less.,debian;redhat,1,CIS-U22:4.2.20,LoginGraceTime 60 or less.,The `LoginGraceTime` parameter specifies the time allowed for successful authentication to the SSH server. The longer the Grace period is the more open unauthenticated connections can exist. Like other session controls in this session the Grace Period should be limited to appropriate organizational limits to ensure the service is available for needed access.,"Setting the `LoginGraceTime` parameter to a low number will minimize the risk of successful brute force attacks to the SSH server. It will also limit the number of concurrent unauthenticated connections While the recommended setting is 60 seconds (1 Minute), set the number based on site policy.","Run the following command and verify that output `LoginGraceTime` is between `1` and `60` seconds or `1m`:
```
# sshd -T -C user=root -C host=""$(hostname)"" -C addr=""$(grep $(hostname) /etc/hosts | awk '{print $1}')"" | grep logingracetime

logingracetime 60
```

Run the following command and verify the output:
```
# grep -Pis '^\h*LoginGraceTime\h+""?(0|6[1-9]|[7-9][0-9]|[1-9][0-9][0-9]+|[^1]m)\b' /etc/ssh/sshd_config /etc/ssh/sshd_config.d/*.conf

Nothing should be returned
```

**Note:** If Include locations besides, or in addition to /etc/ssh/sshd_config.d/*.conf and/or Match set statements are used in your environment, those locations should be checked for the correct configuration as well.","Edit the `/etc/ssh/sshd_config` file to set the parameter above any `Include` entries as follows:

```
LoginGraceTime 60
```

**Note:** First occurrence of a option takes precedence, Match set statements withstanding. If Include locations are enabled, used, and order of precedence is understood in your environment, the entry may be created in a file in Include location.","# [SABC] Red Hat family guidance — family-neutral procedure; the Debian commands (sysctl/systemctl/file/pam checks) run identically on the Red Hat family.
Run the following command and verify that output `LoginGraceTime` is between `1` and `60` seconds or `1m`:
```
# sshd -T -C user=root -C host=""$(hostname)"" -C addr=""$(grep $(hostname) /etc/hosts | awk '{print $1}')"" | grep logingracetime

logingracetime 60
```

Run the following command and verify the output:
```
# grep -Pis '^\h*LoginGraceTime\h+""?(0|6[1-9]|[7-9][0-9]|[1-9][0-9][0-9]+|[^1]m)\b' /etc/ssh/sshd_config /etc/ssh/sshd_config.d/*.conf

Nothing should be returned
```

**Note:** If Include locations besides, or in addition to /etc/ssh/sshd_config.d/*.conf and/or Match set statements are used in your environment, those locations should be checked for the correct configuration as well.","# [SABC] Red Hat family guidance — family-neutral procedure; the Debian commands (sysctl/systemctl/file/pam checks) run identically on the Red Hat family.
Edit the `/etc/ssh/sshd_config` file to set the parameter above any `Include` entries as follows:

```
LoginGraceTime 60
```

**Note:** First occurrence of a option takes precedence, Match set statements withstanding. If Include locations are enabled, used, and order of precedence is understood in your environment, the entry may be created in a file in Include location."
JR2.C.4.2.19,jr2_c_4_2_19,control,Configure SSH Server,Ensure SSH MaxSessions is set to 10 or less.,debian;redhat,1,CIS-U22:4.2.21,MaxSessions 10 or less.,The `MaxSessions` parameter specifies the maximum number of open sessions permitted from a given connection.,"To protect a system from denial of service due to a large number of concurrent sessions, use the rate limiting function of MaxSessions to protect availability of sshd logins and prevent overwhelming the daemon.","Run the following command and verify that output `MaxSessions` is `10` or less:
```
# sshd -T -C user=root -C host=""$(hostname)"" -C addr=""$(grep $(hostname) /etc/hosts | awk '{print $1}')"" | grep -i maxsessions

maxsessions 10
```

Run the following command and verify the output:
```
grep -Pis '^\h*MaxSessions\h+""?(1[1-9]|[2-9][0-9]|[1-9][0-9][0-9]+)\b' /etc/ssh/sshd_config /etc/ssh/sshd_config.d/*.conf

Nothing should be returned
```

**Note:** If Include locations besides, or in addition to /etc/ssh/sshd_config.d/*.conf and/or Match set statements are used in your environment, those locations should be checked for the correct configuration as well.","Edit the `/etc/ssh/sshd_config` file to set the parameter above any `Include` entries as follows:

```
MaxSessions 10
```

**Note:** First occurrence of a option takes precedence, Match set statements withstanding. If Include locations are enabled, used, and order of precedence is understood in your environment, the entry may be created in a file in Include location.","# [SABC] Red Hat family guidance — family-neutral procedure; the Debian commands (sysctl/systemctl/file/pam checks) run identically on the Red Hat family.
Run the following command and verify that output `MaxSessions` is `10` or less:
```
# sshd -T -C user=root -C host=""$(hostname)"" -C addr=""$(grep $(hostname) /etc/hosts | awk '{print $1}')"" | grep -i maxsessions

maxsessions 10
```

Run the following command and verify the output:
```
grep -Pis '^\h*MaxSessions\h+""?(1[1-9]|[2-9][0-9]|[1-9][0-9][0-9]+)\b' /etc/ssh/sshd_config /etc/ssh/sshd_config.d/*.conf

Nothing should be returned
```

**Note:** If Include locations besides, or in addition to /etc/ssh/sshd_config.d/*.conf and/or Match set statements are used in your environment, those locations should be checked for the correct configuration as well.","# [SABC] Red Hat family guidance — family-neutral procedure; the Debian commands (sysctl/systemctl/file/pam checks) run identically on the Red Hat family.
Edit the `/etc/ssh/sshd_config` file to set the parameter above any `Include` entries as follows:

```
MaxSessions 10
```

**Note:** First occurrence of a option takes precedence, Match set statements withstanding. If Include locations are enabled, used, and order of precedence is understood in your environment, the entry may be created in a file in Include location."
JR2.C.4.2.20,jr2_c_4_2_20,control,Configure SSH Server,Ensure SSH Idle Timeout Interval is configured.,debian;redhat,1,CIS-U22:4.2.22,ClientAliveInterval and ClientAliveCountMax must be non-zero values.,"**Note:** To clarify, the two settings described below are only meant for idle connections from a protocol perspective and are not meant to check if the user is active or not. An idle user does not mean an idle connection. SSH does not and never had, intentionally, the capability to drop idle users. In SSH versions before `8.2p1` there was a bug that caused these values to behave in such a manner that they were abused to disconnect idle users. This bug has been resolved in `8.2p1` and thus it can no longer be abused disconnect idle users.

The two options `ClientAliveInterval` and `ClientAliveCountMax` control the timeout of SSH sessions. Taken directly from `man 5 sshd_config`:

- `ClientAliveInterval` Sets a timeout interval in seconds after which if no data has been received from the client, sshd(8) will send a message through the encrypted channel to request a response from the client. The default is 0, indicating that these messages will not be sent to the client.

- `ClientAliveCountMax` Sets the number of client alive messages which may be sent without sshd(8) receiving any messages back from the client. If this threshold is reached while client alive messages are being sent, sshd will disconnect the client, terminating the session. It is important to note that the use of client alive messages is very different from TCPKeepAlive. The client alive messages are sent through the encrypted channel and therefore will not be spoofable. The TCP keepalive option en‐abled by TCPKeepAlive is spoofable. The client alive mechanism is valuable when the client or server depend on knowing when a connection has become unresponsive.
The default value is 3. If ClientAliveInterval is set to 15, and ClientAliveCountMax is left at the default, unresponsive SSH clients will be disconnected after approximately 45 seconds. Setting a zero ClientAliveCountMax disables connection termination.","In order to prevent resource exhaustion, appropriate values should be set for both `ClientAliveInterval` and `ClientAliveCountMax`. Specifically, looking at the source code, `ClientAliveCountMax` must be greater than zero in order to utilize the ability of SSH to drop idle connections. If connections are allowed to stay open indefinitely, this can potentially be used as a DDOS attack or simple resource exhaustion could occur over unreliable networks.

The example set here is a 45 second timeout. Consult your site policy for network timeouts and apply as appropriate.","Run the following commands and verify `ClientAliveInterval` is greater than zero:

```
# sshd -T -C user=root -C host=""$(hostname)"" -C addr=""$(grep $(hostname) /etc/hosts | awk '{print $1}')"" | grep clientaliveinterval
```

_Example output:_

```
clientaliveinterval 15
```

Run the following command and verify `ClientAliveCountMax` is greater than zero:

```
# sshd -T -C user=root -C host=""$(hostname)"" -C addr=""$(grep $(hostname) /etc/hosts | awk '{print $1}')"" | grep clientalivecountmax
```

_Example output:_

```
clientalivecountmax 3
```

Run the following command:

```
# grep -Pis '^\h*ClientAliveCountMax\h+""?0\b' /etc/ssh/sshd_config /etc/ssh/sshd_config.d/*.conf

Nothing should be returned
```

**Note:** If Include locations besides, or in addition to /etc/ssh/sshd_config.d/*.conf and/or Match set statements are used in your environment, those locations should be checked for the correct configuration as well.","Edit the `/etc/ssh/sshd_config` file to set the parameters above any `Include` entries according to site policy. 

_Example:_

```
ClientAliveInterval 15
ClientAliveCountMax 3
```

**Note:** First occurrence of a option takes precedence, Match set statements withstanding. If Include locations are enabled, used, and order of precedence is understood in your environment, the entry may be created in a file in Include location.","# [SABC] Red Hat family guidance — family-neutral procedure; the Debian commands (sysctl/systemctl/file/pam checks) run identically on the Red Hat family.
Run the following commands and verify `ClientAliveInterval` is greater than zero:

```
# sshd -T -C user=root -C host=""$(hostname)"" -C addr=""$(grep $(hostname) /etc/hosts | awk '{print $1}')"" | grep clientaliveinterval
```

_Example output:_

```
clientaliveinterval 15
```

Run the following command and verify `ClientAliveCountMax` is greater than zero:

```
# sshd -T -C user=root -C host=""$(hostname)"" -C addr=""$(grep $(hostname) /etc/hosts | awk '{print $1}')"" | grep clientalivecountmax
```

_Example output:_

```
clientalivecountmax 3
```

Run the following command:

```
# grep -Pis '^\h*ClientAliveCountMax\h+""?0\b' /etc/ssh/sshd_config /etc/ssh/sshd_config.d/*.conf

Nothing should be returned
```

**Note:** If Include locations besides, or in addition to /etc/ssh/sshd_config.d/*.conf and/or Match set statements are used in your environment, those locations should be checked for the correct configuration as well.","# [SABC] Red Hat family guidance — family-neutral procedure; the Debian commands (sysctl/systemctl/file/pam checks) run identically on the Red Hat family.
Edit the `/etc/ssh/sshd_config` file to set the parameters above any `Include` entries according to site policy. 

_Example:_

```
ClientAliveInterval 15
ClientAliveCountMax 3
```

**Note:** First occurrence of a option takes precedence, Match set statements withstanding. If Include locations are enabled, used, and order of precedence is understood in your environment, the entry may be created in a file in Include location."
JR2.C.4.3.0,jr2_c_4_3_0,section,Configure privilege escalation,Configure privilege escalation.,debian;redhat,,,,"There are various tools which allows a permitted user to execute a command as the superuser or another user, as specified by the security policy.

#### sudo

[sudo documentation](https://www.sudo.ws/)

The invoking user's real (not effective) user ID is used to determine the user name with which to query the security policy.

`sudo` supports a plug-in architecture for security policies and input/output logging. Third parties can develop and distribute their own policy and I/O logging plug-ins to work seamlessly with the `sudo` front end. The default security policy is `sudoers`, which is configured via the file `/etc/sudoers` and any entries in `/etc/sudoers.d`.

#### pkexec

[pkexec documentation](https://www.freedesktop.org/software/polkit/docs/0.105/pkexec.1.html)

`pkexec` allows an authorized user to execute _PROGRAM_ as another user. If _username_ is not specified, then the program will be executed as the administrative super user, `root`.",,,,,
JR2.C.4.3.1,jr2_c_4_3_1,control,Configure privilege escalation,Ensure sudo is installed.,debian;redhat,1,CIS-U22:4.3.1,Must be installed.,"`sudo` allows a permitted user to execute a command as the superuser or another user, as specified by the security policy. The invoking user's real (not effective) user ID is used to determine the user name with which to query the security policy.","`sudo` supports a plug-in architecture for security policies and input/output logging. Third parties can develop and distribute their own policy and I/O logging plug-ins to work seamlessly with the `sudo` front end. The default security policy is `sudoers`, which is configured via the file `/etc/sudoers` and any entries in `/etc/sudoers.d`.

The security policy determines what privileges, if any, a user has to run `sudo`. The policy may require that users authenticate themselves with a password or another authentication mechanism. If authentication is required, `sudo` will exit if the user's password is not entered within a configurable time limit. This limit is policy-specific.","Verify sudo is installed (sudo OR sudo-ldap satisfies the control — they are alternatives, not both required).

```bash
#!/bin/bash
dpkg-query -W sudo >/dev/null 2>&1 && exit 0
dpkg-query -W sudo-ldap >/dev/null 2>&1 && exit 0
exit 1
```","Install sudo when neither alternative is present.

```bash
#!/bin/bash
dpkg-query -W sudo >/dev/null 2>&1 && exit 0
dpkg-query -W sudo-ldap >/dev/null 2>&1 && exit 0
DEBIAN_FRONTEND=noninteractive apt-get -y install sudo >/dev/null
exit 0
```","# [SABC] Red Hat family guidance — authored from the CIS AlmaLinux 8 Benchmark.
# (CIS AlmaLinux 8 §5.2.1 — Ensure sudo is installed)
```
# dnf list sudo
```","# [SABC] Red Hat family guidance — authored from the CIS AlmaLinux 8 Benchmark.
# (CIS AlmaLinux 8 §5.2.1 — Ensure sudo is installed)
```
# dnf install sudo
```"
JR2.C.4.3.2,jr2_c_4_3_2,control,Configure privilege escalation,Ensure sudo commands use pty.,debian;redhat,1,CIS-U22:4.3.2,Defaults use_pty,`sudo` can be configured to run only from a pseudo terminal (`pseudo-pty`).,Attackers can run a malicious program using `sudo` which would fork a background process that remains even when the main program has finished executing.,"Verify that `sudo` can only run other commands from a pseudo terminal.

Run the following command:

```
# grep -rPi '^\h*Defaults\h+([^#\n\r]+,)?use_pty(,\h*\h+\h*)*\h*(#.*)?$' /etc/sudoers*
```

Verify the output matches:

```
/etc/sudoers:Defaults use_pty
```","Edit the file `/etc/sudoers` with `visudo` or a file in `/etc/sudoers.d/` with `visudo -f <PATH TO FILE>` and add the following line:

```
Defaults use_pty
```

**Note:** 
- sudo will read each file in `/etc/sudoers.d`, skipping file names that end in `~` or contain a `.` character to avoid causing problems with package manager or editor temporary/backup files. 
- Files are parsed in sorted lexical order. That is, `/etc/sudoers.d/01_first` will be parsed before `/etc/sudoers.d/10_second`. 
- Be aware that because the sorting is lexical, not numeric, `/etc/sudoers.d/1_whoops` would be loaded after `/etc/sudoers.d/10_second`. 
- Using a consistent number of leading zeroes in the file names can be used to avoid such problems.","# [SABC] Red Hat family guidance — family-neutral procedure; the Debian commands (sysctl/systemctl/file/pam checks) run identically on the Red Hat family.
Verify that `sudo` can only run other commands from a pseudo terminal.

Run the following command:

```
# grep -rPi '^\h*Defaults\h+([^#\n\r]+,)?use_pty(,\h*\h+\h*)*\h*(#.*)?$' /etc/sudoers*
```

Verify the output matches:

```
/etc/sudoers:Defaults use_pty
```","# [SABC] Red Hat family guidance — family-neutral procedure; the Debian commands (sysctl/systemctl/file/pam checks) run identically on the Red Hat family.
Edit the file `/etc/sudoers` with `visudo` or a file in `/etc/sudoers.d/` with `visudo -f <PATH TO FILE>` and add the following line:

```
Defaults use_pty
```

**Note:** 
- sudo will read each file in `/etc/sudoers.d`, skipping file names that end in `~` or contain a `.` character to avoid causing problems with package manager or editor temporary/backup files. 
- Files are parsed in sorted lexical order. That is, `/etc/sudoers.d/01_first` will be parsed before `/etc/sudoers.d/10_second`. 
- Be aware that because the sorting is lexical, not numeric, `/etc/sudoers.d/1_whoops` would be loaded after `/etc/sudoers.d/10_second`. 
- Using a consistent number of leading zeroes in the file names can be used to avoid such problems."
JR2.C.4.3.3,jr2_c_4_3_3,control,Configure privilege escalation,Ensure sudo log file exists.,debian;redhat,1,CIS-U22:4.3.3,Sudo log file must exist.,sudo can use a custom log file.,A sudo log file simplifies auditing of sudo commands.,"Verify sudo is configured with a log file.

```bash
#!/bin/bash
grep -rEqs '^[[:space:]]*Defaults[[:space:]]+([^#]*,[[:space:]]*)?logfile[[:space:]]*=' /etc/sudoers /etc/sudoers.d 2>/dev/null && exit 0
exit 1
```","Add Defaults logfile to a sudoers drop-in (visudo-checked, removed again on syntax error).

```bash
#!/bin/bash
grep -rEqs '^[[:space:]]*Defaults[[:space:]]+([^#]*,[[:space:]]*)?logfile[[:space:]]*=' /etc/sudoers /etc/sudoers.d 2>/dev/null && exit 0
f=/etc/sudoers.d/90-sabc-defaults
printf 'Defaults logfile=""/var/log/sudo.log""\n' >> ""$f""
chmod 440 ""$f""
visudo -cf ""$f"" >/dev/null || { rm -f ""$f""; exit 1; }
exit 0
```","# [SABC] Red Hat family guidance — family-neutral procedure; the Debian commands (sysctl/systemctl/file/pam checks) run identically on the Red Hat family.
Verify sudo is configured with a log file.

```bash
#!/bin/bash
grep -rEqs '^[[:space:]]*Defaults[[:space:]]+([^#]*,[[:space:]]*)?logfile[[:space:]]*=' /etc/sudoers /etc/sudoers.d 2>/dev/null && exit 0
exit 1
```","# [SABC] Red Hat family guidance — family-neutral procedure; the Debian commands (sysctl/systemctl/file/pam checks) run identically on the Red Hat family.
Add Defaults logfile to a sudoers drop-in (visudo-checked, removed again on syntax error).

```bash
#!/bin/bash
grep -rEqs '^[[:space:]]*Defaults[[:space:]]+([^#]*,[[:space:]]*)?logfile[[:space:]]*=' /etc/sudoers /etc/sudoers.d 2>/dev/null && exit 0
f=/etc/sudoers.d/90-sabc-defaults
printf 'Defaults logfile=""/var/log/sudo.log""\n' >> ""$f""
chmod 440 ""$f""
visudo -cf ""$f"" >/dev/null || { rm -f ""$f""; exit 1; }
exit 0
```"
JR2.C.4.3.4,jr2_c_4_3_4,control,Configure privilege escalation,Ensure re-authentication for privilege escalation is not disabled globally.,debian;redhat,1,CIS-U22:4.3.5,sudo re-authentication for privilege escalation must not be disabled globally.,The operating system must be configured so that users must re-authenticate for privilege escalation.,"Without re-authentication, users may access resources or perform tasks for which they do not have authorization. 

When operating systems provide the capability to escalate a functional capability, it is critical the user re-authenticate.","Verify no sudoers rule disables re-authentication (no !authenticate tags) — no output means compliant.

```bash
#!/bin/bash
grep -rEs '^[^#]*\!authenticate' /etc/sudoers /etc/sudoers.d 2>/dev/null | grep -q . && exit 1
exit 0
```","Strip !authenticate tags from sudoers files (each edit is visudo-checked and rolled back on error).

```bash
#!/bin/bash
files=$(grep -rEls '^[^#]*\!authenticate' /etc/sudoers /etc/sudoers.d 2>/dev/null)
[ -n ""$files"" ] || exit 0
for f in $files; do
  cp -p ""$f"" ""$f.sabc.bak""
  sed -ri 's/[[:space:]]*\!authenticate\b//g' ""$f""
  if visudo -cf ""$f"" >/dev/null; then
    rm -f ""$f.sabc.bak""
  else
    mv ""$f.sabc.bak"" ""$f""
  fi
done
exit 0
```","# [SABC] Red Hat family guidance — family-neutral procedure; the Debian commands (sysctl/systemctl/file/pam checks) run identically on the Red Hat family.
Verify no sudoers rule disables re-authentication (no !authenticate tags) — no output means compliant.

```bash
#!/bin/bash
grep -rEs '^[^#]*\!authenticate' /etc/sudoers /etc/sudoers.d 2>/dev/null | grep -q . && exit 1
exit 0
```","# [SABC] Red Hat family guidance — family-neutral procedure; the Debian commands (sysctl/systemctl/file/pam checks) run identically on the Red Hat family.
Strip !authenticate tags from sudoers files (each edit is visudo-checked and rolled back on error).

```bash
#!/bin/bash
files=$(grep -rEls '^[^#]*\!authenticate' /etc/sudoers /etc/sudoers.d 2>/dev/null)
[ -n ""$files"" ] || exit 0
for f in $files; do
  cp -p ""$f"" ""$f.sabc.bak""
  sed -ri 's/[[:space:]]*\!authenticate\b//g' ""$f""
  if visudo -cf ""$f"" >/dev/null; then
    rm -f ""$f.sabc.bak""
  else
    mv ""$f.sabc.bak"" ""$f""
  fi
done
exit 0
```"
JR2.C.4.3.5,jr2_c_4_3_5,control,Configure privilege escalation,Ensure sudo authentication timeout is configured correctly.,debian;redhat,1,CIS-U22:4.3.6,"Defaults timestamp_timeout should be max 15
Defaults env_reset","`sudo` caches used credentials for a default of 15 minutes. This is for ease of use when there are multiple administrative tasks to perform. The timeout can be modified to suit local security policies.

This default is distribution specific. See audit section for further information.",Setting a timeout value reduces the window of opportunity for unauthorized privileged access to another user.,"Verify the sudo authentication timeout is at most 15 minutes (explicit values checked; unset falls back to the compiled default reported by sudo -V).

```bash
#!/bin/bash
vals=$(grep -rhoPs 'timestamp_timeout[[:space:]]*=[[:space:]]*\K-?[0-9]+' /etc/sudoers /etc/sudoers.d 2>/dev/null)
if [ -z ""$vals"" ]; then
  d=$(sudo -V 2>/dev/null | grep -oP 'Authentication timestamp timeout:[[:space:]]*\K-?[0-9]+')
  [ -n ""$d"" ] && [ ""$d"" -ge 0 ] && [ ""$d"" -le 15 ] && exit 0
  exit 1
fi
for v in $vals; do
  [ ""$v"" -ge 0 ] && [ ""$v"" -le 15 ] || exit 1
done
exit 0
```","Set timestamp_timeout=15: rewrite oversized/disabled values in place (visudo-checked) or add an explicit default drop-in.

```bash
#!/bin/bash
if grep -rEqs 'timestamp_timeout[[:space:]]*=' /etc/sudoers /etc/sudoers.d 2>/dev/null; then
  for f in $(grep -rEls 'timestamp_timeout[[:space:]]*=' /etc/sudoers /etc/sudoers.d 2>/dev/null); do
    cp -p ""$f"" ""$f.sabc.bak""
    sed -ri 's/(timestamp_timeout[[:space:]]*=[[:space:]]*)-?[0-9]+/\115/g' ""$f""
    if visudo -cf ""$f"" >/dev/null; then
      rm -f ""$f.sabc.bak""
    else
      mv ""$f.sabc.bak"" ""$f""
    fi
  done
else
  f=/etc/sudoers.d/90-sabc-defaults
  printf 'Defaults env_reset, timestamp_timeout=15\n' >> ""$f""
  chmod 440 ""$f""
  visudo -cf ""$f"" >/dev/null || { rm -f ""$f""; exit 1; }
fi
exit 0
```","# [SABC] Red Hat family guidance — family-neutral procedure; the Debian commands (sysctl/systemctl/file/pam checks) run identically on the Red Hat family.
Verify the sudo authentication timeout is at most 15 minutes (explicit values checked; unset falls back to the compiled default reported by sudo -V).

```bash
#!/bin/bash
vals=$(grep -rhoPs 'timestamp_timeout[[:space:]]*=[[:space:]]*\K-?[0-9]+' /etc/sudoers /etc/sudoers.d 2>/dev/null)
if [ -z ""$vals"" ]; then
  d=$(sudo -V 2>/dev/null | grep -oP 'Authentication timestamp timeout:[[:space:]]*\K-?[0-9]+')
  [ -n ""$d"" ] && [ ""$d"" -ge 0 ] && [ ""$d"" -le 15 ] && exit 0
  exit 1
fi
for v in $vals; do
  [ ""$v"" -ge 0 ] && [ ""$v"" -le 15 ] || exit 1
done
exit 0
```","# [SABC] Red Hat family guidance — family-neutral procedure; the Debian commands (sysctl/systemctl/file/pam checks) run identically on the Red Hat family.
Set timestamp_timeout=15: rewrite oversized/disabled values in place (visudo-checked) or add an explicit default drop-in.

```bash
#!/bin/bash
if grep -rEqs 'timestamp_timeout[[:space:]]*=' /etc/sudoers /etc/sudoers.d 2>/dev/null; then
  for f in $(grep -rEls 'timestamp_timeout[[:space:]]*=' /etc/sudoers /etc/sudoers.d 2>/dev/null); do
    cp -p ""$f"" ""$f.sabc.bak""
    sed -ri 's/(timestamp_timeout[[:space:]]*=[[:space:]]*)-?[0-9]+/\115/g' ""$f""
    if visudo -cf ""$f"" >/dev/null; then
      rm -f ""$f.sabc.bak""
    else
      mv ""$f.sabc.bak"" ""$f""
    fi
  done
else
  f=/etc/sudoers.d/90-sabc-defaults
  printf 'Defaults env_reset, timestamp_timeout=15\n' >> ""$f""
  chmod 440 ""$f""
  visudo -cf ""$f"" >/dev/null || { rm -f ""$f""; exit 1; }
fi
exit 0
```"
JR2.C.4.3.6,jr2_c_4_3_6,control,Configure privilege escalation,Ensure access to the su command is restricted.,debian;redhat,1,CIS-U22:4.3.7,Access to the su command is restricted.,"The `su` command allows a user to run a command or shell as another user. The program has been superseded by `sudo`, which allows for more granular control over privileged access. Normally, the `su` command can be executed by any user. By uncommenting the `pam_wheel.so` statement in `/etc/pam.d/su`, the `su` command will only allow users in a specific groups to execute `su`. This group should be empty to reinforce the use of `sudo` for privileged access.","Restricting the use of `su` , and using `sudo` in its place, provides system administrators better control of the escalation of user privileges to execute privileged commands. The sudo utility also provides a better logging and audit mechanism, as it can log each command executed via `sudo` , whereas `su` can only record that a user executed the `su` program.","Verify su is restricted to an (empty) pam_wheel group.

```bash
#!/bin/bash
grep -Eqs '^[[:space:]]*auth[[:space:]]+(required|requisite)[[:space:]]+pam_wheel\.so[[:space:]].*use_uid.*group=' /etc/pam.d/su || exit 1
g=$(grep -Eos 'group=[^[:space:]]+' /etc/pam.d/su | head -1 | cut -d= -f2)
[ -n ""$g"" ] || exit 1
getent group ""$g"" >/dev/null 2>&1 || exit 1
[ -z ""$(getent group ""$g"" | cut -d: -f4)"" ] || exit 1
exit 0
```","Create the empty sugroup and require pam_wheel membership for su.

```bash
#!/bin/bash
getent group sugroup >/dev/null 2>&1 || groupadd sugroup
grep -Eqs '^[[:space:]]*auth[[:space:]]+(required|requisite)[[:space:]]+pam_wheel\.so' /etc/pam.d/su || \
  sed -i '/^auth[[:space:]]\+sufficient[[:space:]]\+pam_rootok\.so/a auth       required   pam_wheel.so use_uid group=sugroup' /etc/pam.d/su
exit 0
```","# [SABC] Red Hat family guidance — family-neutral procedure; the Debian commands (sysctl/systemctl/file/pam checks) run identically on the Red Hat family.
Verify su is restricted to an (empty) pam_wheel group.

```bash
#!/bin/bash
grep -Eqs '^[[:space:]]*auth[[:space:]]+(required|requisite)[[:space:]]+pam_wheel\.so[[:space:]].*use_uid.*group=' /etc/pam.d/su || exit 1
g=$(grep -Eos 'group=[^[:space:]]+' /etc/pam.d/su | head -1 | cut -d= -f2)
[ -n ""$g"" ] || exit 1
getent group ""$g"" >/dev/null 2>&1 || exit 1
[ -z ""$(getent group ""$g"" | cut -d: -f4)"" ] || exit 1
exit 0
```","# [SABC] Red Hat family guidance — family-neutral procedure; the Debian commands (sysctl/systemctl/file/pam checks) run identically on the Red Hat family.
Create the empty sugroup and require pam_wheel membership for su.

```bash
#!/bin/bash
getent group sugroup >/dev/null 2>&1 || groupadd sugroup
grep -Eqs '^[[:space:]]*auth[[:space:]]+(required|requisite)[[:space:]]+pam_wheel\.so' /etc/pam.d/su || \
  sed -i '/^auth[[:space:]]\+sufficient[[:space:]]\+pam_rootok\.so/a auth       required   pam_wheel.so use_uid group=sugroup' /etc/pam.d/su
exit 0
```"
JR2.C.4.4.0,jr2_c_4_4_0,section,Configure PAM,Configure PAM.,debian;redhat,,,,"PAM (Pluggable Authentication Modules) is a service that implements modular authentication modules on UNIX systems. PAM is implemented as a set of shared objects that are loaded and executed when a program needs to authenticate a user. Files for PAM are typically located in the `/etc/pam.d` directory. PAM must be carefully configured to secure system authentication. While this section covers some of PAM, please consult other PAM resources to fully understand the configuration capabilities.

**Note:** The usage of `pam-auth-update`:
- As of this writing, the management of PAM via `pam-auth-update` does not offer all the required functionality implemented by the benchmark. As such, the usage of `pam-auth-update` is not recommended at present.",,,,,
JR2.C.4.4.1,jr2_c_4_4_1,control,Configure PAM,Ensure password creation requirements are configured.,debian;redhat,1,CIS-U22:4.4.1,Password requirements must be configured.,"The `pam_pwquality.so` module checks the strength of passwords. It performs checks such as making sure a password is not a dictionary word, it is a certain length, contains a mix of characters (e.g. alphabet, numeric, other) and more. 

The following options are set in the `/etc/security/pwquality.conf` file:

- Password Length:
 - `minlen = 14` - password must be 14 characters or more
- Password complexity:
 - `minclass = 4` - The minimum number of required classes of characters for the new password (digits, uppercase, lowercase, others)

 _OR_

 - `dcredit = -1` - provide at least one digit
 - `ucredit = -1` - provide at least one uppercase character
 - `ocredit = -1` - provide at least one special character
 - `lcredit = -1` - provide at least one lowercase character",Strong passwords protect systems from being hacked through brute force methods.,"Verify pam_pwquality is installed and enforces minlen 14 / minclass 4.

```bash
#!/bin/bash
dpkg-query -W libpam-pwquality >/dev/null 2>&1 || exit 1
v=$(grep -Ehs '^[[:space:]]*minlen[[:space:]]*=' /etc/security/pwquality.conf /etc/security/pwquality.conf.d/*.conf 2>/dev/null | tail -1 | grep -oE '[0-9]+')
[ -n ""$v"" ] && [ ""$v"" -ge 14 ] || exit 1
c=$(grep -Ehs '^[[:space:]]*minclass[[:space:]]*=' /etc/security/pwquality.conf /etc/security/pwquality.conf.d/*.conf 2>/dev/null | tail -1 | grep -oE '[0-9]+')
[ -n ""$c"" ] && [ ""$c"" -ge 4 ] || exit 1
exit 0
```","Install libpam-pwquality and set minlen 14 / minclass 4.

```bash
#!/bin/bash
set_kv() {
  k=""$1""; v=""$2""; f=""$3""
  if grep -Eq ""^[[:space:]]*#?[[:space:]]*$k[[:space:]]*="" ""$f"" 2>/dev/null; then
    sed -ri ""s|^[[:space:]]*#?[[:space:]]*($k)[[:space:]]*=.*|\1 = $v|"" ""$f""
  else
    printf '%s = %s\n' ""$k"" ""$v"" >> ""$f""
  fi
}

            dpkg-query -W libpam-pwquality >/dev/null 2>&1 || DEBIAN_FRONTEND=noninteractive apt-get -y install libpam-pwquality >/dev/null
            f=/etc/security/pwquality.conf
            [ -e ""$f"" ] || touch ""$f""
            set_kv minlen 14 ""$f""
            set_kv minclass 4 ""$f""
            exit 0
```","# [SABC] Red Hat family guidance — authored from the CIS AlmaLinux 8 Benchmark.
# (CIS AlmaLinux 8 §5.3.3.2.3 — Ensure password complexity is configured)
```
# grep -Psi -- '^\h*(minclass|[dulo]credit)\b' /etc/security/pwquality.conf
# grep -Psi --
```","# [SABC] Red Hat family guidance — authored from the CIS AlmaLinux 8 Benchmark.
# (CIS AlmaLinux 8 §5.3.3.2.3 — Ensure password complexity is configured)
```
#!/usr/bin/env bash

{
   for l_pam_file in system-auth password-auth; do
     l_authselect_file=""/etc/authselect/$(head -1
/etc/authselect/authselect.conf | grep 'custom/')/$l_pam_file""
     sed -ri
's/(^\s*password\s+(requisite|required|sufficient)\s+pam_pwquality\.so.*)(\s+
minclass\s*=\s*\S+)(.*$)/\1\4/' ""$l_authselect_file""
     sed -ri
's/(^\s*password\s+(requisite|required|sufficient)\s+pam_pwquality\.so.*)(\s+
dcredit\s*=\s*\S+)(.*$)/\1\4/' ""$l_authselect_file""
     sed -ri
's/(^\s*password\s+(requisite|required|sufficient)\s+pam_pwquality\.so.*)(\s+
ucredit\s*=\s*\S+)(.*$)/\1\4/' ""$l_authselect_file""
     sed -ri
's/(^\s*password\s+(requisite|required|sufficient)\s+pam_pwquality\.so.*)(\s+
lcredit\s*=\s*\S+)(.*$)/\1\4/' ""$l_authselect_file""
     sed -ri
's/(^\s*password\s+(requisite|required|sufficient)\s+pam_pwquality\.so.*)(\s+
ocredit\s*=\s*\S+)(.*$)/\1\4/' ""$l_authselect_file""
   done
   authselect apply-changes
}
```"
JR2.C.4.4.2,jr2_c_4_4_2,control,Configure PAM,Ensure lockout for failed password attempts is configured.,debian;redhat,1,CIS-U22:4.4.2,Password unlock time is configured.,"Lock out users after _n_ unsuccessful consecutive login attempts. The first sets of changes are made to the PAM configuration files. The second set of changes are applied to the program specific PAM configuration file. The second set of changes must be applied to each program that will lock out users. Check the documentation for each secondary program for instructions on how to configure them to work with PAM.
- deny=`n` - `n` represents the number of failed attempts before the account is locked
- unlock_time=`n` - `n` represents the number of seconds before the account is unlocked
- audit - Will log the user name into the system log if the user is not found.
- silent - Don't print informative messages.
Set the lockout number and unlock time in accordance with local site policy.",Locking out user IDs after `n` unsuccessful consecutive login attempts mitigates brute force password attacks against your systems.,"Verify faillock is configured (deny ≤ 5, unlock_time 0 or ≥ 900) and wired into the PAM auth stack.

```bash
#!/bin/bash
d=$(grep -Ehs '^[[:space:]]*deny[[:space:]]*=' /etc/security/faillock.conf 2>/dev/null | tail -1 | grep -oE '[0-9]+')
[ -n ""$d"" ] && [ ""$d"" -ge 1 ] && [ ""$d"" -le 5 ] || exit 1
u=$(grep -Ehs '^[[:space:]]*unlock_time[[:space:]]*=' /etc/security/faillock.conf 2>/dev/null | tail -1 | grep -oE '[0-9]+')
[ -n ""$u"" ] || exit 1
[ ""$u"" -eq 0 ] || [ ""$u"" -ge 900 ] || exit 1
grep -qs 'pam_faillock.so' /etc/pam.d/common-auth || exit 1
exit 0
```","Set faillock.conf values and enable the faillock PAM profiles via pam-auth-update (the Debian-sanctioned way to edit the stack; SSH public-key logins are unaffected).

```bash
#!/bin/bash
set_kv() {
  k=""$1""; v=""$2""; f=""$3""
  if grep -Eq ""^[[:space:]]*#?[[:space:]]*$k[[:space:]]*="" ""$f"" 2>/dev/null; then
    sed -ri ""s|^[[:space:]]*#?[[:space:]]*($k)[[:space:]]*=.*|\1 = $v|"" ""$f""
  else
    printf '%s = %s\n' ""$k"" ""$v"" >> ""$f""
  fi
}

            f=/etc/security/faillock.conf
            [ -e ""$f"" ] || touch ""$f""
            set_kv deny 5 ""$f""
            set_kv unlock_time 900 ""$f""
            cat > /usr/share/pam-configs/sabc-faillock <<'PAMEOF'
Name: Enforce failed login attempt counter (faillock)
Default: yes
Priority: 0
Auth-Type: Primary
Auth:
	[default=die] pam_faillock.so authfail
Auth-Initial:
	requisite pam_faillock.so preauth
PAMEOF
            cat > /usr/share/pam-configs/sabc-faillock-notify <<'PAMEOF'
Name: Notify on failed login attempts (faillock)
Default: yes
Priority: 1024
Account-Type: Primary
Account:
	required pam_faillock.so
PAMEOF
            pam-auth-update --package >/dev/null 2>&1
            exit 0
```","# [SABC] Red Hat family guidance — family-neutral procedure; the Debian commands (sysctl/systemctl/file/pam checks) run identically on the Red Hat family.
Verify faillock is configured (deny ≤ 5, unlock_time 0 or ≥ 900) and wired into the PAM auth stack.

```bash
#!/bin/bash
d=$(grep -Ehs '^[[:space:]]*deny[[:space:]]*=' /etc/security/faillock.conf 2>/dev/null | tail -1 | grep -oE '[0-9]+')
[ -n ""$d"" ] && [ ""$d"" -ge 1 ] && [ ""$d"" -le 5 ] || exit 1
u=$(grep -Ehs '^[[:space:]]*unlock_time[[:space:]]*=' /etc/security/faillock.conf 2>/dev/null | tail -1 | grep -oE '[0-9]+')
[ -n ""$u"" ] || exit 1
[ ""$u"" -eq 0 ] || [ ""$u"" -ge 900 ] || exit 1
grep -qs 'pam_faillock.so' /etc/pam.d/common-auth || exit 1
exit 0
```","# [SABC] Red Hat family guidance — family-neutral procedure; the Debian commands (sysctl/systemctl/file/pam checks) run identically on the Red Hat family.
Set faillock.conf values and enable the faillock PAM profiles via pam-auth-update (the Debian-sanctioned way to edit the stack; SSH public-key logins are unaffected).

```bash
#!/bin/bash
set_kv() {
  k=""$1""; v=""$2""; f=""$3""
  if grep -Eq ""^[[:space:]]*#?[[:space:]]*$k[[:space:]]*="" ""$f"" 2>/dev/null; then
    sed -ri ""s|^[[:space:]]*#?[[:space:]]*($k)[[:space:]]*=.*|\1 = $v|"" ""$f""
  else
    printf '%s = %s\n' ""$k"" ""$v"" >> ""$f""
  fi
}

            f=/etc/security/faillock.conf
            [ -e ""$f"" ] || touch ""$f""
            set_kv deny 5 ""$f""
            set_kv unlock_time 900 ""$f""
            cat > /usr/share/pam-configs/sabc-faillock <<'PAMEOF'
Name: Enforce failed login attempt counter (faillock)
Default: yes
Priority: 0
Auth-Type: Primary
Auth:
	[default=die] pam_faillock.so authfail
Auth-Initial:
	requisite pam_faillock.so preauth
PAMEOF
            cat > /usr/share/pam-configs/sabc-faillock-notify <<'PAMEOF'
Name: Notify on failed login attempts (faillock)
Default: yes
Priority: 1024
Account-Type: Primary
Account:
	required pam_faillock.so
PAMEOF
            pam-auth-update --package >/dev/null 2>&1
            exit 0
```"
JR2.C.4.4.3,jr2_c_4_4_3,control,Configure PAM,Ensure password reuse is limited.,debian;redhat,1,CIS-U22:4.4.3,Must be set to prevent use of last 5 passwords.,The `/etc/security/opasswd` file stores the users' old passwords and can be checked to ensure that users are not recycling recent passwords.,Forcing users not to reuse their past 5 passwords make it less likely that an attacker will be able to guess the password.,"Run the following command to verify the following in `/etc/pam.d/common-password`: 
- The `pam_unix.so` line includes `use_authtok`
- The `pam_pwhistory.so` line includes `remember=` and a value no less than `5`
- The `pam_pwhistory.so` line occurs before the `pam_unix.so` line

```
# grep -P -- '^\h*password\h+([^#\n\r]+\h+)?(pam_pwhistory\.so|pam_unix\.so)\b' /etc/pam.d/common-password

password required pam_pwhistory.so remember=5
password [success=1 default=ignore] pam_unix.so obscure sha512 use_authtok
```","**NOTE:** Pay special attention to the configuration. Incorrect configuration can cause system lock outs or unexpected behavior. This is example configuration. You configuration may differ based on previous changes to the files.

Edit the `/etc/pam.d/common-password` file to include:
- `password required pam_pwhistory.so remember=5`
- `use_authtok` on the `pam_unix.so` line

_Example:_
```
password required pam_pwhistory.so remember=5
password [success=1 default=ignore] pam_unix.so obscure sha512 use_authtok
```","# [SABC] Red Hat family guidance — family-neutral procedure; the Debian commands (sysctl/systemctl/file/pam checks) run identically on the Red Hat family.
Run the following command to verify the following in `/etc/pam.d/common-password`: 
- The `pam_unix.so` line includes `use_authtok`
- The `pam_pwhistory.so` line includes `remember=` and a value no less than `5`
- The `pam_pwhistory.so` line occurs before the `pam_unix.so` line

```
# grep -P -- '^\h*password\h+([^#\n\r]+\h+)?(pam_pwhistory\.so|pam_unix\.so)\b' /etc/pam.d/common-password

password required pam_pwhistory.so remember=5
password [success=1 default=ignore] pam_unix.so obscure sha512 use_authtok
```","# [SABC] Red Hat family guidance — family-neutral procedure; the Debian commands (sysctl/systemctl/file/pam checks) run identically on the Red Hat family.
**NOTE:** Pay special attention to the configuration. Incorrect configuration can cause system lock outs or unexpected behavior. This is example configuration. You configuration may differ based on previous changes to the files.

Edit the `/etc/pam.d/common-password` file to include:
- `password required pam_pwhistory.so remember=5`
- `use_authtok` on the `pam_unix.so` line

_Example:_
```
password required pam_pwhistory.so remember=5
password [success=1 default=ignore] pam_unix.so obscure sha512 use_authtok
```"
JR2.C.4.4.4,jr2_c_4_4_4,control,Configure PAM,Ensure strong password hashing algorithm is configured.,debian;redhat,1,CIS-U22:4.4.4,SHA-512,"Hash functions behave as one-way functions by using mathematical operations that are extremely difficult and cumbersome to revert

When a user is created, the password is run through a one-way hashing algorithm before being stored. When the user logs in, the password sent is run through the same one-way hashing algorithm and compared to the hash connected with the provided username. If the hashed password and the stored hash match, the login is valid.","The `SHA512` hashing algorithm provides stronger hashing than previous available algorithms like `MD5`, thus providing additional protection to the system by increasing the level of effort for an attacker to successfully determine passwords.","Run the following command to verify that `pam_unix.so` includes `sha512` in `/etc/pam.d/common-password`:

```
# grep -Pi -- '^\h*password\h+[^#\n\r]+\h+pam_unix.so([^#\n\r]+\h+)?(sha512|yescrypt)\b' /etc/pam.d/common-password
```

_Example Output_
```
password [success=1 default=ignore] pam_unix.so obscure sha512 use_authtok
```

Run the following command to verify that `ENCRYPT_METHOD` is set to `SHA512` in `/etc/login.defs`:

```
# grep -Pi -- '^\h*ENCRYPT_METHOD\h+""?(sha512|yescrypt)\b' /etc/login.defs
```

Verify the output matches:

```
ENCRYPT_METHOD SHA512
```","**Note:** 
- Pay special attention to the configuration. Incorrect configuration can cause system lock outs.
- This is an example configuration. Your configuration may differ based on previous changes to the files.
- The encryption method on the password success line for `pam_unix.so` and the `ENCRYPT_METHOD` line in `/etc/login.defs` should match.

Edit the `/etc/pam.d/common-password` file and ensure that `sha512` is included and the `pam_unix.so` success line:

_Example:_
```
password [success=1 default=ignore] pam_unix.so obscure sha512 use_authtok
```

Edit `/etc/login.defs` and ensure that `ENCRYPT_METHOD` is set to `SHA512`.

```
ENCRYPT_METHOD SHA512
```","# [SABC] Red Hat family guidance — family-neutral procedure; the Debian commands (sysctl/systemctl/file/pam checks) run identically on the Red Hat family.
Run the following command to verify that `pam_unix.so` includes `sha512` in `/etc/pam.d/common-password`:

```
# grep -Pi -- '^\h*password\h+[^#\n\r]+\h+pam_unix.so([^#\n\r]+\h+)?(sha512|yescrypt)\b' /etc/pam.d/common-password
```

_Example Output_
```
password [success=1 default=ignore] pam_unix.so obscure sha512 use_authtok
```

Run the following command to verify that `ENCRYPT_METHOD` is set to `SHA512` in `/etc/login.defs`:

```
# grep -Pi -- '^\h*ENCRYPT_METHOD\h+""?(sha512|yescrypt)\b' /etc/login.defs
```

Verify the output matches:

```
ENCRYPT_METHOD SHA512
```","# [SABC] Red Hat family guidance — family-neutral procedure; the Debian commands (sysctl/systemctl/file/pam checks) run identically on the Red Hat family.
**Note:** 
- Pay special attention to the configuration. Incorrect configuration can cause system lock outs.
- This is an example configuration. Your configuration may differ based on previous changes to the files.
- The encryption method on the password success line for `pam_unix.so` and the `ENCRYPT_METHOD` line in `/etc/login.defs` should match.

Edit the `/etc/pam.d/common-password` file and ensure that `sha512` is included and the `pam_unix.so` success line:

_Example:_
```
password [success=1 default=ignore] pam_unix.so obscure sha512 use_authtok
```

Edit `/etc/login.defs` and ensure that `ENCRYPT_METHOD` is set to `SHA512`.

```
ENCRYPT_METHOD SHA512
```"
JR2.C.4.4.5,jr2_c_4_4_5,control,Configure PAM,Ensure system accounts are secured.,debian;redhat,1,CIS-U22:4.5.2,Non-root system accounts must be secured by setting the shell field in the password file to the nologin shell and locking the account.,There are a number of accounts provided with most distributions that are used to manage applications and are not intended to provide an interactive shell.,"It is important to make sure that accounts that are not being used by regular users are prevented from being used to provide an interactive shell. By default, most distributions set the password field for these accounts to an invalid string, but it is also recommended that the shell field in the password file be set to the `nologin` shell. This prevents the account from potentially being used to run any commands.","Run the following script to verify all local system accounts:
- Do not have a valid login shell
- Are locked

```
#!/usr/bin/env bash

{
 l_output="""" l_output2=""""
 l_valid_shells=""^($( awk -F\/ '$NF != ""nologin"" {print}' /etc/shells | sed -rn '/^\//{s,/,\\\\/,g;p}' | paste -s -d '|' - ))$""
 a_users=(); a_ulock=() # initialize arrays
 while read -r l_user; do # Populate array with system accounts that have a valid login shell
 a_users+=(""$l_user"")
 done < <(awk -v pat=""$l_valid_shells"" -F: '($1!~/(root|sync|shutdown|halt|^\+)/ && $3<'""$(awk '/^\s*UID_MIN/{print $2}' /etc/login.defs)""' && $(NF) ~ pat) { print $1 }' /etc/passwd)
 while read -r l_ulock; do # Populate array with system accounts that aren't locked
 a_ulock+=(""$l_ulock"")
 done < <(awk -v pat=""$l_valid_shells"" -F: '($1!~/(root|^\+)/ && $2!~/LK?/ && $3<'""$(awk '/^\s*UID_MIN/{print $2}' /etc/login.defs)""' && $(NF) ~ pat) { print $1 }' /etc/passwd)
 if ! (( ${#a_users[@]} > 0 )); then
 l_output=""$l_output\n - local system accounts login is disabled""
 else
 l_output2=""$l_output2\n - There are \""$(printf '%s' ""${#a_users[@]}"")\"" system accounts with login enabled\n - List of accounts:\n$(printf '%s\n' ""${a_users[@]:0:$l_limit}"")\n - end of list\n""
 fi
 if ! (( ${#a_ulock[@]} > 0 )); then
 l_output=""$l_output\n - local system accounts are locked""
 else
 l_output2=""$l_output2\n - There are \""$(printf '%s' ""${#a_ulock[@]}"")\"" system accounts that are not locked\n - List of accounts:\n$(printf '%s\n' ""${a_ulock[@]:0:$l_limit}"")\n - end of list\n""
 fi
 unset a_users; unset a_ulock # Remove arrays
 if [ -z ""$l_output2"" ]; then
 echo -e ""\n- Audit Result:\n ** PASS **\n - * Correctly configured * :\n$l_output\n""
 else
 echo -e ""\n- Audit Result:\n ** FAIL **\n - * Reasons for audit failure * :\n$l_output2""
 [ -n ""$l_output"" ] && echo -e ""- * Correctly configured * :\n$l_output\n""
 fi
}
```

**Note:**
- The `root`, `sync`, `shutdown`, and `halt` users are exempted from requiring a non-login shell
- `root` is exempt from being locked.","Set the shell for any accounts returned by the audit to nologin:

```
# usermod -s $(which nologin) <user>
```

Lock any non root accounts returned by the audit:

```
# usermod -L <user>
```

The following script will:
- Set the shell for any accounts returned by the audit to nologin
- Lock any non root system accounts returned by the audit:

```
#!/usr/bin/env bash

{
 l_output="""" l_output2=""""
 l_valid_shells=""^($( awk -F\/ '$NF != ""nologin"" {print}' /etc/shells | sed -rn '/^\//{s,/,\\\\/,g;p}' | paste -s -d '|' - ))$""
 a_users=(); a_ulock=() # initialize arrays
 while read -r l_user; do # change system accounts that have a valid login shell to nolog shell
 echo -e "" - System account \""$l_user\"" has a valid logon shell, changing shell to \""$(which nologin)\""""
 usermod -s ""$(which nologin)"" ""$l_user""
 done < <(awk -v pat=""$l_valid_shells"" -F: '($1!~/(root|sync|shutdown|halt|^\+)/ && $3<'""$(awk '/^\s*UID_MIN/{print $2}' /etc/login.defs)""' && $(NF) ~ pat) { print $1 }' /etc/passwd)
 while read -r l_ulock; do # Lock system accounts that aren't locked
 echo -e "" - System account \""$l_ulock\"" is not locked, locking account""
 usermod -L ""$l_ulock""
 done < <(awk -v pat=""$l_valid_shells"" -F: '($1!~/(root|^\+)/ && $2!~/LK?/ && $3<'""$(awk '/^\s*UID_MIN/{print $2}' /etc/login.defs)""' && $(NF) ~ pat) { print $1 }' /etc/passwd)
}
```","# [SABC] Red Hat family guidance — family-neutral procedure; the Debian commands (sysctl/systemctl/file/pam checks) run identically on the Red Hat family.
Run the following script to verify all local system accounts:
- Do not have a valid login shell
- Are locked

```
#!/usr/bin/env bash

{
 l_output="""" l_output2=""""
 l_valid_shells=""^($( awk -F\/ '$NF != ""nologin"" {print}' /etc/shells | sed -rn '/^\//{s,/,\\\\/,g;p}' | paste -s -d '|' - ))$""
 a_users=(); a_ulock=() # initialize arrays
 while read -r l_user; do # Populate array with system accounts that have a valid login shell
 a_users+=(""$l_user"")
 done < <(awk -v pat=""$l_valid_shells"" -F: '($1!~/(root|sync|shutdown|halt|^\+)/ && $3<'""$(awk '/^\s*UID_MIN/{print $2}' /etc/login.defs)""' && $(NF) ~ pat) { print $1 }' /etc/passwd)
 while read -r l_ulock; do # Populate array with system accounts that aren't locked
 a_ulock+=(""$l_ulock"")
 done < <(awk -v pat=""$l_valid_shells"" -F: '($1!~/(root|^\+)/ && $2!~/LK?/ && $3<'""$(awk '/^\s*UID_MIN/{print $2}' /etc/login.defs)""' && $(NF) ~ pat) { print $1 }' /etc/passwd)
 if ! (( ${#a_users[@]} > 0 )); then
 l_output=""$l_output\n - local system accounts login is disabled""
 else
 l_output2=""$l_output2\n - There are \""$(printf '%s' ""${#a_users[@]}"")\"" system accounts with login enabled\n - List of accounts:\n$(printf '%s\n' ""${a_users[@]:0:$l_limit}"")\n - end of list\n""
 fi
 if ! (( ${#a_ulock[@]} > 0 )); then
 l_output=""$l_output\n - local system accounts are locked""
 else
 l_output2=""$l_output2\n - There are \""$(printf '%s' ""${#a_ulock[@]}"")\"" system accounts that are not locked\n - List of accounts:\n$(printf '%s\n' ""${a_ulock[@]:0:$l_limit}"")\n - end of list\n""
 fi
 unset a_users; unset a_ulock # Remove arrays
 if [ -z ""$l_output2"" ]; then
 echo -e ""\n- Audit Result:\n ** PASS **\n - * Correctly configured * :\n$l_output\n""
 else
 echo -e ""\n- Audit Result:\n ** FAIL **\n - * Reasons for audit failure * :\n$l_output2""
 [ -n ""$l_output"" ] && echo -e ""- * Correctly configured * :\n$l_output\n""
 fi
}
```

**Note:**
- The `root`, `sync`, `shutdown`, and `halt` users are exempted from requiring a non-login shell
- `root` is exempt from being locked.","# [SABC] Red Hat family guidance — family-neutral procedure; the Debian commands (sysctl/systemctl/file/pam checks) run identically on the Red Hat family.
Set the shell for any accounts returned by the audit to nologin:

```
# usermod -s $(which nologin) <user>
```

Lock any non root accounts returned by the audit:

```
# usermod -L <user>
```

The following script will:
- Set the shell for any accounts returned by the audit to nologin
- Lock any non root system accounts returned by the audit:

```
#!/usr/bin/env bash

{
 l_output="""" l_output2=""""
 l_valid_shells=""^($( awk -F\/ '$NF != ""nologin"" {print}' /etc/shells | sed -rn '/^\//{s,/,\\\\/,g;p}' | paste -s -d '|' - ))$""
 a_users=(); a_ulock=() # initialize arrays
 while read -r l_user; do # change system accounts that have a valid login shell to nolog shell
 echo -e "" - System account \""$l_user\"" has a valid logon shell, changing shell to \""$(which nologin)\""""
 usermod -s ""$(which nologin)"" ""$l_user""
 done < <(awk -v pat=""$l_valid_shells"" -F: '($1!~/(root|sync|shutdown|halt|^\+)/ && $3<'""$(awk '/^\s*UID_MIN/{print $2}' /etc/login.defs)""' && $(NF) ~ pat) { print $1 }' /etc/passwd)
 while read -r l_ulock; do # Lock system accounts that aren't locked
 echo -e "" - System account \""$l_ulock\"" is not locked, locking account""
 usermod -L ""$l_ulock""
 done < <(awk -v pat=""$l_valid_shells"" -F: '($1!~/(root|^\+)/ && $2!~/LK?/ && $3<'""$(awk '/^\s*UID_MIN/{print $2}' /etc/login.defs)""' && $(NF) ~ pat) { print $1 }' /etc/passwd)
}
```"
JR2.C.4.5.0,jr2_c_4_5_0,section,User Accounts and Environment,User Accounts and Environment,debian;redhat,,,,This section provides guidance on setting up secure defaults for system and user accounts and their environment.,,,,,
JR2.C.4.5.1,jr2_c_4_5_1,control,User Accounts and Environment,Ensure default group for the root account is GID 0.,debian;redhat,1,CIS-U22:4.5.3,GID 0 must be set as default group for the root account.,The usermod command can be used to specify which group the root user belongs to. This affects permissions of files that are created by the root user.,Using GID 0 for the `root` account helps prevent `root` -owned files from accidentally becoming accessible to non-privileged users.,"Run the following command and verify the result is `0` :
```
# grep ""^root:"" /etc/passwd | cut -f4 -d:
0
```","Run the following command to set the `root` user default group to GID `0` :
```
# usermod -g 0 root
```","# [SABC] Red Hat family guidance — family-neutral procedure; the Debian commands (sysctl/systemctl/file/pam checks) run identically on the Red Hat family.
Run the following command and verify the result is `0` :
```
# grep ""^root:"" /etc/passwd | cut -f4 -d:
0
```","# [SABC] Red Hat family guidance — family-neutral procedure; the Debian commands (sysctl/systemctl/file/pam checks) run identically on the Red Hat family.
Run the following command to set the `root` user default group to GID `0` :
```
# usermod -g 0 root
```"
JR2.C.4.5.2,jr2_c_4_5_2,control,User Accounts and Environment,Ensure default user umask is 027 or more restrictive.,debian;redhat,1,CIS-U22:4.5.4,umask is 027 or more restrictive.,"The user file-creation mode mask (`umask`) is use to determine the file permission for newly created directories and files. In Linux, the default permissions for any newly created directory is 0777 (rwxrwxrwx), and for any newly created file it is 0666 (rw-rw-rw-). The `umask` modifies the default Linux permissions by restricting (masking) these permissions. The `umask` is not simply subtracted, but is processed bitwise. Bits set in the `umask` are cleared in the resulting file mode.

_`umask` can be set with either `octal` or `Symbolic` values_
- `Octal` (Numeric) Value - Represented by either three or four digits. ie `umask 0027` or `umask 027`. If a four digit umask is used, the first digit is ignored. The remaining three digits effect the resulting permissions for user, group, and world/other respectively.
- `Symbolic` Value - Represented by a comma separated list for User `u`, group `g`, and world/other `o`. The permissions listed are not masked by `umask`. ie a `umask` set by `umask u=rwx,g=rx,o=` is the `Symbolic` equivalent of the `Octal` `umask 027`. This `umask` would set a newly created directory with file mode `drwxr-x---` and a newly created file with file mode `rw-r-----`.

Setting the default `umask`:
- `pam_umask` module:
 - will set the umask according to the system default in `/etc/login.defs` and user settings, solving the problem of different `umask` settings with different shells, display managers, remote sessions etc.
 - `umask=<mask>` value in the `/etc/login.defs` file is interpreted as Octal
 - Setting `USERGROUPS_ENAB` to `yes` in `/etc/login.defs` (default):
 - will enable setting of the umask group bits to be the same as owner bits. (examples: 022 -> 002, 077 -> 007) for non-root users, if the uid is the same as gid, and username is the same as the primary group name
 - userdel will remove the user's group if it contains no more members, and useradd will create by default a group with the name of the user
- `System Wide Shell Configuration File`:
 - `/etc/profile` - used to set system wide environmental variables on users shells. The variables are sometimes the same ones that are in the `.profile`, however this file is used to set an initial PATH or PS1 for all shell users of the system. _is only executed for interactive `login` shells, or shells executed with the --login parameter_
 - `/etc/profile.d` - `/etc/profile` will execute the scripts within `/etc/profile.d/*.sh`. It is recommended to place your configuration in a shell script within `/etc/profile.d` to set your own system wide environmental variables.
 - `/etc/bash.bashrc` - System wide version of `.bashrc`. `etc/bashrc` also invokes `/etc/profile.d/*.sh` if `non-login` shell, but redirects output to `/dev/null` if `non-interactive.` _Is only executed for `interactive` shells or if `BASH_ENV` is set to `/etc/bash.bashrc`_

_User Shell Configuration Files:_
- `~/.profile` - Is executed to configure your shell before the initial command prompt. _Is only read by login shells._
- `~/.bashrc` - Is executed for interactive shells. _only read by a shell that's both interactive and non-login_","Setting a very secure default value for `umask` ensures that users make a conscious choice about their file permissions. A default `umask` setting of `077` causes files and directories created by users to not be readable by any other user on the system. A `umask` of `027` would make files and directories readable by users in the same Unix group, while a `umask` of `022` would make files readable by every user on the system.","Verify the default umask is 027 in login.defs and the profile drop-in.

```bash
#!/bin/bash
grep -Eqs '^[[:space:]]*UMASK[[:space:]]+027' /etc/login.defs || exit 1
grep -Eqs '^[[:space:]]*umask[[:space:]]+027' /etc/profile.d/*.sh /etc/profile 2>/dev/null || exit 1
exit 0
```","Set UMASK 027 in login.defs and install a profile drop-in.

```bash
#!/bin/bash
if grep -Eqs '^[[:space:]]*#?[[:space:]]*UMASK[[:space:]]' /etc/login.defs; then
  sed -ri 's/^[[:space:]]*#?[[:space:]]*UMASK[[:space:]]+[0-9]+/UMASK\t\t027/' /etc/login.defs
else
  printf 'UMASK\t\t027\n' >> /etc/login.defs
fi
printf 'umask 027\n' > /etc/profile.d/50-sabc-umask.sh
chmod 644 /etc/profile.d/50-sabc-umask.sh
exit 0
```","# [SABC] Red Hat family guidance — family-neutral procedure; the Debian commands (sysctl/systemctl/file/pam checks) run identically on the Red Hat family.
Verify the default umask is 027 in login.defs and the profile drop-in.

```bash
#!/bin/bash
grep -Eqs '^[[:space:]]*UMASK[[:space:]]+027' /etc/login.defs || exit 1
grep -Eqs '^[[:space:]]*umask[[:space:]]+027' /etc/profile.d/*.sh /etc/profile 2>/dev/null || exit 1
exit 0
```","# [SABC] Red Hat family guidance — family-neutral procedure; the Debian commands (sysctl/systemctl/file/pam checks) run identically on the Red Hat family.
Set UMASK 027 in login.defs and install a profile drop-in.

```bash
#!/bin/bash
if grep -Eqs '^[[:space:]]*#?[[:space:]]*UMASK[[:space:]]' /etc/login.defs; then
  sed -ri 's/^[[:space:]]*#?[[:space:]]*UMASK[[:space:]]+[0-9]+/UMASK\t\t027/' /etc/login.defs
else
  printf 'UMASK\t\t027\n' >> /etc/login.defs
fi
printf 'umask 027\n' > /etc/profile.d/50-sabc-umask.sh
chmod 644 /etc/profile.d/50-sabc-umask.sh
exit 0
```"
JR2.C.4.5.3,jr2_c_4_5_3,control,User Accounts and Environment,Ensure default user shell timeout is configured.,debian;redhat,1,CIS-U22:4.5.5,Between 1 and 900.,"`TMOUT` is an environmental setting that determines the timeout of a shell in seconds.
- TMOUT=_n_ - Sets the shell timeout to _n_ seconds. A setting of `TMOUT=0` disables timeout.
- readonly TMOUT- Sets the TMOUT environmental variable as readonly, preventing unwanted modification during run-time.
- export TMOUT - exports the TMOUT variable 

`System Wide Shell Configuration Files:`
- `/etc/profile` - used to set system wide environmental variables on users shells. The variables are sometimes the same ones that are in the `.bash_profile`, however this file is used to set an initial PATH or PS1 for all shell users of the system. **Is only executed for interactive *login* shells, or shells executed with the --login parameter.** 
- `/etc/profile.d` - `/etc/profile` will execute the scripts within `/etc/profile.d/*.sh`. It is recommended to place your configuration in a shell script within `/etc/profile.d` to set your own system wide environmental variables.
- `/etc/bash.bashrc` - System wide version of `bash.bashrc`. `etc/bash.bashrc` also invokes `/etc/profile.d/*.sh` if *non-login* shell, but redirects output to `/dev/null` if *non-interactive.* **Is only executed for *interactive* shells or if `BASH_ENV` is set to `/etc/bash.bashrc`.**",Setting a timeout value reduces the window of opportunity for unauthorized user access to another user's shell session that has been left unattended. It also ends the inactive session and releases the resources associated with that session.,"Verify an interactive shell timeout (TMOUT ≤ 900, non-zero) is configured.

```bash
#!/bin/bash
v=$(grep -Ehs 'TMOUT=' /etc/profile.d/*.sh /etc/profile /etc/bash.bashrc 2>/dev/null | grep -oE 'TMOUT=[0-9]+' | tail -1 | cut -d= -f2)
[ -n ""$v"" ] && [ ""$v"" -ge 1 ] && [ ""$v"" -le 900 ] && exit 0
exit 1
```","Install a read-only TMOUT=900 profile drop-in.

```bash
#!/bin/bash
printf 'TMOUT=900\nreadonly TMOUT\nexport TMOUT\n' > /etc/profile.d/50-sabc-tmout.sh
chmod 644 /etc/profile.d/50-sabc-tmout.sh
exit 0
```","# [SABC] Red Hat family guidance — family-neutral procedure; the Debian commands (sysctl/systemctl/file/pam checks) run identically on the Red Hat family.
Verify an interactive shell timeout (TMOUT ≤ 900, non-zero) is configured.

```bash
#!/bin/bash
v=$(grep -Ehs 'TMOUT=' /etc/profile.d/*.sh /etc/profile /etc/bash.bashrc 2>/dev/null | grep -oE 'TMOUT=[0-9]+' | tail -1 | cut -d= -f2)
[ -n ""$v"" ] && [ ""$v"" -ge 1 ] && [ ""$v"" -le 900 ] && exit 0
exit 1
```","# [SABC] Red Hat family guidance — family-neutral procedure; the Debian commands (sysctl/systemctl/file/pam checks) run identically on the Red Hat family.
Install a read-only TMOUT=900 profile drop-in.

```bash
#!/bin/bash
printf 'TMOUT=900\nreadonly TMOUT\nexport TMOUT\n' > /etc/profile.d/50-sabc-tmout.sh
chmod 644 /etc/profile.d/50-sabc-tmout.sh
exit 0
```"
JR2.C.4.5.4,jr2_c_4_5_4,control,User Accounts and Environment,Ensure maximum number of same consecutive characters in a password is configured.,debian;redhat,1,CIS-U22:4.5.7,Between 1 and 3.,The `pwquality` `maxrepeat` option sets the maximum number of allowed same consecutive characters in a new password.,"Use of a complex password helps to increase the time and resources required to compromise the password. Password complexity, or strength, is a measure of the effectiveness of a password in resisting attempts at guessing and brute-force attacks.

Password complexity is one factor of several that determines how long it takes to crack a password. The more complex the password, the greater the number of possible combinations that need to be tested before the password is compromised.","Verify maxrepeat (consecutive identical characters) is 1–3.

```bash
#!/bin/bash
v=$(grep -Ehs '^[[:space:]]*maxrepeat[[:space:]]*=' /etc/security/pwquality.conf /etc/security/pwquality.conf.d/*.conf 2>/dev/null | tail -1 | grep -oE '[0-9]+')
[ -n ""$v"" ] && [ ""$v"" -ge 1 ] && [ ""$v"" -le 3 ] && exit 0
exit 1
```","Set maxrepeat = 3 in pwquality.conf.

```bash
#!/bin/bash
set_kv() {
  k=""$1""; v=""$2""; f=""$3""
  if grep -Eq ""^[[:space:]]*#?[[:space:]]*$k[[:space:]]*="" ""$f"" 2>/dev/null; then
    sed -ri ""s|^[[:space:]]*#?[[:space:]]*($k)[[:space:]]*=.*|\1 = $v|"" ""$f""
  else
    printf '%s = %s\n' ""$k"" ""$v"" >> ""$f""
  fi
}

            f=/etc/security/pwquality.conf
            [ -e ""$f"" ] || touch ""$f""
            set_kv maxrepeat 3 ""$f""
            exit 0
```","# [SABC] Red Hat family guidance — family-neutral procedure; the Debian commands (sysctl/systemctl/file/pam checks) run identically on the Red Hat family.
Verify maxrepeat (consecutive identical characters) is 1–3.

```bash
#!/bin/bash
v=$(grep -Ehs '^[[:space:]]*maxrepeat[[:space:]]*=' /etc/security/pwquality.conf /etc/security/pwquality.conf.d/*.conf 2>/dev/null | tail -1 | grep -oE '[0-9]+')
[ -n ""$v"" ] && [ ""$v"" -ge 1 ] && [ ""$v"" -le 3 ] && exit 0
exit 1
```","# [SABC] Red Hat family guidance — family-neutral procedure; the Debian commands (sysctl/systemctl/file/pam checks) run identically on the Red Hat family.
Set maxrepeat = 3 in pwquality.conf.

```bash
#!/bin/bash
set_kv() {
  k=""$1""; v=""$2""; f=""$3""
  if grep -Eq ""^[[:space:]]*#?[[:space:]]*$k[[:space:]]*="" ""$f"" 2>/dev/null; then
    sed -ri ""s|^[[:space:]]*#?[[:space:]]*($k)[[:space:]]*=.*|\1 = $v|"" ""$f""
  else
    printf '%s = %s\n' ""$k"" ""$v"" >> ""$f""
  fi
}

            f=/etc/security/pwquality.conf
            [ -e ""$f"" ] || touch ""$f""
            set_kv maxrepeat 3 ""$f""
            exit 0
```"
JR2.C.4.5.1.0,jr2_c_4_5_1_0,section,User Accounts and Environment,Set Shadow Password Suite Parameters.,debian;redhat,,,,"While a majority of the password control parameters have been moved to PAM, some parameters are still available through the shadow password suite. Any changes made to `/etc/login.defs `will only be applied if the `usermod `command is used. If user IDs are added a different way, use the `chage `command to effect changes to individual user IDs.",,,,,
JR2.C.4.5.1.1,jr2_c_4_5_1_1,control,Set Shadow Password Suite Parameters,Ensure minimum days between password changes is configured.,debian;redhat,1,CIS-U22:4.5.1.1,"PASS_MIN_DAYS = 1, but more is allowed.",The `PASS_MIN_DAYS` parameter in `/etc/login.defs` allows an administrator to prevent users from changing their password until a minimum number of days have passed since the last time the user changed their password. It is recommended that `PASS_MIN_DAYS` parameter be set to 1 or more days.,"By restricting the frequency of password changes, an administrator can prevent users from repeatedly changing their password in an attempt to circumvent password reuse controls.","Run the following command and verify `PASS_MIN_DAYS` conforms to site policy (no less than 1 day):

```
# grep PASS_MIN_DAYS /etc/login.defs

PASS_MIN_DAYS 1
```

Run the following command and Review list of users and PAS_MIN_DAYS to Verify that all users' PAS_MIN_DAYS conforms to site policy (no less than 1 day):

```
# awk -F : '(/^[^:]+:[^!*]/ && $4 < 1){print $1 "" "" $4}' /etc/shadow

No <user>:<PASS_MIN_DAYS> should be returned
```","Set the `PASS_MIN_DAYS` parameter to 1 in `/etc/login.defs`:

```
PASS_MIN_DAYS 1
```

Modify user parameters for all users with a password set to match:

```
# chage --mindays 1 <user>
```","# [SABC] Red Hat family guidance — family-neutral procedure; the Debian commands (sysctl/systemctl/file/pam checks) run identically on the Red Hat family.
Run the following command and verify `PASS_MIN_DAYS` conforms to site policy (no less than 1 day):

```
# grep PASS_MIN_DAYS /etc/login.defs

PASS_MIN_DAYS 1
```

Run the following command and Review list of users and PAS_MIN_DAYS to Verify that all users' PAS_MIN_DAYS conforms to site policy (no less than 1 day):

```
# awk -F : '(/^[^:]+:[^!*]/ && $4 < 1){print $1 "" "" $4}' /etc/shadow

No <user>:<PASS_MIN_DAYS> should be returned
```","# [SABC] Red Hat family guidance — family-neutral procedure; the Debian commands (sysctl/systemctl/file/pam checks) run identically on the Red Hat family.
Set the `PASS_MIN_DAYS` parameter to 1 in `/etc/login.defs`:

```
PASS_MIN_DAYS 1
```

Modify user parameters for all users with a password set to match:

```
# chage --mindays 1 <user>
```"
JR2.C.4.5.1.2,jr2_c_4_5_1_2,control,Set Shadow Password Suite Parameters,Ensure password expiration is 365 days or less.,debian;redhat,1,CIS-U22:4.5.1.2,Password expiration must be set.,The `PASS_MAX_DAYS` parameter in `/etc/login.defs` allows an administrator to force passwords to expire once they reach a defined age.,"The window of opportunity for an attacker to leverage compromised credentials or successfully compromise credentials via an online brute force attack is limited by the age of the password. Therefore, reducing the maximum age of a password also reduces an attacker's window of opportunity. It is recommended that the `PASS_MAX_DAYS` parameter does not exceed `365` days and is greater than the value of `PASS_MIN_DAYS`.","Run the following command and verify `PASS_MAX_DAYS` conforms to site policy, does not exceed 365 days, and is greater than `PASS_MIN_DAYS`:

```
# grep PASS_MAX_DAYS /etc/login.defs

PASS_MAX_DAYS 365
```

Run the following command and Review list of users and `PASS_MAX_DAYS` to verify that all users' `PASS_MAX_DAYS` conforms to site policy, does not exceed 365 days, and is no less than `PASS_MIN_DAYS`

```
# awk -F: '(/^[^:]+:[^!*]/ && ($5>365 || $5~/([0-1]|-1|\s*)/)){print $1 "" "" $5}' /etc/shadow

No <user>:<PASS_MAX_DAYS> should be returned
```","Set the `PASS_MAX_DAYS` parameter to conform to site policy in `/etc/login.defs` :

```
PASS_MAX_DAYS 365
```

Modify user parameters for all users with a password set to match:

```
# chage --maxdays 365 <user>
```","# [SABC] Red Hat family guidance — family-neutral procedure; the Debian commands (sysctl/systemctl/file/pam checks) run identically on the Red Hat family.
Run the following command and verify `PASS_MAX_DAYS` conforms to site policy, does not exceed 365 days, and is greater than `PASS_MIN_DAYS`:

```
# grep PASS_MAX_DAYS /etc/login.defs

PASS_MAX_DAYS 365
```

Run the following command and Review list of users and `PASS_MAX_DAYS` to verify that all users' `PASS_MAX_DAYS` conforms to site policy, does not exceed 365 days, and is no less than `PASS_MIN_DAYS`

```
# awk -F: '(/^[^:]+:[^!*]/ && ($5>365 || $5~/([0-1]|-1|\s*)/)){print $1 "" "" $5}' /etc/shadow

No <user>:<PASS_MAX_DAYS> should be returned
```","# [SABC] Red Hat family guidance — family-neutral procedure; the Debian commands (sysctl/systemctl/file/pam checks) run identically on the Red Hat family.
Set the `PASS_MAX_DAYS` parameter to conform to site policy in `/etc/login.defs` :

```
PASS_MAX_DAYS 365
```

Modify user parameters for all users with a password set to match:

```
# chage --maxdays 365 <user>
```"
JR2.C.4.5.1.3,jr2_c_4_5_1_3,control,Set Shadow Password Suite Parameters,Ensure password expiration warning days is 7 or more.,debian;redhat,1,CIS-U22:4.5.1.3,PASS_WARN_AGE 7 (or more).,The `PASS_WARN_AGE` parameter in `/etc/login.defs` allows an administrator to notify users that their password will expire in a defined number of days. It is recommended that the `PASS_WARN_AGE` parameter be set to 7 or more days.,Providing an advance warning that a password will be expiring gives users time to think of a secure password. Users caught unaware may choose a simple password or write it down where it may be discovered.,"Run the following command and verify `PASS_WARN_AGE` conforms to site policy (No less than 7 days):

```
# grep PASS_WARN_AGE /etc/login.defs

PASS_WARN_AGE 7
```

Verify all users with a password have their number of days of warning before password expires set to 7 or more:
Run the following command and Review list of users and `PASS_WARN_AGE` to verify that all users' `PASS_WARN_AGE` conforms to site policy (No less than 7 days):

```
# awk -F: '(/^[^:]+:[^!*]/ && $6<7){print $1 "" "" $6}' /etc/shadow

No <user>:<PASS_WARN_AGE> should be returned
```","Set the `PASS_WARN_AGE` parameter to 7 in `/etc/login.defs`:

```
PASS_WARN_AGE 7
```

Modify user parameters for all users with a password set to match:

```
# chage --warndays 7 <user>
```","# [SABC] Red Hat family guidance — family-neutral procedure; the Debian commands (sysctl/systemctl/file/pam checks) run identically on the Red Hat family.
Run the following command and verify `PASS_WARN_AGE` conforms to site policy (No less than 7 days):

```
# grep PASS_WARN_AGE /etc/login.defs

PASS_WARN_AGE 7
```

Verify all users with a password have their number of days of warning before password expires set to 7 or more:
Run the following command and Review list of users and `PASS_WARN_AGE` to verify that all users' `PASS_WARN_AGE` conforms to site policy (No less than 7 days):

```
# awk -F: '(/^[^:]+:[^!*]/ && $6<7){print $1 "" "" $6}' /etc/shadow

No <user>:<PASS_WARN_AGE> should be returned
```","# [SABC] Red Hat family guidance — family-neutral procedure; the Debian commands (sysctl/systemctl/file/pam checks) run identically on the Red Hat family.
Set the `PASS_WARN_AGE` parameter to 7 in `/etc/login.defs`:

```
PASS_WARN_AGE 7
```

Modify user parameters for all users with a password set to match:

```
# chage --warndays 7 <user>
```"
JR2.C.4.5.1.4,jr2_c_4_5_1_4,control,Set Shadow Password Suite Parameters,Ensure inactive password lock is 30 days or less.,debian;redhat,1,CIS-U22:4.5.1.4,30 or less.,User accounts that have been inactive for over a given period of time can be automatically disabled. It is recommended that accounts that are inactive for 30 days after password expiration be disabled.,Inactive accounts pose a threat to system security since the users are not logging in to notice failed login attempts or other anomalies.,"Run the following command and verify `INACTIVE` conforms to site policy (no more than 30 days):

```
# useradd -D | grep INACTIVE

INACTIVE=30
```

Verify all users with a password have Password inactive no more than 30 days after password expires:
Run the following command and Review list of users and INACTIVE to verify that all users' INACTIVE conforms to site policy (no more than 30 days):

```
# awk -F: '(/^[^:]+:[^!*]/ && ($7~/(\s*|-1)/ || $7>30)){print $1 "" "" $7}' /etc/shadow

No <user>:<INACTIVE> should be returned
```","Run the following command to set the default password inactivity period to 30 days:

```
# useradd -D -f 30
```

Modify user parameters for all users with a password set to match:

```
# chage --inactive 30 <user>
```","# [SABC] Red Hat family guidance — family-neutral procedure; the Debian commands (sysctl/systemctl/file/pam checks) run identically on the Red Hat family.
Run the following command and verify `INACTIVE` conforms to site policy (no more than 30 days):

```
# useradd -D | grep INACTIVE

INACTIVE=30
```

Verify all users with a password have Password inactive no more than 30 days after password expires:
Run the following command and Review list of users and INACTIVE to verify that all users' INACTIVE conforms to site policy (no more than 30 days):

```
# awk -F: '(/^[^:]+:[^!*]/ && ($7~/(\s*|-1)/ || $7>30)){print $1 "" "" $7}' /etc/shadow

No <user>:<INACTIVE> should be returned
```","# [SABC] Red Hat family guidance — family-neutral procedure; the Debian commands (sysctl/systemctl/file/pam checks) run identically on the Red Hat family.
Run the following command to set the default password inactivity period to 30 days:

```
# useradd -D -f 30
```

Modify user parameters for all users with a password set to match:

```
# chage --inactive 30 <user>
```"
JR2.C.4.5.1.5,jr2_c_4_5_1_5,control,Set Shadow Password Suite Parameters,Ensure all users last password change date is in the past.,debian;redhat,1,CIS-U22:4.5.1.5,"Users must have a password change date in the past, else the account should be locked.",All users should have a password change date in the past.,If a users recorded password change date is in the future then they could bypass any set password expiration.,"Run the following script to verify all users last password change was in the past:

```
#!/usr/bin/env bash

{
 l_output2=""""
 while read -r l_user; do
 l_change=""$(chage --list $l_user | awk -F: '($1 ~ /^\s*Last\s+password\s+change/ && $2 !~ /never/){print $2}' | xargs)""
 if [[ ""$(date -d ""$l_change"" +%s)"" -gt ""$(date +%s)"" ]]; then
 l_output2=""$l_output2\n - User: \""$l_user\"" last password change is in the future \""$l_change\""""
 fi
 done < <(awk -F: '($2 ~ /^[^*!xX\n\r][^\n\r]+/){print $1}' /etc/shadow)
 if [ -z ""$l_output2"" ]; then # If l_output2 is empty, we pass
 echo -e ""\n- Audit Result:\n ** PASS **\n - All user password changes are in the past \n""
 else
 echo -e ""\n- Audit Result:\n ** FAIL **\n - * Reasons for audit failure * :$l_output2\n""
 fi
}
```","Investigate any users with a password change date in the future and correct them. Locking the account, expiring the password, or resetting the password manually may be appropriate.","# [SABC] Red Hat family guidance — family-neutral procedure; the Debian commands (sysctl/systemctl/file/pam checks) run identically on the Red Hat family.
Run the following script to verify all users last password change was in the past:

```
#!/usr/bin/env bash

{
 l_output2=""""
 while read -r l_user; do
 l_change=""$(chage --list $l_user | awk -F: '($1 ~ /^\s*Last\s+password\s+change/ && $2 !~ /never/){print $2}' | xargs)""
 if [[ ""$(date -d ""$l_change"" +%s)"" -gt ""$(date +%s)"" ]]; then
 l_output2=""$l_output2\n - User: \""$l_user\"" last password change is in the future \""$l_change\""""
 fi
 done < <(awk -F: '($2 ~ /^[^*!xX\n\r][^\n\r]+/){print $1}' /etc/shadow)
 if [ -z ""$l_output2"" ]; then # If l_output2 is empty, we pass
 echo -e ""\n- Audit Result:\n ** PASS **\n - All user password changes are in the past \n""
 else
 echo -e ""\n- Audit Result:\n ** FAIL **\n - * Reasons for audit failure * :$l_output2\n""
 fi
}
```","# [SABC] Red Hat family guidance — family-neutral procedure; the Debian commands (sysctl/systemctl/file/pam checks) run identically on the Red Hat family.
Investigate any users with a password change date in the future and correct them. Locking the account, expiring the password, or resetting the password manually may be appropriate."
JR2.C.4.5.1.6,jr2_c_4_5_1_6,control,Set Shadow Password Suite Parameters,Ensure the number of changed characters in a new password is configured.,debian;redhat,1,CIS-U22:4.5.1.6,2 or more.,The `pwquality` `difok` option sets the number of characters in a password that must not be present in the old password.,"Use of a complex password helps to increase the time and resources required to compromise the password. Password complexity, or strength, is a measure of the effectiveness of a password in resisting attempts at guessing and brute-force attacks.

Password complexity is one factor of several that determines how long it takes to crack a password. The more complex the password, the greater the number of possible combinations that need to be tested before the password is compromised.","Verify difok (changed characters in a new password) is at least 2.

```bash
#!/bin/bash
v=$(grep -Ehs '^[[:space:]]*difok[[:space:]]*=' /etc/security/pwquality.conf /etc/security/pwquality.conf.d/*.conf 2>/dev/null | tail -1 | grep -oE '[0-9]+')
[ -n ""$v"" ] && [ ""$v"" -ge 2 ] && exit 0
exit 1
```","Set difok = 2 in pwquality.conf.

```bash
#!/bin/bash
set_kv() {
  k=""$1""; v=""$2""; f=""$3""
  if grep -Eq ""^[[:space:]]*#?[[:space:]]*$k[[:space:]]*="" ""$f"" 2>/dev/null; then
    sed -ri ""s|^[[:space:]]*#?[[:space:]]*($k)[[:space:]]*=.*|\1 = $v|"" ""$f""
  else
    printf '%s = %s\n' ""$k"" ""$v"" >> ""$f""
  fi
}

            f=/etc/security/pwquality.conf
            [ -e ""$f"" ] || touch ""$f""
            set_kv difok 2 ""$f""
            exit 0
```","# [SABC] Red Hat family guidance — family-neutral procedure; the Debian commands (sysctl/systemctl/file/pam checks) run identically on the Red Hat family.
Verify difok (changed characters in a new password) is at least 2.

```bash
#!/bin/bash
v=$(grep -Ehs '^[[:space:]]*difok[[:space:]]*=' /etc/security/pwquality.conf /etc/security/pwquality.conf.d/*.conf 2>/dev/null | tail -1 | grep -oE '[0-9]+')
[ -n ""$v"" ] && [ ""$v"" -ge 2 ] && exit 0
exit 1
```","# [SABC] Red Hat family guidance — family-neutral procedure; the Debian commands (sysctl/systemctl/file/pam checks) run identically on the Red Hat family.
Set difok = 2 in pwquality.conf.

```bash
#!/bin/bash
set_kv() {
  k=""$1""; v=""$2""; f=""$3""
  if grep -Eq ""^[[:space:]]*#?[[:space:]]*$k[[:space:]]*="" ""$f"" 2>/dev/null; then
    sed -ri ""s|^[[:space:]]*#?[[:space:]]*($k)[[:space:]]*=.*|\1 = $v|"" ""$f""
  else
    printf '%s = %s\n' ""$k"" ""$v"" >> ""$f""
  fi
}

            f=/etc/security/pwquality.conf
            [ -e ""$f"" ] || touch ""$f""
            set_kv difok 2 ""$f""
            exit 0
```"
JR2.C.4.5.1.7,jr2_c_4_5_1_7,control,Set Shadow Password Suite Parameters,Ensure preventing the use of dictionary words for passwords is configured.,debian;redhat,1,CIS-U22:4.5.1.7,dictcheck = 1,The `pwquality` `dictcheck` option sets whether to check for the words from the `cracklib` dictionary.,"If the operating system allows the user to select passwords based on dictionary words, this increases the chances of password compromise by increasing the opportunity for successful guesses, and brute-force attacks.","Verify dictionary words are rejected (dictcheck enabled).

```bash
#!/bin/bash
v=$(grep -Ehs '^[[:space:]]*dictcheck[[:space:]]*=' /etc/security/pwquality.conf /etc/security/pwquality.conf.d/*.conf 2>/dev/null | tail -1 | grep -oE '[0-9]+')
[ -n ""$v"" ] && [ ""$v"" -ge 1 ] && exit 0
exit 1
```","Set dictcheck = 1 in pwquality.conf.

```bash
#!/bin/bash
set_kv() {
  k=""$1""; v=""$2""; f=""$3""
  if grep -Eq ""^[[:space:]]*#?[[:space:]]*$k[[:space:]]*="" ""$f"" 2>/dev/null; then
    sed -ri ""s|^[[:space:]]*#?[[:space:]]*($k)[[:space:]]*=.*|\1 = $v|"" ""$f""
  else
    printf '%s = %s\n' ""$k"" ""$v"" >> ""$f""
  fi
}

            f=/etc/security/pwquality.conf
            [ -e ""$f"" ] || touch ""$f""
            set_kv dictcheck 1 ""$f""
            exit 0
```","# [SABC] Red Hat family guidance — family-neutral procedure; the Debian commands (sysctl/systemctl/file/pam checks) run identically on the Red Hat family.
Verify dictionary words are rejected (dictcheck enabled).

```bash
#!/bin/bash
v=$(grep -Ehs '^[[:space:]]*dictcheck[[:space:]]*=' /etc/security/pwquality.conf /etc/security/pwquality.conf.d/*.conf 2>/dev/null | tail -1 | grep -oE '[0-9]+')
[ -n ""$v"" ] && [ ""$v"" -ge 1 ] && exit 0
exit 1
```","# [SABC] Red Hat family guidance — family-neutral procedure; the Debian commands (sysctl/systemctl/file/pam checks) run identically on the Red Hat family.
Set dictcheck = 1 in pwquality.conf.

```bash
#!/bin/bash
set_kv() {
  k=""$1""; v=""$2""; f=""$3""
  if grep -Eq ""^[[:space:]]*#?[[:space:]]*$k[[:space:]]*="" ""$f"" 2>/dev/null; then
    sed -ri ""s|^[[:space:]]*#?[[:space:]]*($k)[[:space:]]*=.*|\1 = $v|"" ""$f""
  else
    printf '%s = %s\n' ""$k"" ""$v"" >> ""$f""
  fi
}

            f=/etc/security/pwquality.conf
            [ -e ""$f"" ] || touch ""$f""
            set_kv dictcheck 1 ""$f""
            exit 0
```"
JR2.C.5.1.0,jr2_c_5_1_0,section,Configure Logging,Configure Logging.,debian;redhat,,,,"Logging services should be configured to prevent information leaks and to aggregate logs on a remote server so that they can be reviewed in the event of a system compromise. A centralized log server provides a single point of entry for further analysis, monitoring and filtering.

### Security principals for logging
* Ensure transport layer security is implemented between the client and the log server.
* Ensure that logs are rotated as per the environment requirements.
* Ensure all locally generated logs have the appropriate permissions.
* Ensure all security logs are sent to a remote log server.
* Ensure the required events are logged.

### What is covered
This section will cover the minimum best practices for the usage of **either** `rsyslog` **or** `journald`. The recommendations are written such that each is wholly independent of each other and **only one is implemented**.
* If your organization makes use of an enterprise wide logging system completely outside of `rsyslog` or `journald`, then the following recommendations does not directly apply. However, the principals of the recommendations should be followed regardless of what solution is implemented. If the enterprise solution incorporates either of these tools, careful consideration should be given to the following recommendations to determine exactly what applies.
* Should your organization make use of both `rsyslog` and `journald`, take care how the recommendations may or may not apply to you.

### What is not covered
* Enterprise logging systems not utilizing `rsyslog` or `journald`.
As logging is very situational and dependant on the local environment, not everything can be covered here.
* Transport layer security should be applied to all remote logging functionality. Both `rsyslog` and `journald` supports secure transport and should be configured as such.
* The log server. There are a multitude of reasons for a centralized log server (and keeping a short period logging on the local system), but the log server is out of scope for these recommendations.",,,,,
JR2.C.5.1.1,jr2_c_5_1_1,control,Configure Logging,Ensure all logfiles have appropriate access configured.,debian;redhat,1,CIS-U22:5.1.3,All logfiles have appropriate permissions and ownership.,Log files stored in `/var/log/` contain logged information from many services on the system and potentially from other logged hosts as well.,It is important that log files have the correct permissions to ensure that sensitive data is protected and that only the appropriate users / groups have access to them.,"Run the following script to verify that files in `/var/log/` have appropriate permissions and ownership:

```
#!/usr/bin/env bash

{
 l_op2="""" l_output2=""""
 l_uidmin=""$(awk '/^\s*UID_MIN/{print $2}' /etc/login.defs)""
 file_test_chk()
 {
 l_op2=""""
 if [ $(( $l_mode & $perm_mask )) -gt 0 ]; then
 l_op2=""$l_op2\n - Mode: \""$l_mode\"" should be \""$maxperm\"" or more restrictive""
 fi
 if [[ ! ""$l_user"" =~ $l_auser ]]; then
 l_op2=""$l_op2\n - Owned by: \""$l_user\"" and should be owned by \""${l_auser//|/ or }\""""
 fi
 if [[ ! ""$l_group"" =~ $l_agroup ]]; then
 l_op2=""$l_op2\n - Group owned by: \""$l_group\"" and should be group owned by \""${l_agroup//|/ or }\""""
 fi
 [ -n ""$l_op2"" ] && l_output2=""$l_output2\n - File: \""$l_fname\"" is:$l_op2\n""
 }
 unset a_file && a_file=() # clear and initialize array
 # Loop to create array with stat of files that could possibly fail one of the audits
 while IFS= read -r -d $'\0' l_file; do
 [ -e ""$l_file"" ] && a_file+=(""$(stat -Lc '%n^%#a^%U^%u^%G^%g' ""$l_file"")"")
 done < <(find -L /var/log -type f \( -perm /0137 -o ! -user root -o ! -group root \) -print0)
 while IFS=""^"" read -r l_fname l_mode l_user l_uid l_group l_gid; do
 l_bname=""$(basename ""$l_fname"")""
 case ""$l_bname"" in
 lastlog | lastlog.* | wtmp | wtmp.* | wtmp-* | btmp | btmp.* | btmp-* | README)
 perm_mask='0113'
 maxperm=""$( printf '%o' $(( 0777 & ~$perm_mask)) )""
 l_auser=""root""
 l_agroup=""(root|utmp)""
 file_test_chk
 ;;
 secure | auth.log | syslog | messages)
 perm_mask='0137'
 maxperm=""$( printf '%o' $(( 0777 & ~$perm_mask)) )""
 l_auser=""(root|syslog)""
 l_agroup=""(root|adm)""
 file_test_chk
 ;;
 SSSD | sssd)
 perm_mask='0117'
 maxperm=""$( printf '%o' $(( 0777 & ~$perm_mask)) )""
 l_auser=""(root|SSSD)""
 l_agroup=""(root|SSSD)""
 file_test_chk 
 ;;
 gdm | gdm3)
 perm_mask='0117'
 maxperm=""$( printf '%o' $(( 0777 & ~$perm_mask)) )""
 l_auser=""root""
 l_agroup=""(root|gdm|gdm3)""
 file_test_chk 
 ;;
 *.journal | *.journal~)
 perm_mask='0137'
 maxperm=""$( printf '%o' $(( 0777 & ~$perm_mask)) )""
 l_auser=""root""
 l_agroup=""(root|systemd-journal)""
 file_test_chk
 ;;
 *)
 perm_mask='0137'
 maxperm=""$( printf '%o' $(( 0777 & ~$perm_mask)) )""
 l_auser=""(root|syslog)""
 l_agroup=""(root|adm)""
 if [ ""$l_uid"" -lt ""$l_uidmin"" ] && [ -z ""$(awk -v grp=""$l_group"" -F: '$1==grp {print $4}' /etc/group)"" ]; then
 if [[ ! ""$l_user"" =~ $l_auser ]]; then
 l_auser=""(root|syslog|$l_user)""
 fi
 if [[ ! ""$l_group"" =~ $l_agroup ]]; then
 l_tst=""""
 while l_out3="""" read -r l_duid; do
 [ ""$l_duid"" -ge ""$l_uidmin"" ] && l_tst=failed
 done <<< ""$(awk -F: '$4=='""$l_gid""' {print $3}' /etc/passwd)""
 [ ""$l_tst"" != ""failed"" ] && l_agroup=""(root|adm|$l_group)""
 fi
 fi
 file_test_chk
 ;;
 esac
 done <<< ""$(printf '%s\n' ""${a_file[@]}"")""
 unset a_file # Clear array
 # If all files passed, then we pass
 if [ -z ""$l_output2"" ]; then
 echo -e ""\n- Audit Results:\n ** Pass **\n- All files in \""/var/log/\"" have appropriate permissions and ownership\n""
 else
 # print the reason why we are failing
 echo -e ""\n- Audit Results:\n ** Fail **\n$l_output2""
 fi
}
```","Run the following script to update permissions and ownership on files in `/var/log`. 

Although the script is not destructive, ensure that the output is captured in the event that the remediation causes issues.

```
#!/usr/bin/env bash

{
 l_op2="""" l_output2=""""
 l_uidmin=""$(awk '/^\s*UID_MIN/{print $2}' /etc/login.defs)""
 file_test_fix()
 {
 l_op2=""""
 l_fuser=""root""
 l_fgroup=""root""
 if [ $(( $l_mode & $perm_mask )) -gt 0 ]; then
 l_op2=""$l_op2\n - Mode: \""$l_mode\"" should be \""$maxperm\"" or more restrictive\n - Removing excess permissions""
 chmod ""$l_rperms"" ""$l_fname""
 fi
 if [[ ! ""$l_user"" =~ $l_auser ]]; then
 l_op2=""$l_op2\n - Owned by: \""$l_user\"" and should be owned by \""${l_auser//|/ or }\""\n - Changing ownership to: \""$l_fuser\""""
 chown ""$l_fuser"" ""$l_fname""
 fi
 if [[ ! ""$l_group"" =~ $l_agroup ]]; then
 l_op2=""$l_op2\n - Group owned by: \""$l_group\"" and should be group owned by \""${l_agroup//|/ or }\""\n - Changing group ownership to: \""$l_fgroup\""""
 chgrp ""$l_fgroup"" ""$l_fname""
 fi
 [ -n ""$l_op2"" ] && l_output2=""$l_output2\n - File: \""$l_fname\"" is:$l_op2\n""
 }
 unset a_file && a_file=() # clear and initialize array
 # Loop to create array with stat of files that could possibly fail one of the audits
 while IFS= read -r -d $'\0' l_file; do
 [ -e ""$l_file"" ] && a_file+=(""$(stat -Lc '%n^%#a^%U^%u^%G^%g' ""$l_file"")"")
 done < <(find -L /var/log -type f \( -perm /0137 -o ! -user root -o ! -group root \) -print0)
 while IFS=""^"" read -r l_fname l_mode l_user l_uid l_group l_gid; do
 l_bname=""$(basename ""$l_fname"")""
 case ""$l_bname"" in
 lastlog | lastlog.* | wtmp | wtmp.* | wtmp-* | btmp | btmp.* | btmp-* | README)
 perm_mask='0113'
 maxperm=""$( printf '%o' $(( 0777 & ~$perm_mask)) )""
 l_rperms=""ug-x,o-wx""
 l_auser=""root""
 l_agroup=""(root|utmp)""
 file_test_fix
 ;;
 secure | auth.log | syslog | messages)
 perm_mask='0137'
 maxperm=""$( printf '%o' $(( 0777 & ~$perm_mask)) )""
 l_rperms=""u-x,g-wx,o-rwx""
 l_auser=""(root|syslog)""
 l_agroup=""(root|adm)""
 file_test_fix
 ;;
 SSSD | sssd)
 perm_mask='0117'
 maxperm=""$( printf '%o' $(( 0777 & ~$perm_mask)) )""
 l_rperms=""ug-x,o-rwx""
 l_auser=""(root|SSSD)""
 l_agroup=""(root|SSSD)""
 file_test_fix 
 ;;
 gdm | gdm3)
 perm_mask='0117'
 l_rperms=""ug-x,o-rwx""
 maxperm=""$( printf '%o' $(( 0777 & ~$perm_mask)) )""
 l_auser=""root""
 l_agroup=""(root|gdm|gdm3)""
 file_test_fix 
 ;;
 *.journal | *.journal~)
 perm_mask='0137'
 maxperm=""$( printf '%o' $(( 0777 & ~$perm_mask)) )""
 l_rperms=""u-x,g-wx,o-rwx""
 l_auser=""root""
 l_agroup=""(root|systemd-journal)"" 
 file_test_fix
 ;;
 *)
 perm_mask='0137'
 maxperm=""$( printf '%o' $(( 0777 & ~$perm_mask)) )""
 l_rperms=""u-x,g-wx,o-rwx""
 l_auser=""(root|syslog)""
 l_agroup=""(root|adm)""
 if [ ""$l_uid"" -lt ""$l_uidmin"" ] && [ -z ""$(awk -v grp=""$l_group"" -F: '$1==grp {print $4}' /etc/group)"" ]; then
 if [[ ! ""$l_user"" =~ $l_auser ]]; then
 l_auser=""(root|syslog|$l_user)""
 fi
 if [[ ! ""$l_group"" =~ $l_agroup ]]; then
 l_tst=""""
 while l_out3="""" read -r l_duid; do
 [ ""$l_duid"" -ge ""$l_uidmin"" ] && l_tst=failed
 done <<< ""$(awk -F: '$4=='""$l_gid""' {print $3}' /etc/passwd)""
 [ ""$l_tst"" != ""failed"" ] && l_agroup=""(root|adm|$l_group)""
 fi
 fi
 file_test_fix
 ;;
 esac
 done <<< ""$(printf '%s\n' ""${a_file[@]}"")""
 unset a_file # Clear array
 # If all files passed, then we report no changes
 if [ -z ""$l_output2"" ]; then
 echo -e ""- All files in \""/var/log/\"" have appropriate permissions and ownership\n - No changes required\n""
 else
 # print report of changes
 echo -e ""\n$l_output2""
 fi
}
```

**Note:** You may also need to change the configuration for your logging software or services for any logs that had incorrect permissions.

If there are services that log to other locations, ensure that those log files have the appropriate access configured.","# [SABC] Red Hat family guidance — family-neutral procedure; the Debian commands (sysctl/systemctl/file/pam checks) run identically on the Red Hat family.
Run the following script to verify that files in `/var/log/` have appropriate permissions and ownership:

```
#!/usr/bin/env bash

{
 l_op2="""" l_output2=""""
 l_uidmin=""$(awk '/^\s*UID_MIN/{print $2}' /etc/login.defs)""
 file_test_chk()
 {
 l_op2=""""
 if [ $(( $l_mode & $perm_mask )) -gt 0 ]; then
 l_op2=""$l_op2\n - Mode: \""$l_mode\"" should be \""$maxperm\"" or more restrictive""
 fi
 if [[ ! ""$l_user"" =~ $l_auser ]]; then
 l_op2=""$l_op2\n - Owned by: \""$l_user\"" and should be owned by \""${l_auser//|/ or }\""""
 fi
 if [[ ! ""$l_group"" =~ $l_agroup ]]; then
 l_op2=""$l_op2\n - Group owned by: \""$l_group\"" and should be group owned by \""${l_agroup//|/ or }\""""
 fi
 [ -n ""$l_op2"" ] && l_output2=""$l_output2\n - File: \""$l_fname\"" is:$l_op2\n""
 }
 unset a_file && a_file=() # clear and initialize array
 # Loop to create array with stat of files that could possibly fail one of the audits
 while IFS= read -r -d $'\0' l_file; do
 [ -e ""$l_file"" ] && a_file+=(""$(stat -Lc '%n^%#a^%U^%u^%G^%g' ""$l_file"")"")
 done < <(find -L /var/log -type f \( -perm /0137 -o ! -user root -o ! -group root \) -print0)
 while IFS=""^"" read -r l_fname l_mode l_user l_uid l_group l_gid; do
 l_bname=""$(basename ""$l_fname"")""
 case ""$l_bname"" in
 lastlog | lastlog.* | wtmp | wtmp.* | wtmp-* | btmp | btmp.* | btmp-* | README)
 perm_mask='0113'
 maxperm=""$( printf '%o' $(( 0777 & ~$perm_mask)) )""
 l_auser=""root""
 l_agroup=""(root|utmp)""
 file_test_chk
 ;;
 secure | auth.log | syslog | messages)
 perm_mask='0137'
 maxperm=""$( printf '%o' $(( 0777 & ~$perm_mask)) )""
 l_auser=""(root|syslog)""
 l_agroup=""(root|adm)""
 file_test_chk
 ;;
 SSSD | sssd)
 perm_mask='0117'
 maxperm=""$( printf '%o' $(( 0777 & ~$perm_mask)) )""
 l_auser=""(root|SSSD)""
 l_agroup=""(root|SSSD)""
 file_test_chk 
 ;;
 gdm | gdm3)
 perm_mask='0117'
 maxperm=""$( printf '%o' $(( 0777 & ~$perm_mask)) )""
 l_auser=""root""
 l_agroup=""(root|gdm|gdm3)""
 file_test_chk 
 ;;
 *.journal | *.journal~)
 perm_mask='0137'
 maxperm=""$( printf '%o' $(( 0777 & ~$perm_mask)) )""
 l_auser=""root""
 l_agroup=""(root|systemd-journal)""
 file_test_chk
 ;;
 *)
 perm_mask='0137'
 maxperm=""$( printf '%o' $(( 0777 & ~$perm_mask)) )""
 l_auser=""(root|syslog)""
 l_agroup=""(root|adm)""
 if [ ""$l_uid"" -lt ""$l_uidmin"" ] && [ -z ""$(awk -v grp=""$l_group"" -F: '$1==grp {print $4}' /etc/group)"" ]; then
 if [[ ! ""$l_user"" =~ $l_auser ]]; then
 l_auser=""(root|syslog|$l_user)""
 fi
 if [[ ! ""$l_group"" =~ $l_agroup ]]; then
 l_tst=""""
 while l_out3="""" read -r l_duid; do
 [ ""$l_duid"" -ge ""$l_uidmin"" ] && l_tst=failed
 done <<< ""$(awk -F: '$4=='""$l_gid""' {print $3}' /etc/passwd)""
 [ ""$l_tst"" != ""failed"" ] && l_agroup=""(root|adm|$l_group)""
 fi
 fi
 file_test_chk
 ;;
 esac
 done <<< ""$(printf '%s\n' ""${a_file[@]}"")""
 unset a_file # Clear array
 # If all files passed, then we pass
 if [ -z ""$l_output2"" ]; then
 echo -e ""\n- Audit Results:\n ** Pass **\n- All files in \""/var/log/\"" have appropriate permissions and ownership\n""
 else
 # print the reason why we are failing
 echo -e ""\n- Audit Results:\n ** Fail **\n$l_output2""
 fi
}
```","# [SABC] Red Hat family guidance — family-neutral procedure; the Debian commands (sysctl/systemctl/file/pam checks) run identically on the Red Hat family.
Run the following script to update permissions and ownership on files in `/var/log`. 

Although the script is not destructive, ensure that the output is captured in the event that the remediation causes issues.

```
#!/usr/bin/env bash

{
 l_op2="""" l_output2=""""
 l_uidmin=""$(awk '/^\s*UID_MIN/{print $2}' /etc/login.defs)""
 file_test_fix()
 {
 l_op2=""""
 l_fuser=""root""
 l_fgroup=""root""
 if [ $(( $l_mode & $perm_mask )) -gt 0 ]; then
 l_op2=""$l_op2\n - Mode: \""$l_mode\"" should be \""$maxperm\"" or more restrictive\n - Removing excess permissions""
 chmod ""$l_rperms"" ""$l_fname""
 fi
 if [[ ! ""$l_user"" =~ $l_auser ]]; then
 l_op2=""$l_op2\n - Owned by: \""$l_user\"" and should be owned by \""${l_auser//|/ or }\""\n - Changing ownership to: \""$l_fuser\""""
 chown ""$l_fuser"" ""$l_fname""
 fi
 if [[ ! ""$l_group"" =~ $l_agroup ]]; then
 l_op2=""$l_op2\n - Group owned by: \""$l_group\"" and should be group owned by \""${l_agroup//|/ or }\""\n - Changing group ownership to: \""$l_fgroup\""""
 chgrp ""$l_fgroup"" ""$l_fname""
 fi
 [ -n ""$l_op2"" ] && l_output2=""$l_output2\n - File: \""$l_fname\"" is:$l_op2\n""
 }
 unset a_file && a_file=() # clear and initialize array
 # Loop to create array with stat of files that could possibly fail one of the audits
 while IFS= read -r -d $'\0' l_file; do
 [ -e ""$l_file"" ] && a_file+=(""$(stat -Lc '%n^%#a^%U^%u^%G^%g' ""$l_file"")"")
 done < <(find -L /var/log -type f \( -perm /0137 -o ! -user root -o ! -group root \) -print0)
 while IFS=""^"" read -r l_fname l_mode l_user l_uid l_group l_gid; do
 l_bname=""$(basename ""$l_fname"")""
 case ""$l_bname"" in
 lastlog | lastlog.* | wtmp | wtmp.* | wtmp-* | btmp | btmp.* | btmp-* | README)
 perm_mask='0113'
 maxperm=""$( printf '%o' $(( 0777 & ~$perm_mask)) )""
 l_rperms=""ug-x,o-wx""
 l_auser=""root""
 l_agroup=""(root|utmp)""
 file_test_fix
 ;;
 secure | auth.log | syslog | messages)
 perm_mask='0137'
 maxperm=""$( printf '%o' $(( 0777 & ~$perm_mask)) )""
 l_rperms=""u-x,g-wx,o-rwx""
 l_auser=""(root|syslog)""
 l_agroup=""(root|adm)""
 file_test_fix
 ;;
 SSSD | sssd)
 perm_mask='0117'
 maxperm=""$( printf '%o' $(( 0777 & ~$perm_mask)) )""
 l_rperms=""ug-x,o-rwx""
 l_auser=""(root|SSSD)""
 l_agroup=""(root|SSSD)""
 file_test_fix 
 ;;
 gdm | gdm3)
 perm_mask='0117'
 l_rperms=""ug-x,o-rwx""
 maxperm=""$( printf '%o' $(( 0777 & ~$perm_mask)) )""
 l_auser=""root""
 l_agroup=""(root|gdm|gdm3)""
 file_test_fix 
 ;;
 *.journal | *.journal~)
 perm_mask='0137'
 maxperm=""$( printf '%o' $(( 0777 & ~$perm_mask)) )""
 l_rperms=""u-x,g-wx,o-rwx""
 l_auser=""root""
 l_agroup=""(root|systemd-journal)"" 
 file_test_fix
 ;;
 *)
 perm_mask='0137'
 maxperm=""$( printf '%o' $(( 0777 & ~$perm_mask)) )""
 l_rperms=""u-x,g-wx,o-rwx""
 l_auser=""(root|syslog)""
 l_agroup=""(root|adm)""
 if [ ""$l_uid"" -lt ""$l_uidmin"" ] && [ -z ""$(awk -v grp=""$l_group"" -F: '$1==grp {print $4}' /etc/group)"" ]; then
 if [[ ! ""$l_user"" =~ $l_auser ]]; then
 l_auser=""(root|syslog|$l_user)""
 fi
 if [[ ! ""$l_group"" =~ $l_agroup ]]; then
 l_tst=""""
 while l_out3="""" read -r l_duid; do
 [ ""$l_duid"" -ge ""$l_uidmin"" ] && l_tst=failed
 done <<< ""$(awk -F: '$4=='""$l_gid""' {print $3}' /etc/passwd)""
 [ ""$l_tst"" != ""failed"" ] && l_agroup=""(root|adm|$l_group)""
 fi
 fi
 file_test_fix
 ;;
 esac
 done <<< ""$(printf '%s\n' ""${a_file[@]}"")""
 unset a_file # Clear array
 # If all files passed, then we report no changes
 if [ -z ""$l_output2"" ]; then
 echo -e ""- All files in \""/var/log/\"" have appropriate permissions and ownership\n - No changes required\n""
 else
 # print report of changes
 echo -e ""\n$l_output2""
 fi
}
```

**Note:** You may also need to change the configuration for your logging software or services for any logs that had incorrect permissions.

If there are services that log to other locations, ensure that those log files have the appropriate access configured."
JR2.C.5.1.1.0,jr2_c_5_1_1_0,section,Configure Logging,Configure journald.,debian;redhat,,,,"Logging services should be configured to prevent information leaks and to aggregate logs on a remote server so that they can be reviewed in the event of a system compromise. A centralized log server provides a single point of entry for further analysis, monitoring and filtering.

### Security principals for logging
* Ensure transport layer security is implemented between the client and the log server.
* Ensure that logs are rotated as per the environment requirements.
* Ensure all locally generated logs have the appropriate permissions.
* Ensure all security logs are sent to a remote log server.
* Ensure the required events are logged.

### What is covered
This section will cover the minimum best practices for the usage of **either** `rsyslog` **or** `journald`. The recommendations are written such that each is wholly independent of each other and **only one is implemented**.
* If your organization makes use of an enterprise wide logging system completely outside of `rsyslog` or `journald`, then the following recommendations does not directly apply. However, the principals of the recommendations should be followed regardless of what solution is implemented. If the enterprise solution incorporates either of these tools, careful consideration should be given to the following recommendations to determine exactly what applies.
* Should your organization make use of both `rsyslog` and `journald`, take care how the recommendations may or may not apply to you.

### What is not covered
* Enterprise logging systems not utilizing `rsyslog` or `journald`.
As logging is very situational and dependant on the local environment, not everything can be covered here.
* Transport layer security should be applied to all remote logging functionality. Both `rsyslog` and `journald` supports secure transport and should be configured as such.
* The log server. There are a multitude of reasons for a centralized log server (and keeping a short period logging on the local system), but the log server is out of scope for these recommendations.",,,,,
JR2.C.5.1.1.1,jr2_c_5_1_1_1,control,Configure journald,Ensure journald service is enabled.,debian;redhat,1,CIS-U22:5.1.1.2,systemd-journald must be enabled.,Ensure that the `systemd-journald` service is enabled to allow capturing of logging events.,"If the `systemd-journald` service is not enabled to start on boot, the system will not capture logging events.","Run the following command to verify `systemd-journald` is enabled:

```
# systemctl is-enabled systemd-journald.service
```

Verify the output matches:

```
static
```","By default the `systemd-journald` service does not have an `[Install]` section and thus cannot be enabled / disabled. It is meant to be referenced as `Requires` or `Wants` by other unit files. As such, if the status of `systemd-journald` is not `static`, investigate why.","# [SABC] Red Hat family guidance — family-neutral procedure; the Debian commands (sysctl/systemctl/file/pam checks) run identically on the Red Hat family.
Run the following command to verify `systemd-journald` is enabled:

```
# systemctl is-enabled systemd-journald.service
```

Verify the output matches:

```
static
```","# [SABC] Red Hat family guidance — family-neutral procedure; the Debian commands (sysctl/systemctl/file/pam checks) run identically on the Red Hat family.
By default the `systemd-journald` service does not have an `[Install]` section and thus cannot be enabled / disabled. It is meant to be referenced as `Requires` or `Wants` by other unit files. As such, if the status of `systemd-journald` is not `static`, investigate why."
JR2.C.5.1.1.2,jr2_c_5_1_1_2,control,Configure journald,Ensure journald is configured to compress large log files.,debian;redhat,1,CIS-U22:5.1.1.3,Journald must be configured to compress large log files.,The journald system includes the capability of compressing overly large files to avoid filling up the system with logs or making the logs unmanageably large.,"Uncompressed large files may unexpectedly fill a filesystem leading to resource unavailability. Compressing logs prior to write can prevent sudden, unexpected filesystem impacts.","Verify journald compresses large log files (effective Compress=yes).

```bash
#!/bin/bash
grep -Ehs '^[[:space:]]*Compress[[:space:]]*=' /etc/systemd/journald.conf /etc/systemd/journald.conf.d/*.conf 2>/dev/null | tail -1 | grep -qi 'yes' && exit 0
exit 1
```","Set Compress=yes via a journald drop-in and restart journald.

```bash
#!/bin/bash
mkdir -p /etc/systemd/journald.conf.d
f=/etc/systemd/journald.conf.d/60-sabc.conf
grep -qs '^\[Journal\]' ""$f"" 2>/dev/null || printf '[Journal]\n' >> ""$f""
if grep -qs '^Compress=' ""$f""; then
  sed -ri 's/^Compress=.*/Compress=yes/' ""$f""
else
  printf 'Compress=yes\n' >> ""$f""
fi
systemctl restart systemd-journald >/dev/null 2>&1
exit 0
```","# [SABC] Red Hat family guidance — family-neutral procedure; the Debian commands (sysctl/systemctl/file/pam checks) run identically on the Red Hat family.
Verify journald compresses large log files (effective Compress=yes).

```bash
#!/bin/bash
grep -Ehs '^[[:space:]]*Compress[[:space:]]*=' /etc/systemd/journald.conf /etc/systemd/journald.conf.d/*.conf 2>/dev/null | tail -1 | grep -qi 'yes' && exit 0
exit 1
```","# [SABC] Red Hat family guidance — family-neutral procedure; the Debian commands (sysctl/systemctl/file/pam checks) run identically on the Red Hat family.
Set Compress=yes via a journald drop-in and restart journald.

```bash
#!/bin/bash
mkdir -p /etc/systemd/journald.conf.d
f=/etc/systemd/journald.conf.d/60-sabc.conf
grep -qs '^\[Journal\]' ""$f"" 2>/dev/null || printf '[Journal]\n' >> ""$f""
if grep -qs '^Compress=' ""$f""; then
  sed -ri 's/^Compress=.*/Compress=yes/' ""$f""
else
  printf 'Compress=yes\n' >> ""$f""
fi
systemctl restart systemd-journald >/dev/null 2>&1
exit 0
```"
JR2.C.5.1.1.3,jr2_c_5_1_1_3,control,Configure journald,Ensure journald is configured to write logfiles to persistent disk.,debian;redhat,1,CIS-U22:5.1.1.4,Journald must be configured to write logfiles to persistent disk.,Data from journald may be stored in volatile memory or persisted locally on the server. Logs in memory will be lost upon a system reboot. By persisting logs to local disk on the server they are protected from loss due to a reboot.,Writing log data to disk will provide the ability to forensically reconstruct events which may have impacted the operations or security of a system even after a system crash or reboot.,"Verify journald writes to persistent storage (effective Storage=persistent).

```bash
#!/bin/bash
grep -Ehs '^[[:space:]]*Storage[[:space:]]*=' /etc/systemd/journald.conf /etc/systemd/journald.conf.d/*.conf 2>/dev/null | tail -1 | grep -qi 'persistent' && exit 0
exit 1
```","Set Storage=persistent via a journald drop-in (creating /var/log/journal) and restart journald.

```bash
#!/bin/bash
mkdir -p /etc/systemd/journald.conf.d /var/log/journal
f=/etc/systemd/journald.conf.d/60-sabc.conf
grep -qs '^\[Journal\]' ""$f"" 2>/dev/null || printf '[Journal]\n' >> ""$f""
if grep -qs '^Storage=' ""$f""; then
  sed -ri 's/^Storage=.*/Storage=persistent/' ""$f""
else
  printf 'Storage=persistent\n' >> ""$f""
fi
systemctl restart systemd-journald >/dev/null 2>&1
exit 0
```","# [SABC] Red Hat family guidance — family-neutral procedure; the Debian commands (sysctl/systemctl/file/pam checks) run identically on the Red Hat family.
Verify journald writes to persistent storage (effective Storage=persistent).

```bash
#!/bin/bash
grep -Ehs '^[[:space:]]*Storage[[:space:]]*=' /etc/systemd/journald.conf /etc/systemd/journald.conf.d/*.conf 2>/dev/null | tail -1 | grep -qi 'persistent' && exit 0
exit 1
```","# [SABC] Red Hat family guidance — family-neutral procedure; the Debian commands (sysctl/systemctl/file/pam checks) run identically on the Red Hat family.
Set Storage=persistent via a journald drop-in (creating /var/log/journal) and restart journald.

```bash
#!/bin/bash
mkdir -p /etc/systemd/journald.conf.d /var/log/journal
f=/etc/systemd/journald.conf.d/60-sabc.conf
grep -qs '^\[Journal\]' ""$f"" 2>/dev/null || printf '[Journal]\n' >> ""$f""
if grep -qs '^Storage=' ""$f""; then
  sed -ri 's/^Storage=.*/Storage=persistent/' ""$f""
else
  printf 'Storage=persistent\n' >> ""$f""
fi
systemctl restart systemd-journald >/dev/null 2>&1
exit 0
```"
JR2.C.5.1.1.1.0,jr2_c_5_1_1_1_0,section,Configure journald,Ensure journald is configured to send logs to a remote log host.,debian;redhat,,,,,,,,,
JR2.C.5.1.1.1.1,jr2_c_5_1_1_1_1,control,Ensure journald is configured to send logs to a remote log host,Ensure systemd-journal-remote is installed.,debian;redhat,1,CIS-U22:5.1.1.1.1,systemd-journal-remote must be installed.,"Journald (via `systemd-journal-remote`) supports the ability to send log events it gathers to a remote log host or to receive messages from remote hosts, thus enabling centralised log management.","Storing log data on a remote host protects log integrity from local attacks. If an attacker gains root access on the local system, they could tamper with or remove log data that is stored on the local system.","Run the following command to verify `systemd-journal-remote` is installed.

Run the following command:

```
# dpkg-query -W -f='${binary:Package}\t${Status}\t${db:Status-Status}\n' systemd-journal-remote

systemd-journal-remote install ok installed installed
```","Run the following command to install `systemd-journal-remote`:

```
# apt install systemd-journal-remote
```","# [SABC] Red Hat family guidance — authored from the CIS AlmaLinux 8 Benchmark.
# (CIS AlmaLinux 8 §6.2.1.2.1 — Ensure systemd-journal-remote is installed)
```
# rpm -q systemd-journal-remote
```","# [SABC] Red Hat family guidance — authored from the CIS AlmaLinux 8 Benchmark.
# (CIS AlmaLinux 8 §6.2.1.2.1 — Ensure systemd-journal-remote is installed)
```
# dnf install systemd-journal-remote
```"
JR2.C.5.1.1.1.2,jr2_c_5_1_1_1_2,control,Ensure journald is configured to send logs to a remote log host,Ensure journald is not configured to receive logs from a remote client.,debian;redhat,1,CIS-U22:5.1.1.1.4,Disable systemd-journal-remote.socket.,"Journald supports the ability to receive messages from remote hosts, thus acting as a log server. Clients should not receive data from other hosts.

**Note:** 
- The same package, `systemd-journal-remote`, is used for both sending logs to remote hosts and receiving incoming logs.
- With regards to receiving logs, there are two services; `systemd-journal-remote.socket` and `systemd-journal-remote.service`.","If a client is configured to also receive data, thus turning it into a server, the client system is acting outside it's operational boundary.","Verify journald does not accept logs from remote clients (the systemd-journal-remote socket is absent or masked).

```bash
#!/bin/bash
systemctl list-unit-files 2>/dev/null | grep -q '^systemd-journal-remote\.socket' || exit 0
[ ""$(systemctl is-enabled systemd-journal-remote.socket 2>/dev/null)"" = ""masked"" ] || exit 1
systemctl is-active systemd-journal-remote.socket 2>/dev/null | grep -qx active && exit 1
exit 0
```","Stop and mask the systemd-journal-remote socket and service.

```bash
#!/bin/bash
systemctl list-unit-files 2>/dev/null | grep -q '^systemd-journal-remote\.socket' || exit 0
systemctl stop systemd-journal-remote.socket systemd-journal-remote.service >/dev/null 2>&1
systemctl mask systemd-journal-remote.socket systemd-journal-remote.service >/dev/null 2>&1
exit 0
```","# [SABC] Red Hat family guidance — family-neutral procedure; the Debian commands (sysctl/systemctl/file/pam checks) run identically on the Red Hat family.
Verify journald does not accept logs from remote clients (the systemd-journal-remote socket is absent or masked).

```bash
#!/bin/bash
systemctl list-unit-files 2>/dev/null | grep -q '^systemd-journal-remote\.socket' || exit 0
[ ""$(systemctl is-enabled systemd-journal-remote.socket 2>/dev/null)"" = ""masked"" ] || exit 1
systemctl is-active systemd-journal-remote.socket 2>/dev/null | grep -qx active && exit 1
exit 0
```","# [SABC] Red Hat family guidance — family-neutral procedure; the Debian commands (sysctl/systemctl/file/pam checks) run identically on the Red Hat family.
Stop and mask the systemd-journal-remote socket and service.

```bash
#!/bin/bash
systemctl list-unit-files 2>/dev/null | grep -q '^systemd-journal-remote\.socket' || exit 0
systemctl stop systemd-journal-remote.socket systemd-journal-remote.service >/dev/null 2>&1
systemctl mask systemd-journal-remote.socket systemd-journal-remote.service >/dev/null 2>&1
exit 0
```"
JR2.C.5.1.2.0,jr2_c_5_1_2_0,section,Configure Logging,Configure rsyslog.,debian;redhat,,,,"The `rsyslog` software package may be used instead of the default `journald` logging mechanism.

**Note:** This section only applies if `rsyslog` is the chosen method for client side logging. Do not apply this section if `journald` is used.",,,,,
JR2.C.5.1.2.1,jr2_c_5_1_2_1,control,Configure rsyslog,Ensure rsyslog is installed.,debian;redhat,1,CIS-U22:5.1.2.1,Must be installed.,The `rsyslog` software is recommended in environments where `journald` does not meet operation requirements.,"The security enhancements of `rsyslog` such as connection-oriented (i.e. TCP) transmission of logs, the option to log to database formats, and the encryption of log data en route to a central logging server) justify installing and configuring the package.","Run the following command to verify `rsyslog` is installed:

```
# dpkg-query -W -f='${binary:Package}\t${Status}\t${db:Status-Status}\n' rsyslog

rsyslog install ok installed installed
```","Run the following command to install `rsyslog`:

```
# apt install rsyslog
```","# [SABC] Red Hat family guidance — authored from the CIS AlmaLinux 8 Benchmark.
# (CIS AlmaLinux 8 §6.2.2.1 — Ensure rsyslog is installed)
```
# rpm -q rsyslog
```","# [SABC] Red Hat family guidance — authored from the CIS AlmaLinux 8 Benchmark.
# (CIS AlmaLinux 8 §6.2.2.1 — Ensure rsyslog is installed)
```
# dnf install rsyslog
```"
JR2.C.5.1.2.2,jr2_c_5_1_2_2,control,Configure rsyslog,Ensure rsyslog service is enabled.,debian;redhat,1,CIS-U22:5.1.2.2,Must be enabled.,"Once the `rsyslog` package is installed, ensure that the service is enabled.","If the `rsyslog` service is not enabled to start on boot, the system will not capture logging events.","Run the following command to verify `rsyslog` is enabled:

```
# systemctl is-enabled rsyslog
```

Verify the output matches:

```
enabled
```","Run the following command to enable `rsyslog`:

```
# systemctl --now enable rsyslog
```","# [SABC] Red Hat family guidance — family-neutral procedure; the Debian commands (sysctl/systemctl/file/pam checks) run identically on the Red Hat family.
Run the following command to verify `rsyslog` is enabled:

```
# systemctl is-enabled rsyslog
```

Verify the output matches:

```
enabled
```","# [SABC] Red Hat family guidance — family-neutral procedure; the Debian commands (sysctl/systemctl/file/pam checks) run identically on the Red Hat family.
Run the following command to enable `rsyslog`:

```
# systemctl --now enable rsyslog
```"
JR2.C.5.1.2.3,jr2_c_5_1_2_3,control,Configure rsyslog,Ensure rsyslog default file permissions are configured.,debian;redhat,1,CIS-U22:5.1.2.4,Every instance of $FileCreateMode must be 0640 or more restrictive.,RSyslog will create logfiles that do not already exist on the system. This setting controls what permissions will be applied to these newly created files.,It is important to ensure that log files have the correct permissions to ensure that sensitive data is archived and protected.,"Run the following command: 

```
# grep ^\$FileCreateMode /etc/rsyslog.conf /etc/rsyslog.d/*.conf
```

Verify the output matches:

```
$FileCreateMode 0640
```

Should a site policy dictate less restrictive permissions, ensure to follow said policy.

**NOTE:** More restrictive permissions such as `0600` is implicitly sufficient.","Edit either `/etc/rsyslog.conf` or a dedicated `.conf` file in `/etc/rsyslog.d/` and set `$FileCreateMode` to `0640` or more restrictive:

```
$FileCreateMode 0640
```

Restart the service:

```
# systemctl restart rsyslog
```","# [SABC] Red Hat family guidance — family-neutral procedure; the Debian commands (sysctl/systemctl/file/pam checks) run identically on the Red Hat family.
Run the following command: 

```
# grep ^\$FileCreateMode /etc/rsyslog.conf /etc/rsyslog.d/*.conf
```

Verify the output matches:

```
$FileCreateMode 0640
```

Should a site policy dictate less restrictive permissions, ensure to follow said policy.

**NOTE:** More restrictive permissions such as `0600` is implicitly sufficient.","# [SABC] Red Hat family guidance — family-neutral procedure; the Debian commands (sysctl/systemctl/file/pam checks) run identically on the Red Hat family.
Edit either `/etc/rsyslog.conf` or a dedicated `.conf` file in `/etc/rsyslog.d/` and set `$FileCreateMode` to `0640` or more restrictive:

```
$FileCreateMode 0640
```

Restart the service:

```
# systemctl restart rsyslog
```"
JR2.C.5.1.2.4,jr2_c_5_1_2_4,control,Configure rsyslog,Ensure rsyslog is not configured to receive logs from a remote client.,debian;redhat,1,CIS-U22:5.1.2.7,Rsyslog is not configured to receive logs from a remote client.,"RSyslog supports the ability to receive messages from remote hosts, thus acting as a log server. Clients should not receive data from other hosts.","If a client is configured to also receive data, thus turning it into a server, the client system is acting outside it's operational boundary.","Verify rsyslog is not configured to receive logs from remote clients (no active imtcp/imudp module or input).

```bash
#!/bin/bash
grep -Ehs '^[[:space:]]*(module\(load=""im(tcp|udp)""\)|input\(type=""im(tcp|udp)""|\$ModLoad[[:space:]]+im(tcp|udp)|\$(InputTCPServerRun|UDPServerRun))' /etc/rsyslog.conf /etc/rsyslog.d/*.conf 2>/dev/null | grep -q . && exit 1
exit 0
```","Comment out the rsyslog remote-reception directives and restart rsyslog.

```bash
#!/bin/bash
changed=0
for f in /etc/rsyslog.conf /etc/rsyslog.d/*.conf; do
  [ -e ""$f"" ] || continue
  if grep -Eqs '^[[:space:]]*(module\(load=""im(tcp|udp)""\)|input\(type=""im(tcp|udp)""|\$ModLoad[[:space:]]+im(tcp|udp)|\$(InputTCPServerRun|UDPServerRun))' ""$f""; then
    sed -ri 's|^([[:space:]]*)(module\(load=""im(tcp\|udp)""\).*)|\1# \2|; s|^([[:space:]]*)(input\(type=""im(tcp\|udp)"".*)|\1# \2|; s|^([[:space:]]*)(\$ModLoad[[:space:]]+im(tcp\|udp).*)|\1# \2|; s|^([[:space:]]*)(\$(InputTCPServerRun\|UDPServerRun).*)|\1# \2|' ""$f""
    changed=1
  fi
done
[ ""$changed"" -eq 1 ] && systemctl restart rsyslog >/dev/null 2>&1
exit 0
```","# [SABC] Red Hat family guidance — family-neutral procedure; the Debian commands (sysctl/systemctl/file/pam checks) run identically on the Red Hat family.
Verify rsyslog is not configured to receive logs from remote clients (no active imtcp/imudp module or input).

```bash
#!/bin/bash
grep -Ehs '^[[:space:]]*(module\(load=""im(tcp|udp)""\)|input\(type=""im(tcp|udp)""|\$ModLoad[[:space:]]+im(tcp|udp)|\$(InputTCPServerRun|UDPServerRun))' /etc/rsyslog.conf /etc/rsyslog.d/*.conf 2>/dev/null | grep -q . && exit 1
exit 0
```","# [SABC] Red Hat family guidance — family-neutral procedure; the Debian commands (sysctl/systemctl/file/pam checks) run identically on the Red Hat family.
Comment out the rsyslog remote-reception directives and restart rsyslog.

```bash
#!/bin/bash
changed=0
for f in /etc/rsyslog.conf /etc/rsyslog.d/*.conf; do
  [ -e ""$f"" ] || continue
  if grep -Eqs '^[[:space:]]*(module\(load=""im(tcp|udp)""\)|input\(type=""im(tcp|udp)""|\$ModLoad[[:space:]]+im(tcp|udp)|\$(InputTCPServerRun|UDPServerRun))' ""$f""; then
    sed -ri 's|^([[:space:]]*)(module\(load=""im(tcp\|udp)""\).*)|\1# \2|; s|^([[:space:]]*)(input\(type=""im(tcp\|udp)"".*)|\1# \2|; s|^([[:space:]]*)(\$ModLoad[[:space:]]+im(tcp\|udp).*)|\1# \2|; s|^([[:space:]]*)(\$(InputTCPServerRun\|UDPServerRun).*)|\1# \2|' ""$f""
    changed=1
  fi
done
[ ""$changed"" -eq 1 ] && systemctl restart rsyslog >/dev/null 2>&1
exit 0
```"
JR2.C.5.1.3.0,jr2_c_5_1_3_0,section,Configure auditd file access,Configure auditd file access.,debian;redhat,,,,"Without the capability to restrict which roles and individuals can select which events are audited, unauthorized personnel may be able to prevent the auditing of critical events.",,,,,
JR2.C.5.1.3.1,jr2_c_5_1_3_1,control,Configure auditd file access,Ensure cryptographic mechanisms are used to protect the integrity of audit tools.,debian;redhat,2,CIS-U22:5.2.4.11,Cryptographic methods must protect the integrity of audit tools.,"Audit tools include, but are not limited to, vendor-provided and open source audit tools needed to successfully view and manipulate audit information system activity and records. Audit tools include custom queries and report generators.","Protecting the integrity of the tools used for auditing purposes is a critical step toward ensuring the integrity of audit information. Audit information includes all information (e.g., audit records, audit settings, and audit reports) needed to successfully audit information system activity. 

Attackers may replace the audit tools or inject code into the existing tools with the purpose of providing the capability to hide or erase system activity from the audit logs. 

Audit tools should be cryptographically signed in order to provide the capability to identify when the audit tools have been modified, manipulated, or replaced. An example is a checksum hash of the file or files.","Verify AIDE monitors the audit tools with cryptographic attributes.

```bash
#!/bin/bash
if [ -d /etc/aide/aide.conf.d ]; then
  conf_glob='/etc/aide/aide.conf /etc/aide/aide.conf.d/*'
else
  conf_glob='/etc/aide.conf'
fi
for t in auditctl auditd ausearch aureport autrace augenrules; do
  p=$(command -v ""$t"" 2>/dev/null || echo ""/usr/sbin/$t"")
  grep -Ehs ""^$p[[:space:]]"" $conf_glob 2>/dev/null | grep -q 'sha512' || exit 1
done
exit 0
```","Add the audit tools (with p+i+n+u+g+s+b+acl+xattrs+sha512) to the AIDE configuration.

```bash
#!/bin/bash
if [ -d /etc/aide/aide.conf.d ]; then
  out=/etc/aide/aide.conf.d/70_sabc_audit_tools
else
  out=/etc/aide.conf
fi
for t in auditctl auditd ausearch aureport autrace augenrules; do
  p=$(command -v ""$t"" 2>/dev/null || echo ""/usr/sbin/$t"")
  grep -qs ""^$p[[:space:]]"" ""$out"" 2>/dev/null || printf '%s p+i+n+u+g+s+b+acl+xattrs+sha512\n' ""$p"" >> ""$out""
done
exit 0
```","# [SABC] Red Hat family guidance — family-neutral procedure; the Debian commands (sysctl/systemctl/file/pam checks) run identically on the Red Hat family.
Verify AIDE monitors the audit tools with cryptographic attributes.

```bash
#!/bin/bash
if [ -d /etc/aide/aide.conf.d ]; then
  conf_glob='/etc/aide/aide.conf /etc/aide/aide.conf.d/*'
else
  conf_glob='/etc/aide.conf'
fi
for t in auditctl auditd ausearch aureport autrace augenrules; do
  p=$(command -v ""$t"" 2>/dev/null || echo ""/usr/sbin/$t"")
  grep -Ehs ""^$p[[:space:]]"" $conf_glob 2>/dev/null | grep -q 'sha512' || exit 1
done
exit 0
```","# [SABC] Red Hat family guidance — family-neutral procedure; the Debian commands (sysctl/systemctl/file/pam checks) run identically on the Red Hat family.
Add the audit tools (with p+i+n+u+g+s+b+acl+xattrs+sha512) to the AIDE configuration.

```bash
#!/bin/bash
if [ -d /etc/aide/aide.conf.d ]; then
  out=/etc/aide/aide.conf.d/70_sabc_audit_tools
else
  out=/etc/aide.conf
fi
for t in auditctl auditd ausearch aureport autrace augenrules; do
  p=$(command -v ""$t"" 2>/dev/null || echo ""/usr/sbin/$t"")
  grep -qs ""^$p[[:space:]]"" ""$out"" 2>/dev/null || printf '%s p+i+n+u+g+s+b+acl+xattrs+sha512\n' ""$p"" >> ""$out""
done
exit 0
```"
JR2.C.6.1.0,jr2_c_6_1_0,section,System File Permissions,System File Permissions,debian;redhat,,,,This section provides guidance on securing aspects of system files and directories.,,,,,
JR2.C.6.1.1,jr2_c_6_1_1,control,System File Permissions,Ensure permissions on /etc/passwd are configured.,debian;redhat,1,CIS-U22:6.1.1,Uid and Gid must be both 0/root and Access must be 644.,The `/etc/passwd` file contains user account information that is used by many system utilities and therefore must be readable for these utilities to operate.,"It is critical to ensure that the `/etc/passwd` file is protected from unauthorized write access. Although it is protected by default, the file permissions could be changed either inadvertently or through malicious actions.","Run the following command to verify `/etc/passwd` is mode 644 or more restrictive, `Uid` is `0/root` and `Gid` is `0/root`:

```
# stat -Lc ""%n %a %u/%U %g/%G"" /etc/passwd

/etc/passwd 644 0/root 0/root
```","Run the following commands to remove excess permissions, set owner, and set group on `/etc/passwd`:

```
# chmod u-x,go-wx /etc/passwd
# chown root:root /etc/passwd
```","# [SABC] Red Hat family guidance — family-neutral procedure; the Debian commands (sysctl/systemctl/file/pam checks) run identically on the Red Hat family.
Run the following command to verify `/etc/passwd` is mode 644 or more restrictive, `Uid` is `0/root` and `Gid` is `0/root`:

```
# stat -Lc ""%n %a %u/%U %g/%G"" /etc/passwd

/etc/passwd 644 0/root 0/root
```","# [SABC] Red Hat family guidance — family-neutral procedure; the Debian commands (sysctl/systemctl/file/pam checks) run identically on the Red Hat family.
Run the following commands to remove excess permissions, set owner, and set group on `/etc/passwd`:

```
# chmod u-x,go-wx /etc/passwd
# chown root:root /etc/passwd
```"
JR2.C.6.1.2,jr2_c_6_1_2,control,System File Permissions,Ensure permissions on /etc/passwd- are configured.,debian;redhat,1,CIS-U22:6.1.2,Uid and Gid must be both 0/root and Access must be 644 or more restrictive.,The `/etc/passwd-` file contains backup user account information.,"It is critical to ensure that the `/etc/passwd-` file is protected from unauthorized access. Although it is protected by default, the file permissions could be changed either inadvertently or through malicious actions.","Run the following command to verify `/etc/passwd-` is mode 644 or more restrictive, `Uid` is `0/root` and `Gid` is `0/root`:

```
# stat -Lc ""%n %a %u/%U %g/%G"" /etc/passwd-

/etc/passwd- 644 0/root 0/root
```","Run the following commands to remove excess permissions, set owner, and set group on `/etc/passwd-`:

```
# chmod u-x,go-wx /etc/passwd-
# chown root:root /etc/passwd-
```","# [SABC] Red Hat family guidance — family-neutral procedure; the Debian commands (sysctl/systemctl/file/pam checks) run identically on the Red Hat family.
Run the following command to verify `/etc/passwd-` is mode 644 or more restrictive, `Uid` is `0/root` and `Gid` is `0/root`:

```
# stat -Lc ""%n %a %u/%U %g/%G"" /etc/passwd-

/etc/passwd- 644 0/root 0/root
```","# [SABC] Red Hat family guidance — family-neutral procedure; the Debian commands (sysctl/systemctl/file/pam checks) run identically on the Red Hat family.
Run the following commands to remove excess permissions, set owner, and set group on `/etc/passwd-`:

```
# chmod u-x,go-wx /etc/passwd-
# chown root:root /etc/passwd-
```"
JR2.C.6.1.3,jr2_c_6_1_3,control,System File Permissions,Ensure permissions on /etc/group are configured.,debian;redhat,1,CIS-U22:6.1.3,Uid and Gid must be both 0/root and Access must be 644.,The `/etc/group` file contains a list of all the valid groups defined in the system. The command below allows read/write access for root and read access for everyone else.,"The `/etc/group` file needs to be protected from unauthorized changes by non-privileged users, but needs to be readable as this information is used with many non-privileged programs.","Run the following command to verify `/etc/group` is mode 644 or more restrictive, `Uid` is `0/root` and `Gid` is `0/root`:

```
# stat -Lc ""%n %a %u/%U %g/%G"" /etc/group

/etc/group 644 0/root 0/root
```","Run the following commands to remove excess permissions, set owner, and set group on `/etc/group`:

```
# chmod u-x,go-wx /etc/group
# chown root:root /etc/group
```","# [SABC] Red Hat family guidance — family-neutral procedure; the Debian commands (sysctl/systemctl/file/pam checks) run identically on the Red Hat family.
Run the following command to verify `/etc/group` is mode 644 or more restrictive, `Uid` is `0/root` and `Gid` is `0/root`:

```
# stat -Lc ""%n %a %u/%U %g/%G"" /etc/group

/etc/group 644 0/root 0/root
```","# [SABC] Red Hat family guidance — family-neutral procedure; the Debian commands (sysctl/systemctl/file/pam checks) run identically on the Red Hat family.
Run the following commands to remove excess permissions, set owner, and set group on `/etc/group`:

```
# chmod u-x,go-wx /etc/group
# chown root:root /etc/group
```"
JR2.C.6.1.4,jr2_c_6_1_4,control,System File Permissions,Ensure permissions on /etc/group- are configured.,debian;redhat,1,CIS-U22:6.1.4,Uid and Gid must be both 0/root and Access must be 644 or more restrictive.,The `/etc/group-` file contains a backup list of all the valid groups defined in the system.,"It is critical to ensure that the `/etc/group-` file is protected from unauthorized access. Although it is protected by default, the file permissions could be changed either inadvertently or through malicious actions.","Run the following command to verify `/etc/group-` is mode 644 or more restrictive, `Uid` is `0/root` and `Gid` is `0/root`:

```
# stat -Lc ""%n %a %u/%U %g/%G"" /etc/group-

/etc/group- 644 0/root 0/root
```","Run the following commands to remove excess permissions, set owner, and set group on `/etc/group-`:

```
# chmod u-x,go-wx /etc/group-
# chown root:root /etc/group-
```","# [SABC] Red Hat family guidance — family-neutral procedure; the Debian commands (sysctl/systemctl/file/pam checks) run identically on the Red Hat family.
Run the following command to verify `/etc/group-` is mode 644 or more restrictive, `Uid` is `0/root` and `Gid` is `0/root`:

```
# stat -Lc ""%n %a %u/%U %g/%G"" /etc/group-

/etc/group- 644 0/root 0/root
```","# [SABC] Red Hat family guidance — family-neutral procedure; the Debian commands (sysctl/systemctl/file/pam checks) run identically on the Red Hat family.
Run the following commands to remove excess permissions, set owner, and set group on `/etc/group-`:

```
# chmod u-x,go-wx /etc/group-
# chown root:root /etc/group-
```"
JR2.C.6.1.5,jr2_c_6_1_5,control,System File Permissions,Ensure permissions on /etc/shadow are configured.,debian;redhat,1,CIS-U22:6.1.5,"Uid and Gid must be both 0/root or 
<gid>/shadow and Access must be 640 or more restrictive.","The `/etc/shadow` file is used to store the information about user accounts that is critical to the security of those accounts, such as the hashed password and other security information.","If attackers can gain read access to the `/etc/shadow` file, they can easily run a password cracking program against the hashed password to break it. Other security information that is stored in the `/etc/shadow` file (such as expiration) could also be useful to subvert the user accounts.","Run the following command to verify `/etc/shadow` is mode 640 or more restrictive, `Uid` is `0/root` and `Gid` is `0/root`:

```
# stat -Lc ""%n %a %u/%U %g/%G"" /etc/shadow
```

_Example:_
```
/etc/shadow 640 0/root 42/shadow
```","Run **one** of the following commands to set ownership of `/etc/shadow` to `root` and group to either `root` or `shadow`:
```
# chown root:shadow /etc/shadow
 -OR-
# chown root:root /etc/shadow
```

Run the following command to remove excess permissions form `/etc/shadow`:
```
# chmod u-x,g-wx,o-rwx /etc/shadow
```","# [SABC] Red Hat family guidance — family-neutral procedure; the Debian commands (sysctl/systemctl/file/pam checks) run identically on the Red Hat family.
Run the following command to verify `/etc/shadow` is mode 640 or more restrictive, `Uid` is `0/root` and `Gid` is `0/root`:

```
# stat -Lc ""%n %a %u/%U %g/%G"" /etc/shadow
```

_Example:_
```
/etc/shadow 640 0/root 42/shadow
```","# [SABC] Red Hat family guidance — family-neutral procedure; the Debian commands (sysctl/systemctl/file/pam checks) run identically on the Red Hat family.
Run **one** of the following commands to set ownership of `/etc/shadow` to `root` and group to either `root` or `shadow`:
```
# chown root:shadow /etc/shadow
 -OR-
# chown root:root /etc/shadow
```

Run the following command to remove excess permissions form `/etc/shadow`:
```
# chmod u-x,g-wx,o-rwx /etc/shadow
```"
JR2.C.6.1.6,jr2_c_6_1_6,control,System File Permissions,Ensure permissions on /etc/shadow- are configured.,debian;redhat,1,CIS-U22:6.1.6,"Uid must be 0/root, Gid must be 0/root or /shadow, and Access must be 640 or more restrictive.","The `/etc/shadow-` file is used to store backup information about user accounts that is critical to the security of those accounts, such as the hashed password and other security information.","It is critical to ensure that the `/etc/shadow-` file is protected from unauthorized access. Although it is protected by default, the file permissions could be changed either inadvertently or through malicious actions.","Run the following command to verify `/etc/shadow-` is mode 640 or more restrictive, `Uid` is `0/root` and `Gid` is `0/root`:

```
# stat -Lc ""%n %a %u/%U %g/%G"" /etc/shadow-
```

_Example:_
```
/etc/shadow 640 0/root 42/shadow-
```","Run **one** of the following commands to set ownership of `/etc/shadow-` to `root` and group to either `root` or `shadow`:
```
# chown root:shadow /etc/shadow-
 -OR-
# chown root:root /etc/shadow-
```

Run the following command to remove excess permissions form `/etc/shadow-`:
```
# chmod u-x,g-wx,o-rwx /etc/shadow-
```","# [SABC] Red Hat family guidance — family-neutral procedure; the Debian commands (sysctl/systemctl/file/pam checks) run identically on the Red Hat family.
Run the following command to verify `/etc/shadow-` is mode 640 or more restrictive, `Uid` is `0/root` and `Gid` is `0/root`:

```
# stat -Lc ""%n %a %u/%U %g/%G"" /etc/shadow-
```

_Example:_
```
/etc/shadow 640 0/root 42/shadow-
```","# [SABC] Red Hat family guidance — family-neutral procedure; the Debian commands (sysctl/systemctl/file/pam checks) run identically on the Red Hat family.
Run **one** of the following commands to set ownership of `/etc/shadow-` to `root` and group to either `root` or `shadow`:
```
# chown root:shadow /etc/shadow-
 -OR-
# chown root:root /etc/shadow-
```

Run the following command to remove excess permissions form `/etc/shadow-`:
```
# chmod u-x,g-wx,o-rwx /etc/shadow-
```"
JR2.C.6.1.7,jr2_c_6_1_7,control,System File Permissions,Ensure permissions on /etc/gshadow are configured.,debian;redhat,1,CIS-U22:6.1.7,"Uid must be 0/root, Gid must be 0/root or <gid>/shadow, and 
Access must be 640 or more restrictive.","The `/etc/gshadow` file is used to store the information about groups that is critical to the security of those accounts, such as the hashed password and other security information.","If attackers can gain read access to the `/etc/gshadow` file, they can easily run a password cracking program against the hashed password to break it. Other security information that is stored in the `/etc/gshadow` file (such as group administrators) could also be useful to subvert the group.","Run the following command to verify `/etc/gshadow` is mode 640 or more restrictive, `Uid` is `0/root` and `Gid` is `0/root`:

```
# stat -Lc ""%n %a %u/%U %g/%G"" /etc/gshadow
```

_Example:_
```
/etc/gshadow 640 0/root 42/gshadow
```","Run **one** of the following commands to set ownership of `/etc/gshadow` to `root` and group to either `root` or `shadow`:
```
# chown root:shadow /etc/gshadow
 -OR-
# chown root:root /etc/gshadow
```

Run the following command to remove excess permissions form `/etc/gshadow`:
```
# chmod u-x,g-wx,o-rwx /etc/gshadow
```","# [SABC] Red Hat family guidance — family-neutral procedure; the Debian commands (sysctl/systemctl/file/pam checks) run identically on the Red Hat family.
Run the following command to verify `/etc/gshadow` is mode 640 or more restrictive, `Uid` is `0/root` and `Gid` is `0/root`:

```
# stat -Lc ""%n %a %u/%U %g/%G"" /etc/gshadow
```

_Example:_
```
/etc/gshadow 640 0/root 42/gshadow
```","# [SABC] Red Hat family guidance — family-neutral procedure; the Debian commands (sysctl/systemctl/file/pam checks) run identically on the Red Hat family.
Run **one** of the following commands to set ownership of `/etc/gshadow` to `root` and group to either `root` or `shadow`:
```
# chown root:shadow /etc/gshadow
 -OR-
# chown root:root /etc/gshadow
```

Run the following command to remove excess permissions form `/etc/gshadow`:
```
# chmod u-x,g-wx,o-rwx /etc/gshadow
```"
JR2.C.6.1.8,jr2_c_6_1_8,control,System File Permissions,Ensure permissions on /etc/gshadow- are configured.,debian;redhat,1,CIS-U22:6.1.8,"Uid must be 0/root, Gid must be 0/root or <gid>/shadow, and 
Access must be 640 or more restrictive.","The `/etc/gshadow-` file is used to store backup information about groups that is critical to the security of those accounts, such as the hashed password and other security information.","It is critical to ensure that the `/etc/gshadow-` file is protected from unauthorized access. Although it is protected by default, the file permissions could be changed either inadvertently or through malicious actions.","Run the following command to verify `/etc/gshadow-` is mode 640 or more restrictive, `Uid` is `0/root` and `Gid` is `0/root`:

```
# stat -Lc ""%n %a %u/%U %g/%G"" /etc/gshadow-
```

_Example:_
```
/etc/gshadow- 640 0/root 42/shadow
```","Run **one** of the following commands to set ownership of `/etc/gshadow-` to `root` and group to either `root` or `shadow`:
```
# chown root:shadow /etc/gshadow-
 -OR-
# chown root:root /etc/gshadow-
```

Run the following command to remove excess permissions form `/etc/gshadow-`:
```
# chmod u-x,g-wx,o-rwx /etc/gshadow-
```","# [SABC] Red Hat family guidance — family-neutral procedure; the Debian commands (sysctl/systemctl/file/pam checks) run identically on the Red Hat family.
Run the following command to verify `/etc/gshadow-` is mode 640 or more restrictive, `Uid` is `0/root` and `Gid` is `0/root`:

```
# stat -Lc ""%n %a %u/%U %g/%G"" /etc/gshadow-
```

_Example:_
```
/etc/gshadow- 640 0/root 42/shadow
```","# [SABC] Red Hat family guidance — family-neutral procedure; the Debian commands (sysctl/systemctl/file/pam checks) run identically on the Red Hat family.
Run **one** of the following commands to set ownership of `/etc/gshadow-` to `root` and group to either `root` or `shadow`:
```
# chown root:shadow /etc/gshadow-
 -OR-
# chown root:root /etc/gshadow-
```

Run the following command to remove excess permissions form `/etc/gshadow-`:
```
# chmod u-x,g-wx,o-rwx /etc/gshadow-
```"
JR2.C.6.1.9,jr2_c_6_1_9,control,System File Permissions,Ensure permissions on /etc/shells are configured.,debian;redhat,1,CIS-U22:6.1.9,Uid and Gid must be both 0/root and Access must be 644 or more restrictive.,`/etc/shells` is a text file which contains the full pathnames of valid login shells. This file is consulted by `chsh` and available to be queried by other programs.,"It is critical to ensure that the `/etc/shells` file is protected from unauthorized access. Although it is protected by default, the file permissions could be changed either inadvertently or through malicious actions.","Run the following command to verify `/etc/shells` is mode 644 or more restrictive, `Uid` is `0/root` and `Gid` is `0/root`:

```
# stat -Lc ""%n %a %u/%U %g/%G"" /etc/shells

/etc/shells 644 0/root 0/root
```","Run the following commands to remove excess permissions, set owner, and set group on `/etc/shells`:

```
# chmod u-x,go-wx /etc/shells
# chown root:root /etc/shells
```","# [SABC] Red Hat family guidance — family-neutral procedure; the Debian commands (sysctl/systemctl/file/pam checks) run identically on the Red Hat family.
Run the following command to verify `/etc/shells` is mode 644 or more restrictive, `Uid` is `0/root` and `Gid` is `0/root`:

```
# stat -Lc ""%n %a %u/%U %g/%G"" /etc/shells

/etc/shells 644 0/root 0/root
```","# [SABC] Red Hat family guidance — family-neutral procedure; the Debian commands (sysctl/systemctl/file/pam checks) run identically on the Red Hat family.
Run the following commands to remove excess permissions, set owner, and set group on `/etc/shells`:

```
# chmod u-x,go-wx /etc/shells
# chown root:root /etc/shells
```"
JR2.C.6.1.10,jr2_c_6_1_10,control,System File Permissions,Ensure permissions on /etc/opasswd are configured.,debian;redhat,1,CIS-U22:6.1.10,Uid and Gid must be both 0/root and Access must be 600 or more restrictive.,`/etc/security/opasswd` and it's backup `/etc/security/opasswd.old` hold user's previous passwords if `pam_unix` or `pam_pwhistory` is in use on the system.,"It is critical to ensure that `/etc/security/opasswd` is protected from unauthorized access. Although it is protected by default, the file permissions could be changed either inadvertently or through malicious actions.","Verify /etc/security/opasswd (and .old) is 0600 root:root when present — an absent file is compliant.

```bash
#!/bin/bash
for f in /etc/security/opasswd /etc/security/opasswd.old; do
  [ -e ""$f"" ] || continue
  [ ""$(stat -c '%a %U %G' ""$f"")"" = ""600 root root"" ] || exit 1
done
exit 0
```","Set /etc/security/opasswd (and .old) to 0600 root:root when present.

```bash
#!/bin/bash
for f in /etc/security/opasswd /etc/security/opasswd.old; do
  [ -e ""$f"" ] || continue
  chown root:root ""$f""
  chmod 0600 ""$f""
done
exit 0
```","# [SABC] Red Hat family guidance — family-neutral procedure; the Debian commands (sysctl/systemctl/file/pam checks) run identically on the Red Hat family.
Verify /etc/security/opasswd (and .old) is 0600 root:root when present — an absent file is compliant.

```bash
#!/bin/bash
for f in /etc/security/opasswd /etc/security/opasswd.old; do
  [ -e ""$f"" ] || continue
  [ ""$(stat -c '%a %U %G' ""$f"")"" = ""600 root root"" ] || exit 1
done
exit 0
```","# [SABC] Red Hat family guidance — family-neutral procedure; the Debian commands (sysctl/systemctl/file/pam checks) run identically on the Red Hat family.
Set /etc/security/opasswd (and .old) to 0600 root:root when present.

```bash
#!/bin/bash
for f in /etc/security/opasswd /etc/security/opasswd.old; do
  [ -e ""$f"" ] || continue
  chown root:root ""$f""
  chmod 0600 ""$f""
done
exit 0
```"
JR2.C.6.1.11,jr2_c_6_1_11,control,System File Permissions,Ensure world writable files and directories are secured.,debian;redhat,1,CIS-U22:6.1.11,"It is recommended that write access is removed from `other`, but always consult relevant vendor documentation to avoid breaking any application dependencies on a given file.
World writable directories must have the sticky bit set.","World writable files are the least secure. Data in world-writable files can be modified and compromised by any user on the system. World writable files may also indicate an incorrectly written script or program that could potentially be the cause of a larger compromise to the system's integrity. See the `chmod(2)` man page for more information.

Setting the sticky bit on world writable directories prevents users from deleting or renaming files in that directory that are not owned by them.","Data in world-writable files can be modified and compromised by any user on the system. World writable files may also indicate an incorrectly written script or program that could potentially be the cause of a larger compromise to the system's integrity.

This feature prevents the ability to delete or rename files in world writable directories (such as `/tmp` ) that are owned by another user.","Run the following script to verify:
- No world writable files exist
- No world writable directories without the sticky bit exist

```
#!/usr/bin/env bash

{
 l_output="""" l_output2=""""
 l_smask='01000'
 a_path=(); a_arr=(); a_file=(); a_dir=() # Initialize arrays
 a_path=(! -path ""/run/user/*"" -a ! -path ""/proc/*"" -a ! -path ""*/containerd/*"" -a ! -path ""*/kubelet/pods/*"" -a ! -path ""/sys/kernel/security/apparmor/*"" -a ! -path ""/snap/*"" -a ! -path ""/sys/fs/cgroup/memory/*"")
 while read -r l_bfs; do
 a_path+=( -a ! -path """"$l_bfs""/*"")
 done < <(findmnt -Dkerno fstype,target | awk '$1 ~ /^\s*(nfs|proc|smb)/ {print $2}')
 # Populate array with files that will possibly fail one of the audits
 while IFS= read -r -d $'\0' l_file; do
 [ -e ""$l_file"" ] && a_arr+=(""$(stat -Lc '%n^%#a' ""$l_file"")"")
 done < <(find / \( ""${a_path[@]}"" \) \( -type f -o -type d \) -perm -0002 -print0 2>/dev/null)
 while IFS=""^"" read -r l_fname l_mode; do # Test files in the array
 [ -f ""$l_fname"" ] && a_file+=(""$l_fname"") # Add WR files
 if [ -d ""$l_fname"" ]; then # Add directories w/o sticky bit
 [ ! $(( $l_mode & $l_smask )) -gt 0 ] && a_dir+=(""$l_fname"")
 fi
 done < <(printf '%s\n' ""${a_arr[@]}"")
 if ! (( ${#a_file[@]} > 0 )); then
 l_output=""$l_output\n - No world writable files exist on the local filesystem.""
 else
 l_output2=""$l_output2\n - There are \""$(printf '%s' ""${#a_file[@]}"")\"" World writable files on the system.\n - The following is a list of World writable files:\n$(printf '%s\n' ""${a_file[@]}"")\n - end of list\n""
 fi
 if ! (( ${#a_dir[@]} > 0 )); then
 l_output=""$l_output\n - Sticky bit is set on world writable directories on the local filesystem.""
 else
 l_output2=""$l_output2\n - There are \""$(printf '%s' ""${#a_dir[@]}"")\"" World writable directories without the sticky bit on the system.\n - The following is a list of World writable directories without the sticky bit:\n$(printf '%s\n' ""${a_dir[@]}"")\n - end of list\n""
 fi
 unset a_path; unset a_arr; unset a_file; unset a_dir # Remove arrays
 # If l_output2 is empty, we pass
 if [ -z ""$l_output2"" ]; then
 echo -e ""\n- Audit Result:\n ** PASS **\n - * Correctly configured * :\n$l_output\n""
 else
 echo -e ""\n- Audit Result:\n ** FAIL **\n - * Reasons for audit failure * :\n$l_output2""
 [ -n ""$l_output"" ] && echo -e ""- * Correctly configured * :\n$l_output\n""
 fi
}
```

**Note:** On systems with a large number of files and/or directories, this audit may be a long running process.","- World Writable Files:
 - It is recommended that write access is removed from `other` with the command ( `chmod o-w <filename>` ), but always consult relevant vendor documentation to avoid breaking any application dependencies on a given file.
- World Writable Directories:
 - Set the sticky bit on all world writable directories with the command ( `chmod a+t <directory_name>` )

Run the following script to:
- Remove other write permission from any world writable files
- Add the sticky bit to all world writable directories

```
#!/usr/bin/env bash

{
 l_smask='01000'
 a_path=(); a_arr=() # Initialize array
 a_path=(! -path ""/run/user/*"" -a ! -path ""/proc/*"" -a ! -path ""*/containerd/*"" -a ! -path ""*/kubelet/pods/*"" -a ! -path ""/sys/kernel/security/apparmor/*"" -a ! -path ""/snap/*"" -a ! -path ""/sys/fs/cgroup/memory/*"")
 while read -r l_bfs; do
 a_path+=( -a ! -path """"$l_bfs""/*"")
 done < <(findmnt -Dkerno fstype,target | awk '$1 ~ /^\s*(nfs|proc|smb)/ {print $2}')
 # Populate array with files
 while IFS= read -r -d $'\0' l_file; do
 [ -e ""$l_file"" ] && a_arr+=(""$(stat -Lc '%n^%#a' ""$l_file"")"")
 done < <(find / \( ""${a_path[@]}"" \) \( -type f -o -type d \) -perm -0002 -print0 2>/dev/null)
 while IFS=""^"" read -r l_fname l_mode; do # Test files in the array
 if [ -f ""$l_fname"" ]; then # Remove excess permissions from WW files
 echo -e "" - File: \""$l_fname\"" is mode: \""$l_mode\""\n - removing write permission on \""$l_fname\"" from \""other\""""
 chmod o-w ""$l_fname""
 fi
 if [ -d ""$l_fname"" ]; then
 if [ ! $(( $l_mode & $l_smask )) -gt 0 ]; then # Add sticky bit
 echo -e "" - Directory: \""$l_fname\"" is mode: \""$l_mode\"" and doesn't have the sticky bit set\n - Adding the sticky bit""
 chmod a+t ""$l_fname""
 fi
 fi
 done < <(printf '%s\n' ""${a_arr[@]}"")
 unset a_path; unset a_arr # Remove array
}
```","# [SABC] Red Hat family guidance — authored from the CIS AlmaLinux 8 Benchmark.
# (CIS AlmaLinux 8 §7.1.11 — Ensure world writable files and directories are secured)
```
#!/usr/bin/env bash

{
   a_output=() a_output2=() a_file=() a_dir=()
   l_smask='01000' l_limit=""50""
   a_path=(-path ""*/containers/storage/*"" -o -path ""*/containerd/*"" -o -path
""*/kubelet/*"" -o -path ""/sys/*"" -o -path ""/snap/*"" -o -path ""/boot/efi/*"")
   while IFS= read -r l_mount; do
      while IFS= read -r -d $'\0' l_file; do
         if [ -e ""$l_file"" ]; then
             [ -f ""$l_file"" ] && a_file+=(""$l_file"")
             if [ -d ""$l_file"" ]; then
                l_mode=""$(stat -Lc '%#a' ""$l_file"")""
                [ ! $(( $l_mode & $l_smask )) -gt 0 ] && a_dir+=(""$l_file"")
             fi
         fi
      done < <(find ""$l_mount"" -mount -xdev \( ""${a_path[@]}"" \) -prune -o \( -type f
-o -type d \) -perm -0002 -print0 2> /dev/null)
   done < <(findmnt -Dkerno fstype,target | awk '($1 !~
/^\s*(nfs|proc|cifs|smb|vfat|iso9660|efivarfs|selinuxfs|ncpfs)/ && $2 !~
/^(\/run|\/tmp|\/var\/tmp)(\/|$)/){print $2}')
   if [ ""${#a_file[@]}"" -le 0 ]; then
      a_output+=("" - No world writable files exist on the local filesystem."")
   else
      a_output2+=("""" "" - There are \""${#a_file[@]}\"" World writable files on the
system."" \
      ""    - The following is a list of World writable files:"" \
      ""${a_file[@]:0:$l_limit}"" ""    - end of list"")
   fi
   if [ ""${#a_dir[@]}"" -le 0 ]; then
      a_output+=("" - Sticky bit is set on world writable directories on the local
filesystem."")
   else
      a_output2+=("""" "" - There are \""${#a_dir[@]}\"" World writable directories without
the sticky bit on the system."" \
      ""    - The following is a list of World writable directories without the sticky
bit:"" \
      ""${a_dir[@]:0:$l_limit}"" ""    - end of list"")
   fi
   if [ ""${#a_output2[@]}"" -le 0 ]; then
      printf '%s\n' """" ""- Audit Result:"" "" ** PASS **"" ""${a_output[@]}""
   else
      printf '%s\n' """" ""- Audit Result:"" "" ** FAIL **"" "" * Reasons for audit failure
*"" ""${a_output2[@]}"" """"
      [ ""${#a_output[@]}"" -gt 0 ] && printf '%s\n' ""- Correctly set:"" ""${a_output[@]}""
   fi
}

Note: On systems with a large number of files and/or directories, this audit may be a
long running process
```","# [SABC] Red Hat family guidance — authored from the CIS AlmaLinux 8 Benchmark.
# (CIS AlmaLinux 8 §7.1.11 — Ensure world writable files and directories are secured)
```
#!/usr/bin/env bash

{
   l_smask='01000' a_file=() a_dir=()
   a_path=(-path ""*/containers/storage/*"" -o -path ""*/containerd/*"" -o -path
""*/kubelet/*"" -o -path ""/sys/*"" -o -path ""/snap/*"" -o -path ""/boot/efi/*"")
   while IFS= read -r l_mount; do
      while IFS= read -r -d $'\0' l_file; do
         if [ -e ""$l_file"" ]; then
            l_mode=""$(stat -Lc '%#a' ""$l_file"")""
            if [ -f ""$l_file"" ]; then # Remove excess permissions from WW
files
               echo -e "" - File: \""$l_file\"" is mode: \""$l_mode\""\n -
removing write permission on \""$l_file\"" from \""other\""""
               chmod o-w ""$l_file""
            fi
            if [ -d ""$l_file"" ]; then # Add sticky bit
               if [ ! $(( $l_mode & $l_smask )) -gt 0 ]; then
                  echo -e "" - Directory: \""$l_file\"" is mode: \""$l_mode\"" and
doesn't have the sticky bit set\n - Adding the sticky bit""
                  chmod a+t ""$l_file""
               fi
            fi
         fi
      done < <(find ""$l_mount"" -mount -xdev \( ""${a_path[@]}"" \) \( -type f -
o -type d \) -perm -0002 -print0 2> /dev/null)
   done < <(findmnt -Dkerno fstype,target | awk '($1 !~
/^\s*(nfs|proc|cifs|smb|vfat|iso9660|efivarfs|selinuxfs|ncpfs)/ && $2 !~
/^(\/run|\/tmp|\/var\/tmp)(\/|$)/){print $2}')
}
```"
JR2.C.6.1.12,jr2_c_6_1_12,control,System File Permissions,Ensure no unowned or ungrouped files or directories exist.,debian;redhat,1,CIS-U22:6.1.12,Files and directories must have an owner.,Administrators may delete users or groups from the system and neglect to remove all files and/or directories owned by those users or groups.,"A new user or group who is assigned a deleted user's user ID or group ID may then end up ""owning"" a deleted user or group's files, and thus have more access on the system than was intended.","Run the following script to verify no unowned or ungrouped files or directories exist:

```
#!/usr/bin/env bash

{
 l_output="""" l_output2=""""
 a_path=(); a_arr=(); a_nouser=(); a_nogroup=() # Initialize arrays
 a_path=(! -path ""/run/user/*"" -a ! -path ""/proc/*"" -a ! -path ""*/containerd/*"" -a ! -path ""*/kubelet/pods/*"")
 while read -r l_bfs; do
 a_path+=( -a ! -path """"$l_bfs""/*"")
 done < <(findmnt -Dkerno fstype,target | awk '$1 ~ /^\s*(nfs|proc|smb)/ {print $2}')
 while IFS= read -r -d $'\0' l_file; do
 [ -e ""$l_file"" ] && a_arr+=(""$(stat -Lc '%n^%U^%G' ""$l_file"")"") && echo ""Adding: $l_file""
 done < <(find / \( ""${a_path[@]}"" \) \( -type f -o -type d \) \( -nouser -o -nogroup \) -print0 2> /dev/null)
 while IFS=""^"" read -r l_fname l_user l_group; do # Test files in the array
 [ ""$l_user"" = ""UNKNOWN"" ] && a_nouser+=(""$l_fname"")
 [ ""$l_group"" = ""UNKNOWN"" ] && a_nogroup+=(""$l_fname"")
 done <<< ""$(printf '%s\n' ""${a_arr[@]}"")""
 if ! (( ${#a_nouser[@]} > 0 )); then
 l_output=""$l_output\n - No unowned files or directories exist on the local filesystem.""
 else
 l_output2=""$l_output2\n - There are \""$(printf '%s' ""${#a_nouser[@]}"")\"" unowned files or directories on the system.\n - The following is a list of unowned files and/or directories:\n$(printf '%s\n' ""${a_nouser[@]}"")\n - end of list""
 fi
 if ! (( ${#a_nogroup[@]} > 0 )); then
 l_output=""$l_output\n - No ungrouped files or directories exist on the local filesystem.""
 else
 l_output2=""$l_output2\n - There are \""$(printf '%s' ""${#a_nogroup[@]}"")\"" ungrouped files or directories on the system.\n - The following is a list of ungrouped files and/or directories:\n$(printf '%s\n' ""${a_nogroup[@]}"")\n - end of list""
 fi 
 unset a_path; unset a_arr ; unset a_nouser; unset a_nogroup # Remove arrays
 if [ -z ""$l_output2"" ]; then # If l_output2 is empty, we pass
 echo -e ""\n- Audit Result:\n ** PASS **\n - * Correctly configured * :\n$l_output\n""
 else
 echo -e ""\n- Audit Result:\n ** FAIL **\n - * Reasons for audit failure * :\n$l_output2""
 [ -n ""$l_output"" ] && echo -e ""\n- * Correctly configured * :\n$l_output\n""
 fi
}
```

**Note:** On systems with a large number of files and/or directories, this audit may be a long running process.",Remove or set ownership and group ownership of these files and/or directories to an active user on the system as appropriate.,"# [SABC] Red Hat family guidance — family-neutral procedure; the Debian commands (sysctl/systemctl/file/pam checks) run identically on the Red Hat family.
Run the following script to verify no unowned or ungrouped files or directories exist:

```
#!/usr/bin/env bash

{
 l_output="""" l_output2=""""
 a_path=(); a_arr=(); a_nouser=(); a_nogroup=() # Initialize arrays
 a_path=(! -path ""/run/user/*"" -a ! -path ""/proc/*"" -a ! -path ""*/containerd/*"" -a ! -path ""*/kubelet/pods/*"")
 while read -r l_bfs; do
 a_path+=( -a ! -path """"$l_bfs""/*"")
 done < <(findmnt -Dkerno fstype,target | awk '$1 ~ /^\s*(nfs|proc|smb)/ {print $2}')
 while IFS= read -r -d $'\0' l_file; do
 [ -e ""$l_file"" ] && a_arr+=(""$(stat -Lc '%n^%U^%G' ""$l_file"")"") && echo ""Adding: $l_file""
 done < <(find / \( ""${a_path[@]}"" \) \( -type f -o -type d \) \( -nouser -o -nogroup \) -print0 2> /dev/null)
 while IFS=""^"" read -r l_fname l_user l_group; do # Test files in the array
 [ ""$l_user"" = ""UNKNOWN"" ] && a_nouser+=(""$l_fname"")
 [ ""$l_group"" = ""UNKNOWN"" ] && a_nogroup+=(""$l_fname"")
 done <<< ""$(printf '%s\n' ""${a_arr[@]}"")""
 if ! (( ${#a_nouser[@]} > 0 )); then
 l_output=""$l_output\n - No unowned files or directories exist on the local filesystem.""
 else
 l_output2=""$l_output2\n - There are \""$(printf '%s' ""${#a_nouser[@]}"")\"" unowned files or directories on the system.\n - The following is a list of unowned files and/or directories:\n$(printf '%s\n' ""${a_nouser[@]}"")\n - end of list""
 fi
 if ! (( ${#a_nogroup[@]} > 0 )); then
 l_output=""$l_output\n - No ungrouped files or directories exist on the local filesystem.""
 else
 l_output2=""$l_output2\n - There are \""$(printf '%s' ""${#a_nogroup[@]}"")\"" ungrouped files or directories on the system.\n - The following is a list of ungrouped files and/or directories:\n$(printf '%s\n' ""${a_nogroup[@]}"")\n - end of list""
 fi 
 unset a_path; unset a_arr ; unset a_nouser; unset a_nogroup # Remove arrays
 if [ -z ""$l_output2"" ]; then # If l_output2 is empty, we pass
 echo -e ""\n- Audit Result:\n ** PASS **\n - * Correctly configured * :\n$l_output\n""
 else
 echo -e ""\n- Audit Result:\n ** FAIL **\n - * Reasons for audit failure * :\n$l_output2""
 [ -n ""$l_output"" ] && echo -e ""\n- * Correctly configured * :\n$l_output\n""
 fi
}
```

**Note:** On systems with a large number of files and/or directories, this audit may be a long running process.","# [SABC] Red Hat family guidance — family-neutral procedure; the Debian commands (sysctl/systemctl/file/pam checks) run identically on the Red Hat family.
Remove or set ownership and group ownership of these files and/or directories to an active user on the system as appropriate."
JR2.C.6.2.0,jr2_c_6_2_0,section,Local User and Group Settings,Local User and Group Settings,debian;redhat,,,,"This section provides guidance on securing aspects of the local users and groups.

**Note:** The recommendations in this section check local users and groups. Any users or groups from other sources such as LDAP will not be audited. In a domain environment similar checks should be performed against domain users and groups.",,,,,
JR2.C.6.2.1,jr2_c_6_2_1,control,Local User and Group Settings,Ensure accounts in /etc/passwd use shadowed passwords.,debian;redhat,1,CIS-U22:6.2.1,Accounts must use shadowed passwords.,"Local accounts can uses shadowed passwords. With shadowed passwords, The passwords are saved in shadow password file, `/etc/shadow`, encrypted by a salted one-way hash. Accounts with a shadowed password have an `x` in the second field in `/etc/passwd`.","The `/etc/passwd` file also contains information like user ID's and group ID's that are used by many system programs. Therefore, the `/etc/passwd` file must remain world readable. In spite of encoding the password with a randomly-generated one-way hash function, an attacker could still break the system if they got access to the `/etc/passwd` file. This can be mitigated by using shadowed passwords, thus moving the passwords in the `/etc/passwd` file to `/etc/shadow`. The `/etc/shadow` file is set so only root will be able to read and write. This helps mitigate the risk of an attacker gaining access to the encoded passwords with which to perform a dictionary attack. 

**Note:**
- All accounts must have passwords or be locked to prevent the account from being used by an unauthorized user.
- A user account with an empty second field in `/etc/passwd` allows the account to be logged into by providing only the username.","Run the following command and verify that no output is returned:

```
# awk -F: '($2 != ""x"" ) { print $1 "" is not set to shadowed passwords ""}' /etc/passwd
```","Run the following command to set accounts to use shadowed passwords:

```
# sed -e 's/^\([a-zA-Z0-9_]*\):[^:]*:/\1:x:/' -i /etc/passwd
```

Investigate to determine if the account is logged in and what it is being used for, to determine if it needs to be forced off.","# [SABC] Red Hat family guidance — family-neutral procedure; the Debian commands (sysctl/systemctl/file/pam checks) run identically on the Red Hat family.
Run the following command and verify that no output is returned:

```
# awk -F: '($2 != ""x"" ) { print $1 "" is not set to shadowed passwords ""}' /etc/passwd
```","# [SABC] Red Hat family guidance — family-neutral procedure; the Debian commands (sysctl/systemctl/file/pam checks) run identically on the Red Hat family.
Run the following command to set accounts to use shadowed passwords:

```
# sed -e 's/^\([a-zA-Z0-9_]*\):[^:]*:/\1:x:/' -i /etc/passwd
```

Investigate to determine if the account is logged in and what it is being used for, to determine if it needs to be forced off."
JR2.C.6.2.2,jr2_c_6_2_2,control,Local User and Group Settings,Ensure /etc/shadow password fields are not empty.,debian;redhat,1,CIS-U22:6.2.2,"Password fields cannot be empty. If they are empty, the account must be locked.",An account with an empty password field means that anybody may log in as that user without providing a password.,All accounts must have passwords or be locked to prevent the account from being used by an unauthorized user.,"Run the following command and verify that no output is returned:

```
# awk -F: '($2 == """" ) { print $1 "" does not have a password ""}' /etc/shadow
```","If any accounts in the `/etc/shadow` file do not have a password, run the following command to lock the account until it can be determined why it does not have a password:

```
# passwd -l <username>
```

Also, check to see if the account is logged in and investigate what it is being used for to determine if it needs to be forced off.","# [SABC] Red Hat family guidance — family-neutral procedure; the Debian commands (sysctl/systemctl/file/pam checks) run identically on the Red Hat family.
Run the following command and verify that no output is returned:

```
# awk -F: '($2 == """" ) { print $1 "" does not have a password ""}' /etc/shadow
```","# [SABC] Red Hat family guidance — family-neutral procedure; the Debian commands (sysctl/systemctl/file/pam checks) run identically on the Red Hat family.
If any accounts in the `/etc/shadow` file do not have a password, run the following command to lock the account until it can be determined why it does not have a password:

```
# passwd -l <username>
```

Also, check to see if the account is logged in and investigate what it is being used for to determine if it needs to be forced off."
JR2.C.6.2.3,jr2_c_6_2_3,control,Local User and Group Settings,Ensure all groups in /etc/passwd exist in /etc/group .,debian;redhat,1,CIS-U22:6.2.3,All groups in /etc/passwd must exist in /etc/group .,"Over time, system administration errors and changes can lead to groups being defined in `/etc/passwd` but not in `/etc/group` .",Groups defined in the `/etc/passwd` file but not in the `/etc/group` file pose a threat to system security since group permissions are not properly managed.,"Run the following script and verify no results are returned:

```
#!/bin/bash

for i in $(cut -s -d: -f4 /etc/passwd | sort -u ); do
 grep -q -P ""^.*?:[^:]*:$i:"" /etc/group
 if [ $? -ne 0 ]; then
 echo ""Group $i is referenced by /etc/passwd but does not exist in /etc/group""
 fi
done
```",Analyze the output of the Audit step above and perform the appropriate action to correct any discrepancies found.,"# [SABC] Red Hat family guidance — family-neutral procedure; the Debian commands (sysctl/systemctl/file/pam checks) run identically on the Red Hat family.
Run the following script and verify no results are returned:

```
#!/bin/bash

for i in $(cut -s -d: -f4 /etc/passwd | sort -u ); do
 grep -q -P ""^.*?:[^:]*:$i:"" /etc/group
 if [ $? -ne 0 ]; then
 echo ""Group $i is referenced by /etc/passwd but does not exist in /etc/group""
 fi
done
```","# [SABC] Red Hat family guidance — family-neutral procedure; the Debian commands (sysctl/systemctl/file/pam checks) run identically on the Red Hat family.
Analyze the output of the Audit step above and perform the appropriate action to correct any discrepancies found."
JR2.C.6.2.4,jr2_c_6_2_4,control,Local User and Group Settings,Ensure shadow group is empty.,debian;redhat,1,CIS-U22:6.2.4,Shadow group must be empty. No users should be assigned to the shadow group.,The shadow group allows system programs which require access the ability to read the /etc/shadow file. No users should be assigned to the shadow group.,"Any users assigned to the shadow group would be granted read access to the /etc/shadow file. If attackers can gain read access to the `/etc/shadow` file, they can easily run a password cracking program against the hashed passwords to break them. Other security information that is stored in the `/etc/shadow` file (such as expiration) could also be useful to subvert additional user accounts.","Run the following commands and verify no results are returned:
```
# awk -F: '($1==""shadow"") {print $NF}' /etc/group
# awk -F: -v GID=""$(awk -F: '($1==""shadow"") {print $3}' /etc/group)"" '($4==GID) {print $1}' /etc/passwd
```","Run the following command to remove all users from the shadow group
```
# sed -ri 's/(^shadow:[^:]*:[^:]*:)([^:]+$)/\1/' /etc/group
```

Change the primary group of any users with shadow as their primary group.
```
# usermod -g <primary group> <user>
```","# [SABC] Red Hat family guidance — family-neutral procedure; the Debian commands (sysctl/systemctl/file/pam checks) run identically on the Red Hat family.
Run the following commands and verify no results are returned:
```
# awk -F: '($1==""shadow"") {print $NF}' /etc/group
# awk -F: -v GID=""$(awk -F: '($1==""shadow"") {print $3}' /etc/group)"" '($4==GID) {print $1}' /etc/passwd
```","# [SABC] Red Hat family guidance — family-neutral procedure; the Debian commands (sysctl/systemctl/file/pam checks) run identically on the Red Hat family.
Run the following command to remove all users from the shadow group
```
# sed -ri 's/(^shadow:[^:]*:[^:]*:)([^:]+$)/\1/' /etc/group
```

Change the primary group of any users with shadow as their primary group.
```
# usermod -g <primary group> <user>
```"
JR2.C.6.2.5,jr2_c_6_2_5,control,Local User and Group Settings,Ensure no duplicate UIDs exist.,debian;redhat,1,CIS-U22:6.2.5,Duplicate user IDs cannot exist.,"Although the `useradd` program will not let you create a duplicate User ID (UID), it is possible for an administrator to manually edit the `/etc/passwd` file and change the UID field.",Users must be assigned unique UIDs for accountability and to ensure appropriate access protections.,"Run the following script and verify no results are returned:

```
#!/bin/bash

cut -f3 -d"":"" /etc/passwd | sort -n | uniq -c | while read x ; do
 [ -z ""$x"" ] && break
 set - $x
 if [ $1 -gt 1 ]; then
 users=$(awk -F: '($3 == n) { print $1 }' n=$2 /etc/passwd | xargs)
 echo ""Duplicate UID ($2): $users""
 fi
done
```","Based on the results of the audit script, establish unique UIDs and review all files owned by the shared UIDs to determine which UID they are supposed to belong to.","# [SABC] Red Hat family guidance — family-neutral procedure; the Debian commands (sysctl/systemctl/file/pam checks) run identically on the Red Hat family.
Run the following script and verify no results are returned:

```
#!/bin/bash

cut -f3 -d"":"" /etc/passwd | sort -n | uniq -c | while read x ; do
 [ -z ""$x"" ] && break
 set - $x
 if [ $1 -gt 1 ]; then
 users=$(awk -F: '($3 == n) { print $1 }' n=$2 /etc/passwd | xargs)
 echo ""Duplicate UID ($2): $users""
 fi
done
```","# [SABC] Red Hat family guidance — family-neutral procedure; the Debian commands (sysctl/systemctl/file/pam checks) run identically on the Red Hat family.
Based on the results of the audit script, establish unique UIDs and review all files owned by the shared UIDs to determine which UID they are supposed to belong to."
JR2.C.6.2.6,jr2_c_6_2_6,control,Local User and Group Settings,Ensure no duplicate GIDs exist.,debian;redhat,1,CIS-U22:6.2.6,Duplicate group IDs cannot exist.,"Although the `groupadd` program will not let you create a duplicate Group ID (GID), it is possible for an administrator to manually edit the `/etc/group` file and change the GID field.",User groups must be assigned unique GIDs for accountability and to ensure appropriate access protections.,"Run the following script and verify no results are returned:

```
#!/bin/bash 

cut -d: -f3 /etc/group | sort | uniq -d | while read x ; do
 echo ""Duplicate GID ($x) in /etc/group""
done
```","Based on the results of the audit script, establish unique GIDs and review all files owned by the shared GID to determine which group they are supposed to belong to.","# [SABC] Red Hat family guidance — family-neutral procedure; the Debian commands (sysctl/systemctl/file/pam checks) run identically on the Red Hat family.
Run the following script and verify no results are returned:

```
#!/bin/bash 

cut -d: -f3 /etc/group | sort | uniq -d | while read x ; do
 echo ""Duplicate GID ($x) in /etc/group""
done
```","# [SABC] Red Hat family guidance — family-neutral procedure; the Debian commands (sysctl/systemctl/file/pam checks) run identically on the Red Hat family.
Based on the results of the audit script, establish unique GIDs and review all files owned by the shared GID to determine which group they are supposed to belong to."
JR2.C.6.2.7,jr2_c_6_2_7,control,Local User and Group Settings,Ensure no duplicate user names exist.,debian;redhat,1,CIS-U22:6.2.7,Duplicate user names cannot exist.,"Although the `useradd` program will not let you create a duplicate user name, it is possible for an administrator to manually edit the `/etc/passwd` file and change the user name.","If a user is assigned a duplicate user name, it will create and have access to files with the first UID for that username in `/etc/passwd` . For example, if ""test4"" has a UID of 1000 and a subsequent ""test4"" entry has a UID of 2000, logging in as ""test4"" will use UID 1000. Effectively, the UID is shared, which is a security problem.","Run the following script and verify no results are returned:

```
#!/bin/bash

cut -d: -f1 /etc/passwd | sort | uniq -d | while read -r x; do
 echo ""Duplicate login name $x in /etc/passwd""
done
```","Based on the results of the audit script, establish unique user names for the users. File ownerships will automatically reflect the change as long as the users have unique UIDs.","# [SABC] Red Hat family guidance — family-neutral procedure; the Debian commands (sysctl/systemctl/file/pam checks) run identically on the Red Hat family.
Run the following script and verify no results are returned:

```
#!/bin/bash

cut -d: -f1 /etc/passwd | sort | uniq -d | while read -r x; do
 echo ""Duplicate login name $x in /etc/passwd""
done
```","# [SABC] Red Hat family guidance — family-neutral procedure; the Debian commands (sysctl/systemctl/file/pam checks) run identically on the Red Hat family.
Based on the results of the audit script, establish unique user names for the users. File ownerships will automatically reflect the change as long as the users have unique UIDs."
JR2.C.6.2.8,jr2_c_6_2_8,control,Local User and Group Settings,Ensure no duplicate group names exist.,debian;redhat,1,CIS-U22:6.2.8,Duplicate group names cannot exist.,"Although the `groupadd` program will not let you create a duplicate group name, it is possible for an administrator to manually edit the `/etc/group` file and change the group name.","If a group is assigned a duplicate group name, it will create and have access to files with the first GID for that group in `/etc/group` . Effectively, the GID is shared, which is a security problem.","Run the following script and verify no results are returned:

```
#!/bin/bash

cut -d: -f1 /etc/group | sort | uniq -d | while read -r x; do
 echo ""Duplicate group name $x in /etc/group""
done
```","Based on the results of the audit script, establish unique names for the user groups. File group ownerships will automatically reflect the change as long as the groups have unique GIDs.","# [SABC] Red Hat family guidance — family-neutral procedure; the Debian commands (sysctl/systemctl/file/pam checks) run identically on the Red Hat family.
Run the following script and verify no results are returned:

```
#!/bin/bash

cut -d: -f1 /etc/group | sort | uniq -d | while read -r x; do
 echo ""Duplicate group name $x in /etc/group""
done
```","# [SABC] Red Hat family guidance — family-neutral procedure; the Debian commands (sysctl/systemctl/file/pam checks) run identically on the Red Hat family.
Based on the results of the audit script, establish unique names for the user groups. File group ownerships will automatically reflect the change as long as the groups have unique GIDs."
JR2.C.6.2.9,jr2_c_6_2_9,control,Local User and Group Settings,Ensure root PATH Integrity.,debian;redhat,1,CIS-U22:6.2.9,"In the default root environment, ensure that the `root` user cannot be fooled into executing arbitrary programs unintentionally via a `PATH` that is not set correctly.
Incorrect elements include:
""Empty Directory in PATH (::)""
""Trailing : in PATH""
""PATH contains .""
""Group Write permission set on directory $1""
""Other Write permission set on directory $1""
 ""$1 is not owned by root""
 ""$1 is not a directory""
Note: In above, $1 is an element in the PATH.",The `root` user can execute any command on the system and could be fooled into executing programs unintentionally if the `PATH` is not set correctly.,Including the current working directory (.) or other writable directory in `root`'s executable path makes it likely that an attacker can gain superuser access by forcing an administrator operating as `root` to execute a Trojan horse program.,"Run the following script and verify no results are returned:
```
#!/bin/bash

RPCV=""$(sudo -Hiu root env | grep '^PATH' | cut -d= -f2)""
echo ""$RPCV"" | grep -q ""::"" && echo ""root's path contains a empty directory (::)""
echo ""$RPCV"" | grep -q "":$"" && echo ""root's path contains a trailing (:)""
for x in $(echo ""$RPCV"" | tr "":"" "" ""); do
 if [ -d ""$x"" ]; then
 ls -ldH ""$x"" | awk '$9 == ""."" {print ""PATH contains current working directory (.)""}
 $3 != ""root"" {print $9, ""is not owned by root""}
 substr($1,6,1) != ""-"" {print $9, ""is group writable""}
 substr($1,9,1) != ""-"" {print $9, ""is world writable""}'
 else
 echo ""$x is not a directory""
 fi
done
```",Correct or justify any items discovered in the Audit step.,"# [SABC] Red Hat family guidance — family-neutral procedure; the Debian commands (sysctl/systemctl/file/pam checks) run identically on the Red Hat family.
Run the following script and verify no results are returned:
```
#!/bin/bash

RPCV=""$(sudo -Hiu root env | grep '^PATH' | cut -d= -f2)""
echo ""$RPCV"" | grep -q ""::"" && echo ""root's path contains a empty directory (::)""
echo ""$RPCV"" | grep -q "":$"" && echo ""root's path contains a trailing (:)""
for x in $(echo ""$RPCV"" | tr "":"" "" ""); do
 if [ -d ""$x"" ]; then
 ls -ldH ""$x"" | awk '$9 == ""."" {print ""PATH contains current working directory (.)""}
 $3 != ""root"" {print $9, ""is not owned by root""}
 substr($1,6,1) != ""-"" {print $9, ""is group writable""}
 substr($1,9,1) != ""-"" {print $9, ""is world writable""}'
 else
 echo ""$x is not a directory""
 fi
done
```","# [SABC] Red Hat family guidance — family-neutral procedure; the Debian commands (sysctl/systemctl/file/pam checks) run identically on the Red Hat family.
Correct or justify any items discovered in the Audit step."
JR2.C.6.2.10,jr2_c_6_2_10,control,Local User and Group Settings,Ensure root is the only UID 0 account.,debian;redhat,1,CIS-U22:6.2.10,Only root can be UID 0 account.,Any account with UID 0 has superuser privileges on the system.,This access must be limited to only the default `root` account and only from the system console. Administrative access must be through an unprivileged account using an approved mechanism as noted in Item 5.6 Ensure access to the su command is restricted.,"Run the following command and verify that only ""root"" is returned:

```
# awk -F: '($3 == 0) { print $1 }' /etc/passwd

root
```",Remove any users other than `root` with UID `0` or assign them a new UID if appropriate.,"# [SABC] Red Hat family guidance — family-neutral procedure; the Debian commands (sysctl/systemctl/file/pam checks) run identically on the Red Hat family.
Run the following command and verify that only ""root"" is returned:

```
# awk -F: '($3 == 0) { print $1 }' /etc/passwd

root
```","# [SABC] Red Hat family guidance — family-neutral procedure; the Debian commands (sysctl/systemctl/file/pam checks) run identically on the Red Hat family.
Remove any users other than `root` with UID `0` or assign them a new UID if appropriate."
JR2.C.6.2.11,jr2_c_6_2_11,control,Local User and Group Settings,Ensure local interactive user home directories are configured.,debian;redhat,1,CIS-U22:6.2.11,"All users must have their home directories. If any user's home directories do not exist, they must be created and respective user must own the directory. Users without home directory assigned should be removed or assigned a home directory.","The user home directory is space defined for the particular user to set local environment variables and to store personal files. While the system administrator can establish secure permissions for users' home directories, the users can easily override these. Users can be defined in `/etc/passwd` without a home directory or with a home directory that does not actually exist.","Since the user is accountable for files stored in the user home directory, the user must be the owner of the directory. Group or world-writable user home directories may enable malicious users to steal or modify other users' data or to gain another user's system privileges. If the user's home directory does not exist or is unassigned, the user will be placed in ""/"" and will not be able to write any files or have local environment variables set.","Run the following script to Ensure:
- local interactive user home directories exist
- Ensure local interactive users own their home directories
- Ensure local interactive user home directories are mode 750 or more restrictive

```
#!/usr/bin/env bash

{
 l_output="""" l_output2="""" l_heout2="""" l_hoout2="""" l_haout2=""""
 l_valid_shells=""^($( awk -F\/ '$NF != ""nologin"" {print}' /etc/shells | sed -rn '/^\//{s,/,\\\\/,g;p}' | paste -s -d '|' - ))$""
 unset a_uarr && a_uarr=() # Clear and initialize array
 while read -r l_epu l_eph; do # Populate array with users and user home location
 a_uarr+=(""$l_epu $l_eph"")
 done <<< ""$(awk -v pat=""$l_valid_shells"" -F: '$(NF) ~ pat { print $1 "" "" $(NF-1) }' /etc/passwd)""
 l_asize=""${#a_uarr[@]}"" # Here if we want to look at number of users before proceeding 
 [ ""$l_asize "" -gt ""10000"" ] && echo -e ""\n ** INFO **\n - \""$l_asize\"" Local interactive users found on the system\n - This may be a long running check\n""
 while read -r l_user l_home; do
 if [ -d ""$l_home"" ]; then
 l_mask='0027'
 l_max=""$( printf '%o' $(( 0777 & ~$l_mask)) )""
 while read -r l_own l_mode; do
 [ ""$l_user"" != ""$l_own"" ] && l_hoout2=""$l_hoout2\n - User: \""$l_user\"" Home \""$l_home\"" is owned by: \""$l_own\""""
 if [ $(( $l_mode & $l_mask )) -gt 0 ]; then
 l_haout2=""$l_haout2\n - User: \""$l_user\"" Home \""$l_home\"" is mode: \""$l_mode\"" should be mode: \""$l_max\"" or more restrictive""
 fi
 done <<< ""$(stat -Lc '%U %#a' ""$l_home"")""
 else
 l_heout2=""$l_heout2\n - User: \""$l_user\"" Home \""$l_home\"" Doesn't exist""
 fi
 done <<< ""$(printf '%s\n' ""${a_uarr[@]}"")""
 [ -z ""$l_heout2"" ] && l_output=""$l_output\n - home directories exist"" || l_output2=""$l_output2$l_heout2""
 [ -z ""$l_hoout2"" ] && l_output=""$l_output\n - own their home directory"" || l_output2=""$l_output2$l_hoout2""
 [ -z ""$l_haout2"" ] && l_output=""$l_output\n - home directories are mode: \""$l_max\"" or more restrictive"" || l_output2=""$l_output2$l_haout2""
 [ -n ""$l_output"" ] && l_output="" - All local interactive users:$l_output""
 if [ -z ""$l_output2"" ]; then # If l_output2 is empty, we pass
 echo -e ""\n- Audit Result:\n ** PASS **\n - * Correctly configured * :\n$l_output""
 else
 echo -e ""\n- Audit Result:\n ** FAIL **\n - * Reasons for audit failure * :\n$l_output2""
 [ -n ""$l_output"" ] && echo -e ""\n- * Correctly configured * :\n$l_output""
 fi
}
```","If a local interactive users' home directory is undefined and/or doesn't exist, follow local site policy and perform one of the following:
- Lock the user account
- Remove the user from the system
- create a directory for the user. If undefined, edit `/etc/passwd` and add the absolute path to the directory to the last field of the user.

Run the following script to:
- Remove excessive permissions from local interactive users home directories
- Update the home directory's owner

```
#!/usr/bin/env bash

{
 l_output2=""""
 l_valid_shells=""^($( awk -F\/ '$NF != ""nologin"" {print}' /etc/shells | sed -rn '/^\//{s,/,\\\\/,g;p}' | paste -s -d '|' - ))$""
 unset a_uarr && a_uarr=() # Clear and initialize array
 while read -r l_epu l_eph; do # Populate array with users and user home location
 a_uarr+=(""$l_epu $l_eph"")
 done <<< ""$(awk -v pat=""$l_valid_shells"" -F: '$(NF) ~ pat { print $1 "" "" $(NF-1) }' /etc/passwd)""
 l_asize=""${#a_uarr[@]}"" # Here if we want to look at number of users before proceeding 
 [ ""$l_asize "" -gt ""10000"" ] && echo -e ""\n ** INFO **\n - \""$l_asize\"" Local interactive users found on the system\n - This may be a long running process\n""
 while read -r l_user l_home; do
 if [ -d ""$l_home"" ]; then
 l_mask='0027'
 l_max=""$( printf '%o' $(( 0777 & ~$l_mask)) )""
 while read -r l_own l_mode; do
 if [ ""$l_user"" != ""$l_own"" ]; then
 l_output2=""$l_output2\n - User: \""$l_user\"" Home \""$l_home\"" is owned by: \""$l_own\""\n - changing ownership to: \""$l_user\""\n""
 chown ""$l_user"" ""$l_home""
 fi
 if [ $(( $l_mode & $l_mask )) -gt 0 ]; then
 l_output2=""$l_output2\n - User: \""$l_user\"" Home \""$l_home\"" is mode: \""$l_mode\"" should be mode: \""$l_max\"" or more restrictive\n - removing excess permissions\n""
 chmod g-w,o-rwx ""$l_home""
 fi
 done <<< ""$(stat -Lc '%U %#a' ""$l_home"")""
 else
 l_output2=""$l_output2\n - User: \""$l_user\"" Home \""$l_home\"" Doesn't exist\n - Please create a home in accordance with local site policy""
 fi
 done <<< ""$(printf '%s\n' ""${a_uarr[@]}"")""
 if [ -z ""$l_output2"" ]; then # If l_output2 is empty, we pass
 echo -e "" - No modification needed to local interactive users home directories""
 else
 echo -e ""\n$l_output2""
 fi
}
```","# [SABC] Red Hat family guidance — family-neutral procedure; the Debian commands (sysctl/systemctl/file/pam checks) run identically on the Red Hat family.
Run the following script to Ensure:
- local interactive user home directories exist
- Ensure local interactive users own their home directories
- Ensure local interactive user home directories are mode 750 or more restrictive

```
#!/usr/bin/env bash

{
 l_output="""" l_output2="""" l_heout2="""" l_hoout2="""" l_haout2=""""
 l_valid_shells=""^($( awk -F\/ '$NF != ""nologin"" {print}' /etc/shells | sed -rn '/^\//{s,/,\\\\/,g;p}' | paste -s -d '|' - ))$""
 unset a_uarr && a_uarr=() # Clear and initialize array
 while read -r l_epu l_eph; do # Populate array with users and user home location
 a_uarr+=(""$l_epu $l_eph"")
 done <<< ""$(awk -v pat=""$l_valid_shells"" -F: '$(NF) ~ pat { print $1 "" "" $(NF-1) }' /etc/passwd)""
 l_asize=""${#a_uarr[@]}"" # Here if we want to look at number of users before proceeding 
 [ ""$l_asize "" -gt ""10000"" ] && echo -e ""\n ** INFO **\n - \""$l_asize\"" Local interactive users found on the system\n - This may be a long running check\n""
 while read -r l_user l_home; do
 if [ -d ""$l_home"" ]; then
 l_mask='0027'
 l_max=""$( printf '%o' $(( 0777 & ~$l_mask)) )""
 while read -r l_own l_mode; do
 [ ""$l_user"" != ""$l_own"" ] && l_hoout2=""$l_hoout2\n - User: \""$l_user\"" Home \""$l_home\"" is owned by: \""$l_own\""""
 if [ $(( $l_mode & $l_mask )) -gt 0 ]; then
 l_haout2=""$l_haout2\n - User: \""$l_user\"" Home \""$l_home\"" is mode: \""$l_mode\"" should be mode: \""$l_max\"" or more restrictive""
 fi
 done <<< ""$(stat -Lc '%U %#a' ""$l_home"")""
 else
 l_heout2=""$l_heout2\n - User: \""$l_user\"" Home \""$l_home\"" Doesn't exist""
 fi
 done <<< ""$(printf '%s\n' ""${a_uarr[@]}"")""
 [ -z ""$l_heout2"" ] && l_output=""$l_output\n - home directories exist"" || l_output2=""$l_output2$l_heout2""
 [ -z ""$l_hoout2"" ] && l_output=""$l_output\n - own their home directory"" || l_output2=""$l_output2$l_hoout2""
 [ -z ""$l_haout2"" ] && l_output=""$l_output\n - home directories are mode: \""$l_max\"" or more restrictive"" || l_output2=""$l_output2$l_haout2""
 [ -n ""$l_output"" ] && l_output="" - All local interactive users:$l_output""
 if [ -z ""$l_output2"" ]; then # If l_output2 is empty, we pass
 echo -e ""\n- Audit Result:\n ** PASS **\n - * Correctly configured * :\n$l_output""
 else
 echo -e ""\n- Audit Result:\n ** FAIL **\n - * Reasons for audit failure * :\n$l_output2""
 [ -n ""$l_output"" ] && echo -e ""\n- * Correctly configured * :\n$l_output""
 fi
}
```","# [SABC] Red Hat family guidance — family-neutral procedure; the Debian commands (sysctl/systemctl/file/pam checks) run identically on the Red Hat family.
If a local interactive users' home directory is undefined and/or doesn't exist, follow local site policy and perform one of the following:
- Lock the user account
- Remove the user from the system
- create a directory for the user. If undefined, edit `/etc/passwd` and add the absolute path to the directory to the last field of the user.

Run the following script to:
- Remove excessive permissions from local interactive users home directories
- Update the home directory's owner

```
#!/usr/bin/env bash

{
 l_output2=""""
 l_valid_shells=""^($( awk -F\/ '$NF != ""nologin"" {print}' /etc/shells | sed -rn '/^\//{s,/,\\\\/,g;p}' | paste -s -d '|' - ))$""
 unset a_uarr && a_uarr=() # Clear and initialize array
 while read -r l_epu l_eph; do # Populate array with users and user home location
 a_uarr+=(""$l_epu $l_eph"")
 done <<< ""$(awk -v pat=""$l_valid_shells"" -F: '$(NF) ~ pat { print $1 "" "" $(NF-1) }' /etc/passwd)""
 l_asize=""${#a_uarr[@]}"" # Here if we want to look at number of users before proceeding 
 [ ""$l_asize "" -gt ""10000"" ] && echo -e ""\n ** INFO **\n - \""$l_asize\"" Local interactive users found on the system\n - This may be a long running process\n""
 while read -r l_user l_home; do
 if [ -d ""$l_home"" ]; then
 l_mask='0027'
 l_max=""$( printf '%o' $(( 0777 & ~$l_mask)) )""
 while read -r l_own l_mode; do
 if [ ""$l_user"" != ""$l_own"" ]; then
 l_output2=""$l_output2\n - User: \""$l_user\"" Home \""$l_home\"" is owned by: \""$l_own\""\n - changing ownership to: \""$l_user\""\n""
 chown ""$l_user"" ""$l_home""
 fi
 if [ $(( $l_mode & $l_mask )) -gt 0 ]; then
 l_output2=""$l_output2\n - User: \""$l_user\"" Home \""$l_home\"" is mode: \""$l_mode\"" should be mode: \""$l_max\"" or more restrictive\n - removing excess permissions\n""
 chmod g-w,o-rwx ""$l_home""
 fi
 done <<< ""$(stat -Lc '%U %#a' ""$l_home"")""
 else
 l_output2=""$l_output2\n - User: \""$l_user\"" Home \""$l_home\"" Doesn't exist\n - Please create a home in accordance with local site policy""
 fi
 done <<< ""$(printf '%s\n' ""${a_uarr[@]}"")""
 if [ -z ""$l_output2"" ]; then # If l_output2 is empty, we pass
 echo -e "" - No modification needed to local interactive users home directories""
 else
 echo -e ""\n$l_output2""
 fi
}
```"
JR2.C.6.2.12,jr2_c_6_2_12,control,Local User and Group Settings,Ensure local interactive user dot files access is configured.,debian;redhat,1,CIS-U22:6.2.12,"Users cannot have .forward or .rhost files.
Users cannot have .netrc files. If a .netrc file is required and follows local site policy, it must have permissions 600 or more restrictive.
`.bash_history` must have mode 0600 or more restrictive.
other `dot` files must have mode 0644 or more restrictive.","While the system administrator can establish secure permissions for users' ""dot"" files, the users can easily override these.
- `.forward` file specifies an email address to forward the user's mail to.
- `.rhost` file provides the ""remote authentication"" database for the rcp, rlogin, and rsh commands and the rcmd() function. These files bypass the standard password-based user authentication mechanism. They specify remote hosts and users that are considered trusted (i.e. are allowed to access the local system without supplying a password)
- `.netrc` file contains data for logging into a remote host or passing authentication to an API.
- `.bash_history` file keeps track of the user’s last 500 commands.",User configuration files with excessive or incorrect access may enable malicious users to steal or modify other users' data or to gain another user's system privileges.,"Run the following script to verify local interactive user dot files:
- Don't include `.forward`, `.rhost`, or `.netrc` files
- Are mode 0644 or more restrictive
- Are owned by the local interactive user
- Are group owned by the user's primary group
- `.bash_history` is mode 0600 or more restrictive

**Note:** If a `.netrc` file is required, and follows local site policy, it should have permissions of 600 or more restrictive.

```
#!/usr/bin/env bash

{
 l_output="""" l_output2="""" l_output3="""" l_output4=""""
 l_bf="""" l_df="""" l_nf="""" l_hf=""""
 l_valid_shells=""^($( awk -F\/ '$NF != ""nologin"" {print}' /etc/shells | sed -rn '/^\//{s,/,\\\\/,g;p}' | paste -s -d '|' - ))$""
 unset a_uarr && a_uarr=() # Clear and initialize array
 while read -r l_epu l_eph; do # Populate array with users and user home location
 [[ -n ""$l_epu"" && -n ""$l_eph"" ]] && a_uarr+=(""$l_epu $l_eph"")
 done <<< ""$(awk -v pat=""$l_valid_shells"" -F: '$(NF) ~ pat { print $1 "" "" $(NF-1) }' /etc/passwd)""
 l_asize=""${#a_uarr[@]}"" # Here if we want to look at number of users before proceeding 
 l_maxsize=""1000"" # Maximum number of local interactive users before warning (Default 1,000)
 [ ""$l_asize "" -gt ""$l_maxsize"" ] && echo -e ""\n ** INFO **\n - \""$l_asize\"" Local interactive users found on the system\n - This may be a long running check\n""
 file_access_chk()
 {
 l_facout2=""""
 l_max=""$( printf '%o' $(( 0777 & ~$l_mask)) )""
 if [ $(( $l_mode & $l_mask )) -gt 0 ]; then
 l_facout2=""$l_facout2\n - File: \""$l_hdfile\"" is mode: \""$l_mode\"" and should be mode: \""$l_max\"" or more restrictive""
 fi
 if [[ ! ""$l_owner"" =~ ($l_user) ]]; then
 l_facout2=""$l_facout2\n - File: \""$l_hdfile\"" owned by: \""$l_owner\"" and should be owned by \""${l_user//|/ or }\""""
 fi
 if [[ ! ""$l_gowner"" =~ ($l_group) ]]; then
 l_facout2=""$l_facout2\n - File: \""$l_hdfile\"" group owned by: \""$l_gowner\"" and should be group owned by \""${l_group//|/ or }\""""
 fi
 }
 while read -r l_user l_home; do
 l_fe="""" l_nout2="""" l_nout3="""" l_dfout2="""" l_hdout2="""" l_bhout2=""""
 if [ -d ""$l_home"" ]; then
 l_group=""$(id -gn ""$l_user"" | xargs)""
 l_group=""${l_group// /|}""
 while IFS= read -r -d $'\0' l_hdfile; do
 while read -r l_mode l_owner l_gowner; do
 case ""$(basename ""$l_hdfile"")"" in
 .forward | .rhost )
 l_fe=""Y"" && l_bf=""Y""
 l_dfout2=""$l_dfout2\n - File: \""$l_hdfile\"" exists"" ;;
 .netrc )
 l_mask='0177'
 file_access_chk
 if [ -n ""$l_facout2"" ]; then
 l_fe=""Y"" && l_nf=""Y""
 l_nout2=""$l_facout2""
 else
 l_nout3="" - File: \""$l_hdfile\"" exists""
 fi ;;
 .bash_history )
 l_mask='0177'
 file_access_chk
 if [ -n ""$l_facout2"" ]; then
 l_fe=""Y"" && l_hf=""Y""
 l_bhout2=""$l_facout2""
 fi ;;
 * )
 l_mask='0133'
 file_access_chk
 if [ -n ""$l_facout2"" ]; then
 l_fe=""Y"" && l_df=""Y""
 l_hdout2=""$l_facout2""
 fi ;;
 esac
 done <<< ""$(stat -Lc '%#a %U %G' ""$l_hdfile"")""
 done < <(find ""$l_home"" -xdev -type f -name '.*' -print0)
 fi
 if [ ""$l_fe"" = ""Y"" ]; then
 l_output2=""$l_output2\n - User: \""$l_user\"" Home Directory: \""$l_home\""""
 [ -n ""$l_dfout2"" ] && l_output2=""$l_output2$l_dfout2""
 [ -n ""$l_nout2"" ] && l_output2=""$l_output2$l_nout2""
 [ -n ""$l_bhout2"" ] && l_output2=""$l_output2$l_bhout2""
 [ -n ""$l_hdout2"" ] && l_output2=""$l_output2$l_hdout2""
 fi
 [ -n ""$l_nout3"" ] && l_output3=""$l_output3\n - User: \""$l_user\"" Home Directory: \""$l_home\""\n$l_nout3""
 done <<< ""$(printf '%s\n' ""${a_uarr[@]}"")""
 unset a_uarr # Remove array
 [ -n ""$l_output3"" ] && l_output3="" - ** Warning **\n - \"".netrc\"" files should be removed unless deemed necessary\n and in accordance with local site policy:$l_output3""
 [ -z ""$l_bf"" ] && l_output=""$l_output\n - \"".forward\"" or \"".rhost\"" files""
 [ -z ""$l_nf"" ] && l_output=""$l_output\n - \"".netrc\"" files with incorrect access configured""
 [ -z ""$l_hf"" ] && l_output=""$l_output\n - \"".bash_history\"" files with incorrect access configured""
 [ -z ""$l_df"" ] && l_output=""$l_output\n - \""dot\"" files with incorrect access configured""
 [ -n ""$l_output"" ] && l_output="" - No local interactive users home directories contain:$l_output""
 echo -e ""$l_output4""
 if [ -z ""$l_output2"" ]; then # If l_output2 is empty, we pass
 echo -e ""\n- Audit Result:\n ** PASS **\n - * Correctly configured * :\n$l_output\n""
 echo -e ""$l_output3\n""
 else
 echo -e ""\n- Audit Result:\n ** FAIL **\n - * Reasons for audit failure * :\n$l_output2\n""
 echo -e ""$l_output3\n""
 [ -n ""$l_output"" ] && echo -e ""- * Correctly configured * :\n$l_output\n""
 fi
}
```","Making global modifications to users' files without alerting the user community can result in unexpected outages and unhappy users. Therefore, it is recommended that a monitoring policy be established to report user dot file permissions and determine the action to be taken in accordance with site policy.

The following script will:
- remove excessive permissions on `dot` files within interactive users' home directories
- change ownership of `dot` files within interactive users' home directories to the user
- change group ownership of `dot` files within interactive users' home directories to the user's primary group
- list `.forward` and `.rhost` files to be investigated and manually deleted

```
#!/usr/bin/env bash

{
 l_valid_shells=""^($( awk -F\/ '$NF != ""nologin"" {print}' /etc/shells | sed -rn '/^\//{s,/,\\\\/,g;p}' | paste -s -d '|' - ))$""
 unset a_uarr && a_uarr=() # Clear and initialize array
 while read -r l_epu l_eph; do # Populate array with users and user home location
 [[ -n ""$l_epu"" && -n ""$l_eph"" ]] && a_uarr+=(""$l_epu $l_eph"")
 done <<< ""$(awk -v pat=""$l_valid_shells"" -F: '$(NF) ~ pat { print $1 "" "" $(NF-1) }' /etc/passwd)""
 l_asize=""${#a_uarr[@]}"" # Here if we want to look at number of users before proceeding 
 l_maxsize=""1000"" # Maximum number of local interactive users before warning (Default 1,000)
 [ ""$l_asize "" -gt ""$l_maxsize"" ] && echo -e ""\n ** INFO **\n - \""$l_asize\"" Local interactive users found on the system\n - This may be a long running check\n""
 file_access_fix()
 {
 l_facout2=""""
 l_max=""$( printf '%o' $(( 0777 & ~$l_mask)) )""
 if [ $(( $l_mode & $l_mask )) -gt 0 ]; then
 echo -e "" - File: \""$l_hdfile\"" is mode: \""$l_mode\"" and should be mode: \""$l_max\"" or more restrictive\n - Changing to mode \""$l_max\""""
 chmod ""$l_chp"" ""$l_hdfile""
 fi
 if [[ ! ""$l_owner"" =~ ($l_user) ]]; then
 echo -e "" - File: \""$l_hdfile\"" owned by: \""$l_owner\"" and should be owned by \""${l_user//|/ or }\""\n - Changing ownership to \""$l_user\""""
 chown ""$l_user"" ""$l_hdfile""
 fi
 if [[ ! ""$l_gowner"" =~ ($l_group) ]]; then
 echo -e "" - File: \""$l_hdfile\"" group owned by: \""$l_gowner\"" and should be group owned by \""${l_group//|/ or }\""\n - Changing group ownership to \""$l_group\""""
 chgrp ""$l_group"" ""$l_hdfile""
 fi
 }
 while read -r l_user l_home; do
 if [ -d ""$l_home"" ]; then
 echo -e ""\n - Checking user: \""$l_user\"" home directory: \""$l_home\""""
 l_group=""$(id -gn ""$l_user"" | xargs)""
 l_group=""${l_group// /|}""
 while IFS= read -r -d $'\0' l_hdfile; do
 while read -r l_mode l_owner l_gowner; do
 case ""$(basename ""$l_hdfile"")"" in
 .forward | .rhost )
 echo -e "" - File: \""$l_hdfile\"" exists\n - Please investigate and manually delete \""$l_hdfile\""""
 ;;
 .netrc )
 l_mask='0177'
 l_chp=""u-x,go-rwx""
 file_access_fix ;;
 .bash_history )
 l_mask='0177'
 l_chp=""u-x,go-rwx""
 file_access_fix ;;
 * )
 l_mask='0133'
 l_chp=""u-x,go-wx""
 file_access_fix ;;
 esac
 done <<< ""$(stat -Lc '%#a %U %G' ""$l_hdfile"")""
 done < <(find ""$l_home"" -xdev -type f -name '.*' -print0)
 fi
 done <<< ""$(printf '%s\n' ""${a_uarr[@]}"")""
 unset a_uarr # Remove array
}
```","# [SABC] Red Hat family guidance — family-neutral procedure; the Debian commands (sysctl/systemctl/file/pam checks) run identically on the Red Hat family.
Run the following script to verify local interactive user dot files:
- Don't include `.forward`, `.rhost`, or `.netrc` files
- Are mode 0644 or more restrictive
- Are owned by the local interactive user
- Are group owned by the user's primary group
- `.bash_history` is mode 0600 or more restrictive

**Note:** If a `.netrc` file is required, and follows local site policy, it should have permissions of 600 or more restrictive.

```
#!/usr/bin/env bash

{
 l_output="""" l_output2="""" l_output3="""" l_output4=""""
 l_bf="""" l_df="""" l_nf="""" l_hf=""""
 l_valid_shells=""^($( awk -F\/ '$NF != ""nologin"" {print}' /etc/shells | sed -rn '/^\//{s,/,\\\\/,g;p}' | paste -s -d '|' - ))$""
 unset a_uarr && a_uarr=() # Clear and initialize array
 while read -r l_epu l_eph; do # Populate array with users and user home location
 [[ -n ""$l_epu"" && -n ""$l_eph"" ]] && a_uarr+=(""$l_epu $l_eph"")
 done <<< ""$(awk -v pat=""$l_valid_shells"" -F: '$(NF) ~ pat { print $1 "" "" $(NF-1) }' /etc/passwd)""
 l_asize=""${#a_uarr[@]}"" # Here if we want to look at number of users before proceeding 
 l_maxsize=""1000"" # Maximum number of local interactive users before warning (Default 1,000)
 [ ""$l_asize "" -gt ""$l_maxsize"" ] && echo -e ""\n ** INFO **\n - \""$l_asize\"" Local interactive users found on the system\n - This may be a long running check\n""
 file_access_chk()
 {
 l_facout2=""""
 l_max=""$( printf '%o' $(( 0777 & ~$l_mask)) )""
 if [ $(( $l_mode & $l_mask )) -gt 0 ]; then
 l_facout2=""$l_facout2\n - File: \""$l_hdfile\"" is mode: \""$l_mode\"" and should be mode: \""$l_max\"" or more restrictive""
 fi
 if [[ ! ""$l_owner"" =~ ($l_user) ]]; then
 l_facout2=""$l_facout2\n - File: \""$l_hdfile\"" owned by: \""$l_owner\"" and should be owned by \""${l_user//|/ or }\""""
 fi
 if [[ ! ""$l_gowner"" =~ ($l_group) ]]; then
 l_facout2=""$l_facout2\n - File: \""$l_hdfile\"" group owned by: \""$l_gowner\"" and should be group owned by \""${l_group//|/ or }\""""
 fi
 }
 while read -r l_user l_home; do
 l_fe="""" l_nout2="""" l_nout3="""" l_dfout2="""" l_hdout2="""" l_bhout2=""""
 if [ -d ""$l_home"" ]; then
 l_group=""$(id -gn ""$l_user"" | xargs)""
 l_group=""${l_group// /|}""
 while IFS= read -r -d $'\0' l_hdfile; do
 while read -r l_mode l_owner l_gowner; do
 case ""$(basename ""$l_hdfile"")"" in
 .forward | .rhost )
 l_fe=""Y"" && l_bf=""Y""
 l_dfout2=""$l_dfout2\n - File: \""$l_hdfile\"" exists"" ;;
 .netrc )
 l_mask='0177'
 file_access_chk
 if [ -n ""$l_facout2"" ]; then
 l_fe=""Y"" && l_nf=""Y""
 l_nout2=""$l_facout2""
 else
 l_nout3="" - File: \""$l_hdfile\"" exists""
 fi ;;
 .bash_history )
 l_mask='0177'
 file_access_chk
 if [ -n ""$l_facout2"" ]; then
 l_fe=""Y"" && l_hf=""Y""
 l_bhout2=""$l_facout2""
 fi ;;
 * )
 l_mask='0133'
 file_access_chk
 if [ -n ""$l_facout2"" ]; then
 l_fe=""Y"" && l_df=""Y""
 l_hdout2=""$l_facout2""
 fi ;;
 esac
 done <<< ""$(stat -Lc '%#a %U %G' ""$l_hdfile"")""
 done < <(find ""$l_home"" -xdev -type f -name '.*' -print0)
 fi
 if [ ""$l_fe"" = ""Y"" ]; then
 l_output2=""$l_output2\n - User: \""$l_user\"" Home Directory: \""$l_home\""""
 [ -n ""$l_dfout2"" ] && l_output2=""$l_output2$l_dfout2""
 [ -n ""$l_nout2"" ] && l_output2=""$l_output2$l_nout2""
 [ -n ""$l_bhout2"" ] && l_output2=""$l_output2$l_bhout2""
 [ -n ""$l_hdout2"" ] && l_output2=""$l_output2$l_hdout2""
 fi
 [ -n ""$l_nout3"" ] && l_output3=""$l_output3\n - User: \""$l_user\"" Home Directory: \""$l_home\""\n$l_nout3""
 done <<< ""$(printf '%s\n' ""${a_uarr[@]}"")""
 unset a_uarr # Remove array
 [ -n ""$l_output3"" ] && l_output3="" - ** Warning **\n - \"".netrc\"" files should be removed unless deemed necessary\n and in accordance with local site policy:$l_output3""
 [ -z ""$l_bf"" ] && l_output=""$l_output\n - \"".forward\"" or \"".rhost\"" files""
 [ -z ""$l_nf"" ] && l_output=""$l_output\n - \"".netrc\"" files with incorrect access configured""
 [ -z ""$l_hf"" ] && l_output=""$l_output\n - \"".bash_history\"" files with incorrect access configured""
 [ -z ""$l_df"" ] && l_output=""$l_output\n - \""dot\"" files with incorrect access configured""
 [ -n ""$l_output"" ] && l_output="" - No local interactive users home directories contain:$l_output""
 echo -e ""$l_output4""
 if [ -z ""$l_output2"" ]; then # If l_output2 is empty, we pass
 echo -e ""\n- Audit Result:\n ** PASS **\n - * Correctly configured * :\n$l_output\n""
 echo -e ""$l_output3\n""
 else
 echo -e ""\n- Audit Result:\n ** FAIL **\n - * Reasons for audit failure * :\n$l_output2\n""
 echo -e ""$l_output3\n""
 [ -n ""$l_output"" ] && echo -e ""- * Correctly configured * :\n$l_output\n""
 fi
}
```","# [SABC] Red Hat family guidance — family-neutral procedure; the Debian commands (sysctl/systemctl/file/pam checks) run identically on the Red Hat family.
Making global modifications to users' files without alerting the user community can result in unexpected outages and unhappy users. Therefore, it is recommended that a monitoring policy be established to report user dot file permissions and determine the action to be taken in accordance with site policy.

The following script will:
- remove excessive permissions on `dot` files within interactive users' home directories
- change ownership of `dot` files within interactive users' home directories to the user
- change group ownership of `dot` files within interactive users' home directories to the user's primary group
- list `.forward` and `.rhost` files to be investigated and manually deleted

```
#!/usr/bin/env bash

{
 l_valid_shells=""^($( awk -F\/ '$NF != ""nologin"" {print}' /etc/shells | sed -rn '/^\//{s,/,\\\\/,g;p}' | paste -s -d '|' - ))$""
 unset a_uarr && a_uarr=() # Clear and initialize array
 while read -r l_epu l_eph; do # Populate array with users and user home location
 [[ -n ""$l_epu"" && -n ""$l_eph"" ]] && a_uarr+=(""$l_epu $l_eph"")
 done <<< ""$(awk -v pat=""$l_valid_shells"" -F: '$(NF) ~ pat { print $1 "" "" $(NF-1) }' /etc/passwd)""
 l_asize=""${#a_uarr[@]}"" # Here if we want to look at number of users before proceeding 
 l_maxsize=""1000"" # Maximum number of local interactive users before warning (Default 1,000)
 [ ""$l_asize "" -gt ""$l_maxsize"" ] && echo -e ""\n ** INFO **\n - \""$l_asize\"" Local interactive users found on the system\n - This may be a long running check\n""
 file_access_fix()
 {
 l_facout2=""""
 l_max=""$( printf '%o' $(( 0777 & ~$l_mask)) )""
 if [ $(( $l_mode & $l_mask )) -gt 0 ]; then
 echo -e "" - File: \""$l_hdfile\"" is mode: \""$l_mode\"" and should be mode: \""$l_max\"" or more restrictive\n - Changing to mode \""$l_max\""""
 chmod ""$l_chp"" ""$l_hdfile""
 fi
 if [[ ! ""$l_owner"" =~ ($l_user) ]]; then
 echo -e "" - File: \""$l_hdfile\"" owned by: \""$l_owner\"" and should be owned by \""${l_user//|/ or }\""\n - Changing ownership to \""$l_user\""""
 chown ""$l_user"" ""$l_hdfile""
 fi
 if [[ ! ""$l_gowner"" =~ ($l_group) ]]; then
 echo -e "" - File: \""$l_hdfile\"" group owned by: \""$l_gowner\"" and should be group owned by \""${l_group//|/ or }\""\n - Changing group ownership to \""$l_group\""""
 chgrp ""$l_group"" ""$l_hdfile""
 fi
 }
 while read -r l_user l_home; do
 if [ -d ""$l_home"" ]; then
 echo -e ""\n - Checking user: \""$l_user\"" home directory: \""$l_home\""""
 l_group=""$(id -gn ""$l_user"" | xargs)""
 l_group=""${l_group// /|}""
 while IFS= read -r -d $'\0' l_hdfile; do
 while read -r l_mode l_owner l_gowner; do
 case ""$(basename ""$l_hdfile"")"" in
 .forward | .rhost )
 echo -e "" - File: \""$l_hdfile\"" exists\n - Please investigate and manually delete \""$l_hdfile\""""
 ;;
 .netrc )
 l_mask='0177'
 l_chp=""u-x,go-rwx""
 file_access_fix ;;
 .bash_history )
 l_mask='0177'
 l_chp=""u-x,go-rwx""
 file_access_fix ;;
 * )
 l_mask='0133'
 l_chp=""u-x,go-wx""
 file_access_fix ;;
 esac
 done <<< ""$(stat -Lc '%#a %U %G' ""$l_hdfile"")""
 done < <(find ""$l_home"" -xdev -type f -name '.*' -print0)
 fi
 done <<< ""$(printf '%s\n' ""${a_uarr[@]}"")""
 unset a_uarr # Remove array
}
```"
JR2.1.2.0.1,jr2_1_2_0_1,section,Logging,Local Logging,debian;redhat,,,,Security event logs are retained locally and retained in the /var/log/auth.log,,,,,
JR2.1.2.0.2,jr2_1_2_0_2,section,Logging,Remote Logging,debian;redhat,,,,Security event logs are forwarded to a remote and secure syslog server.,,,,,
JR2.5.0.0,jr2_5_0_0,section,Privileged Authorizations / Userids,Note,debian;redhat,,,,Description of privileged IDs: The rows in Section 5 below describe the list of Userids or groups that have Privileged authority.,,,,,
JR2.5.0.1,jr2_5_0_1,section,Privileged Authorizations / Userids,Persons with access to the 'root' user account.,debian;redhat,,,,"Root is always considered a privileged id; anyone with access to the id via password or a privilege management tool, such as sudo, is considered a privileged user.",It is critical that access to root be carefully managed.,"Ensure a process is in place to verify continued access to root passwords, particularly in the case where the password is accessed via shared password facility.",Ensure timely removal from shared password facilities.,,
JR2.5.0.2,jr2_5_0_2,section,Privileged Authorizations / Userids,Userid privileged by group membership.,debian;redhat,,,,Userids in any group identified in section JR2.5.0.4 be treated as privileged.,It is critical that privilege access be carefully managed.,Not applicable; this information is used by ID provisioning to define userid's subject to periodic revalidation of privilege as well as for the rules defining OSR ownership.,No value to be set,,
JR2.5.0.3,jr2_5_0_3,section,Privileged Authorizations / Userids,Userid privileged by UID designation.,debian;redhat,,,,"Ensuring OSRs are owned by privileged IDs.

Note: SYS_UID_MAX and UID_MIN are settings found in /etc/login.defs.

A userid with a UID which is less than or equal to SYS_UID_MAX is considered privileged.
If SYS_UID_MAX is not set, then a userid with a UID which is less than UID_MIN.

Note: It is not valid for an OSR to be owned by a UID which does not have a userid defined to it with in /etc/passwd.","It is critical that privilege access be carefully managed.
While this criteria can be modified per customer definitions, if Sys Uid Max is set to a different value, it is important to verify any ids created prior to a system having a change from default are properly adjusted to reflect grant or denial of privilege.",Not applicable; this information is used by ID provisioning to define userid's subject to periodic revalidation of privilege as well as for the rules defining OSR ownership.,No value to be set,,
JR2.5.0.4,jr2_5_0_4,section,Privileged Authorizations / Userids,Groups privileged by GID designation.,debian;redhat,,,,"Ensuring OSRs are owned by privileged groups.

Note: SYS_GID_MAX and GID_MIN are settings found in /etc/login.defs.

A group with a GID which is less than or equal to SYS_GID_MAX.
If SYS_GID_MAX is not set, then a group with a GID which is less than GID_MIN.
Exception: The group 'users' will have a GID of 100, and is not a group permitted to own an OSR.

Note: It is not valid for an OSR to be owned by a gid which does not have a group defined to it with in /etc/group.","It is critical that privilege access be carefully managed.
While this criteria can be modified per customer definitions, if SYS GID Max is set to a different value, it is important to verify any groups created prior to a system having a change from default are properly adjusted to reflect grant or denial of privilege.",Not applicable; this information is used by ID provisioning to define userid's subject to periodic revalidation of privilege as well as for the rules defining OSR ownership.,No value to be set,,
